

Microchip MPLAB XC8 Assembler V3.10 build 20250813170317 
                                                                                               Mon Jun  8 17:06:24 2026

Microchip MPLAB XC8 C Compiler v3.10 (Free license) build 20250813170317 Og1 
     1                           	processor	18F4580
     2                           	fnconf	rparam,??,?,0
     3                           	pagewidth 120
     4                           	opt	flic
     5                           	psect	idataCOMRAM,global,class=CODE,space=0,delta=1,noexec
     6                           	psect	smallconst,global,reloc=2,class=SMALLCONST,space=0,delta=1,noexec
     7                           	psect	cinit,global,reloc=2,class=CODE,space=0,delta=1
     8                           	psect	bssCOMRAM,global,class=COMRAM,space=1,delta=1,lowdata,noexec
     9                           	psect	dataCOMRAM,global,class=COMRAM,space=1,delta=1,lowdata,noexec
    10                           	psect	cstackCOMRAM,global,class=COMRAM,space=1,delta=1,lowdata,noexec
    11                           	psect	text0,global,reloc=2,class=CODE,space=0,delta=1
    12                           	psect	text1,global,reloc=2,class=CODE,space=0,delta=1
    13                           	psect	text2,global,reloc=2,class=CODE,space=0,delta=1,group=1
    14                           	psect	text3,global,reloc=2,class=CODE,space=0,delta=1,group=1
    15                           	psect	text4,global,reloc=2,class=CODE,space=0,delta=1
    16                           	psect	text5,global,reloc=2,class=CODE,space=0,delta=1
    17                           	psect	text6,global,reloc=2,class=CODE,space=0,delta=1
    18                           	psect	text7,global,reloc=2,class=CODE,space=0,delta=1
    19                           	psect	text8,global,reloc=2,class=CODE,space=0,delta=1
    20                           	psect	text9,global,reloc=2,class=CODE,space=0,delta=1
    21                           	psect	text10,global,reloc=2,class=CODE,space=0,delta=1
    22                           	psect	text11,global,reloc=2,class=CODE,space=0,delta=1
    23                           	psect	text12,global,reloc=2,class=CODE,space=0,delta=1
    24                           	psect	text13,global,reloc=2,class=CODE,space=0,delta=1
    25                           	psect	text14,global,reloc=2,class=CODE,space=0,delta=1
    26                           	psect	text15,global,reloc=2,class=CODE,space=0,delta=1,group=1
    27                           	psect	text16,global,reloc=2,class=CODE,space=0,delta=1,group=1
    28                           	psect	intcode,global,reloc=2,class=CODE,space=0,delta=1
    29                           	psect	intcode_body,global,reloc=2,class=CODE,space=0,delta=1
    30                           	psect	intsave_regs,global,class=BIGRAM,space=1,delta=1,noexec
    31                           	psect	rparam,global,class=COMRAM,space=1,delta=1,noexec
    32                           	dabs	1,0x1,1
    33   000000                     
    34                           ; Generated 17/01/2025 GMT
    35                           ; 
    36                           ; Copyright © 2025, Microchip Technology Inc. and its subsidiaries ("Microchip")
    37                           ; All rights reserved.
    38                           ; 
    39                           ; This software is developed by Microchip Technology Inc. and its subsidiaries ("Microch
      +                          ip").
    40                           ; 
    41                           ; Redistribution and use in source and binary forms, with or without modification, are
    42                           ; permitted provided that the following conditions are met:
    43                           ; 
    44                           ;     1. Redistributions of source code must retain the above copyright notice, this lis
      +                          t of
    45                           ;        conditions and the following disclaimer.
    46                           ; 
    47                           ;     2. Redistributions in binary form must reproduce the above copyright notice, this 
      +                          list
    48                           ;        of conditions and the following disclaimer in the documentation and/or other
    49                           ;        materials provided with the distribution. Publication is not required when
    50                           ;        this file is used in an embedded application.
    51                           ; 
    52                           ;     3. Microchip's name may not be used to endorse or promote products derived from th
      +                          is
    53                           ;        software without specific prior written permission.
    54                           ; 
    55                           ; THIS SOFTWARE IS PROVIDED BY MICROCHIP "AS IS" AND ANY EXPRESS OR IMPLIED WARRANTIES,
    56                           ; INCLUDING, BUT NOT LIMITED TO, THE IMPLIED WARRANTIES OF MERCHANTABILITY AND FITNESS F
      +                          OR
    57                           ; PURPOSE ARE DISCLAIMED.  IN NO EVENT SHALL MICROCHIP BE LIABLE FOR ANY DIRECT, INDIREC
      +                          T,
    58                           ; INCIDENTAL, SPECIAL, EXEMPLARY, OR CONSEQUENTIAL DAMAGES (INCLUDING BUT NOT LIMITED TO
    59                           ; PROCUREMENT OF SUBSTITUTE GOODS OR SERVICES; LOSS OF USE, DATA OR PROFITS; OR BUSINESS
    60                           ; INTERRUPTION) HOWSOEVER CAUSED AND ON ANY THEORY OF LIABILITY, WHETHER IN CONTRACT, ST
      +                          RICT
    61                           ; LIABILITY, OR TORT (INCLUDING NEGLIGENCE OR OTHERWISE) ARISING IN ANY WAY OUT OF THE U
      +                          SE OF
    62                           ; THIS SOFTWARE, EVEN IF ADVISED OF THE POSSIBILITY OF SUCH DAMAGE.
    63                           ; 
    64                           ; 
    65                           ; Code-generator required, PIC18F4580 Definitions
    66                           ; 
    67                           ; SFR Addresses
    68   000FE0                     bsr             equ	4064
    69   000FE9                     fsr0            equ	4073
    70   000FEA                     fsr0h           equ	4074
    71   000FE9                     fsr0l           equ	4073
    72   000FE1                     fsr1            equ	4065
    73   000FE2                     fsr1h           equ	4066
    74   000FE1                     fsr1l           equ	4065
    75   000FD9                     fsr2            equ	4057
    76   000FDA                     fsr2h           equ	4058
    77   000FD9                     fsr2l           equ	4057
    78   000FEF                     indf0           equ	4079
    79   000FE7                     indf1           equ	4071
    80   000FDF                     indf2           equ	4063
    81   000FF2                     intcon          equ	4082
    82   000000                     nvmcon          equ	0
    83   000FF9                     pcl             equ	4089
    84   000FFA                     pclath          equ	4090
    85   000FFB                     pclatu          equ	4091
    86   000FEB                     plusw0          equ	4075
    87   000FE3                     plusw1          equ	4067
    88   000FDB                     plusw2          equ	4059
    89   000FED                     postdec0        equ	4077
    90   000FE5                     postdec1        equ	4069
    91   000FDD                     postdec2        equ	4061
    92   000FEE                     postinc0        equ	4078
    93   000FE6                     postinc1        equ	4070
    94   000FDE                     postinc2        equ	4062
    95   000FEC                     preinc0         equ	4076
    96   000FE4                     preinc1         equ	4068
    97   000FDC                     preinc2         equ	4060
    98   000FF3                     prod            equ	4083
    99   000FF4                     prodh           equ	4084
   100   000FF3                     prodl           equ	4083
   101   000FD8                     status          equ	4056
   102   000FF5                     tablat          equ	4085
   103   000FF6                     tblptr          equ	4086
   104   000FF7                     tblptrh         equ	4087
   105   000FF6                     tblptrl         equ	4086
   106   000FF8                     tblptru         equ	4088
   107   000FFD                     tosl            equ	4093
   108   000FE8                     wreg            equ	4072
   109   000D60                     RXF6SIDH        equ	3424	;# 
   110   000D61                     RXF6SIDL        equ	3425	;# 
   111   000D62                     RXF6EIDH        equ	3426	;# 
   112   000D63                     RXF6EIDL        equ	3427	;# 
   113   000D64                     RXF7SIDH        equ	3428	;# 
   114   000D65                     RXF7SIDL        equ	3429	;# 
   115   000D66                     RXF7EIDH        equ	3430	;# 
   116   000D67                     RXF7EIDL        equ	3431	;# 
   117   000D68                     RXF8SIDH        equ	3432	;# 
   118   000D69                     RXF8SIDL        equ	3433	;# 
   119   000D6A                     RXF8EIDH        equ	3434	;# 
   120   000D6B                     RXF8EIDL        equ	3435	;# 
   121   000D70                     RXF9SIDH        equ	3440	;# 
   122   000D71                     RXF9SIDL        equ	3441	;# 
   123   000D72                     RXF9EIDH        equ	3442	;# 
   124   000D73                     RXF9EIDL        equ	3443	;# 
   125   000D74                     RXF10SIDH       equ	3444	;# 
   126   000D75                     RXF10SIDL       equ	3445	;# 
   127   000D76                     RXF10EIDH       equ	3446	;# 
   128   000D77                     RXF10EIDL       equ	3447	;# 
   129   000D78                     RXF11SIDH       equ	3448	;# 
   130   000D79                     RXF11SIDL       equ	3449	;# 
   131   000D7A                     RXF11EIDH       equ	3450	;# 
   132   000D7B                     RXF11EIDL       equ	3451	;# 
   133   000D80                     RXF12SIDH       equ	3456	;# 
   134   000D81                     RXF12SIDL       equ	3457	;# 
   135   000D82                     RXF12EIDH       equ	3458	;# 
   136   000D83                     RXF12EIDL       equ	3459	;# 
   137   000D84                     RXF13SIDH       equ	3460	;# 
   138   000D85                     RXF13SIDL       equ	3461	;# 
   139   000D86                     RXF13EIDH       equ	3462	;# 
   140   000D87                     RXF13EIDL       equ	3463	;# 
   141   000D88                     RXF14SIDH       equ	3464	;# 
   142   000D89                     RXF14SIDL       equ	3465	;# 
   143   000D8A                     RXF14EIDH       equ	3466	;# 
   144   000D8B                     RXF14EIDL       equ	3467	;# 
   145   000D90                     RXF15SIDH       equ	3472	;# 
   146   000D91                     RXF15SIDL       equ	3473	;# 
   147   000D92                     RXF15EIDH       equ	3474	;# 
   148   000D93                     RXF15EIDL       equ	3475	;# 
   149   000DD4                     RXFCON0         equ	3540	;# 
   150   000DD5                     RXFCON1         equ	3541	;# 
   151   000DD8                     SDFLC           equ	3544	;# 
   152   000DE0                     RXFBCON0        equ	3552	;# 
   153   000DE1                     RXFBCON1        equ	3553	;# 
   154   000DE2                     RXFBCON2        equ	3554	;# 
   155   000DE3                     RXFBCON3        equ	3555	;# 
   156   000DE4                     RXFBCON4        equ	3556	;# 
   157   000DE5                     RXFBCON5        equ	3557	;# 
   158   000DE6                     RXFBCON6        equ	3558	;# 
   159   000DE7                     RXFBCON7        equ	3559	;# 
   160   000DF0                     MSEL0           equ	3568	;# 
   161   000DF1                     MSEL1           equ	3569	;# 
   162   000DF2                     MSEL2           equ	3570	;# 
   163   000DF3                     MSEL3           equ	3571	;# 
   164   000DF8                     BSEL0           equ	3576	;# 
   165   000DFA                     BIE0            equ	3578	;# 
   166   000DFC                     TXBIE           equ	3580	;# 
   167   000E20                     B0CON           equ	3616	;# 
   168   000E21                     B0SIDH          equ	3617	;# 
   169   000E22                     B0SIDL          equ	3618	;# 
   170   000E23                     B0EIDH          equ	3619	;# 
   171   000E24                     B0EIDL          equ	3620	;# 
   172   000E25                     B0DLC           equ	3621	;# 
   173   000E26                     B0D0            equ	3622	;# 
   174   000E27                     B0D1            equ	3623	;# 
   175   000E28                     B0D2            equ	3624	;# 
   176   000E29                     B0D3            equ	3625	;# 
   177   000E2A                     B0D4            equ	3626	;# 
   178   000E2B                     B0D5            equ	3627	;# 
   179   000E2C                     B0D6            equ	3628	;# 
   180   000E2D                     B0D7            equ	3629	;# 
   181   000E2E                     CANSTAT_RO9     equ	3630	;# 
   182   000E2F                     CANCON_RO9      equ	3631	;# 
   183   000E30                     B1CON           equ	3632	;# 
   184   000E31                     B1SIDH          equ	3633	;# 
   185   000E32                     B1SIDL          equ	3634	;# 
   186   000E33                     B1EIDH          equ	3635	;# 
   187   000E34                     B1EIDL          equ	3636	;# 
   188   000E35                     B1DLC           equ	3637	;# 
   189   000E36                     B1D0            equ	3638	;# 
   190   000E37                     B1D1            equ	3639	;# 
   191   000E38                     B1D2            equ	3640	;# 
   192   000E39                     B1D3            equ	3641	;# 
   193   000E3A                     B1D4            equ	3642	;# 
   194   000E3B                     B1D5            equ	3643	;# 
   195   000E3C                     B1D6            equ	3644	;# 
   196   000E3D                     B1D7            equ	3645	;# 
   197   000E3E                     CANSTAT_RO8     equ	3646	;# 
   198   000E3F                     CANCON_RO8      equ	3647	;# 
   199   000E40                     B2CON           equ	3648	;# 
   200   000E41                     B2SIDH          equ	3649	;# 
   201   000E42                     B2SIDL          equ	3650	;# 
   202   000E43                     B2EIDH          equ	3651	;# 
   203   000E44                     B2EIDL          equ	3652	;# 
   204   000E45                     B2DLC           equ	3653	;# 
   205   000E46                     B2D0            equ	3654	;# 
   206   000E47                     B2D1            equ	3655	;# 
   207   000E48                     B2D2            equ	3656	;# 
   208   000E49                     B2D3            equ	3657	;# 
   209   000E4A                     B2D4            equ	3658	;# 
   210   000E4B                     B2D5            equ	3659	;# 
   211   000E4C                     B2D6            equ	3660	;# 
   212   000E4D                     B2D7            equ	3661	;# 
   213   000E4E                     CANSTAT_RO7     equ	3662	;# 
   214   000E4F                     CANCON_RO7      equ	3663	;# 
   215   000E50                     B3CON           equ	3664	;# 
   216   000E51                     B3SIDH          equ	3665	;# 
   217   000E52                     B3SIDL          equ	3666	;# 
   218   000E53                     B3EIDH          equ	3667	;# 
   219   000E54                     B3EIDL          equ	3668	;# 
   220   000E55                     B3DLC           equ	3669	;# 
   221   000E56                     B3D0            equ	3670	;# 
   222   000E57                     B3D1            equ	3671	;# 
   223   000E58                     B3D2            equ	3672	;# 
   224   000E59                     B3D3            equ	3673	;# 
   225   000E5A                     B3D4            equ	3674	;# 
   226   000E5B                     B3D5            equ	3675	;# 
   227   000E5C                     B3D6            equ	3676	;# 
   228   000E5D                     B3D7            equ	3677	;# 
   229   000E5E                     CANSTAT_RO6     equ	3678	;# 
   230   000E5F                     CANCON_RO6      equ	3679	;# 
   231   000E60                     B4CON           equ	3680	;# 
   232   000E61                     B4SIDH          equ	3681	;# 
   233   000E62                     B4SIDL          equ	3682	;# 
   234   000E63                     B4EIDH          equ	3683	;# 
   235   000E64                     B4EIDL          equ	3684	;# 
   236   000E65                     B4DLC           equ	3685	;# 
   237   000E66                     B4D0            equ	3686	;# 
   238   000E67                     B4D1            equ	3687	;# 
   239   000E68                     B4D2            equ	3688	;# 
   240   000E69                     B4D3            equ	3689	;# 
   241   000E6A                     B4D4            equ	3690	;# 
   242   000E6B                     B4D5            equ	3691	;# 
   243   000E6C                     B4D6            equ	3692	;# 
   244   000E6D                     B4D7            equ	3693	;# 
   245   000E6E                     CANSTAT_RO5     equ	3694	;# 
   246   000E6F                     CANCON_RO5      equ	3695	;# 
   247   000E70                     B5CON           equ	3696	;# 
   248   000E71                     B5SIDH          equ	3697	;# 
   249   000E72                     B5SIDL          equ	3698	;# 
   250   000E73                     B5EIDH          equ	3699	;# 
   251   000E74                     B5EIDL          equ	3700	;# 
   252   000E75                     B5DLC           equ	3701	;# 
   253   000E76                     B5D0            equ	3702	;# 
   254   000E77                     B5D1            equ	3703	;# 
   255   000E78                     B5D2            equ	3704	;# 
   256   000E79                     B5D3            equ	3705	;# 
   257   000E7A                     B5D4            equ	3706	;# 
   258   000E7B                     B5D5            equ	3707	;# 
   259   000E7C                     B5D6            equ	3708	;# 
   260   000E7D                     B5D7            equ	3709	;# 
   261   000E7E                     CANSTAT_RO4     equ	3710	;# 
   262   000E7F                     CANCON_RO4      equ	3711	;# 
   263   000F00                     RXF0SIDH        equ	3840	;# 
   264   000F01                     RXF0SIDL        equ	3841	;# 
   265   000F02                     RXF0EIDH        equ	3842	;# 
   266   000F03                     RXF0EIDL        equ	3843	;# 
   267   000F04                     RXF1SIDH        equ	3844	;# 
   268   000F05                     RXF1SIDL        equ	3845	;# 
   269   000F06                     RXF1EIDH        equ	3846	;# 
   270   000F07                     RXF1EIDL        equ	3847	;# 
   271   000F08                     RXF2SIDH        equ	3848	;# 
   272   000F09                     RXF2SIDL        equ	3849	;# 
   273   000F0A                     RXF2EIDH        equ	3850	;# 
   274   000F0B                     RXF2EIDL        equ	3851	;# 
   275   000F0C                     RXF3SIDH        equ	3852	;# 
   276   000F0D                     RXF3SIDL        equ	3853	;# 
   277   000F0E                     RXF3EIDH        equ	3854	;# 
   278   000F0F                     RXF3EIDL        equ	3855	;# 
   279   000F10                     RXF4SIDH        equ	3856	;# 
   280   000F11                     RXF4SIDL        equ	3857	;# 
   281   000F12                     RXF4EIDH        equ	3858	;# 
   282   000F13                     RXF4EIDL        equ	3859	;# 
   283   000F14                     RXF5SIDH        equ	3860	;# 
   284   000F15                     RXF5SIDL        equ	3861	;# 
   285   000F16                     RXF5EIDH        equ	3862	;# 
   286   000F17                     RXF5EIDL        equ	3863	;# 
   287   000F18                     RXM0SIDH        equ	3864	;# 
   288   000F19                     RXM0SIDL        equ	3865	;# 
   289   000F1A                     RXM0EIDH        equ	3866	;# 
   290   000F1B                     RXM0EIDL        equ	3867	;# 
   291   000F1C                     RXM1SIDH        equ	3868	;# 
   292   000F1D                     RXM1SIDL        equ	3869	;# 
   293   000F1E                     RXM1EIDH        equ	3870	;# 
   294   000F1F                     RXM1EIDL        equ	3871	;# 
   295   000F20                     TXB2CON         equ	3872	;# 
   296   000F21                     TXB2SIDH        equ	3873	;# 
   297   000F22                     TXB2SIDL        equ	3874	;# 
   298   000F23                     TXB2EIDH        equ	3875	;# 
   299   000F24                     TXB2EIDL        equ	3876	;# 
   300   000F25                     TXB2DLC         equ	3877	;# 
   301   000F26                     TXB2D0          equ	3878	;# 
   302   000F27                     TXB2D1          equ	3879	;# 
   303   000F28                     TXB2D2          equ	3880	;# 
   304   000F29                     TXB2D3          equ	3881	;# 
   305   000F2A                     TXB2D4          equ	3882	;# 
   306   000F2B                     TXB2D5          equ	3883	;# 
   307   000F2C                     TXB2D6          equ	3884	;# 
   308   000F2D                     TXB2D7          equ	3885	;# 
   309   000F2E                     CANSTAT_RO3     equ	3886	;# 
   310   000F2F                     CANCON_RO3      equ	3887	;# 
   311   000F30                     TXB1CON         equ	3888	;# 
   312   000F31                     TXB1SIDH        equ	3889	;# 
   313   000F32                     TXB1SIDL        equ	3890	;# 
   314   000F33                     TXB1EIDH        equ	3891	;# 
   315   000F34                     TXB1EIDL        equ	3892	;# 
   316   000F35                     TXB1DLC         equ	3893	;# 
   317   000F36                     TXB1D0          equ	3894	;# 
   318   000F37                     TXB1D1          equ	3895	;# 
   319   000F38                     TXB1D2          equ	3896	;# 
   320   000F39                     TXB1D3          equ	3897	;# 
   321   000F3A                     TXB1D4          equ	3898	;# 
   322   000F3B                     TXB1D5          equ	3899	;# 
   323   000F3C                     TXB1D6          equ	3900	;# 
   324   000F3D                     TXB1D7          equ	3901	;# 
   325   000F3E                     CANSTAT_RO2     equ	3902	;# 
   326   000F3F                     CANCON_RO2      equ	3903	;# 
   327   000F40                     TXB0CON         equ	3904	;# 
   328   000F41                     TXB0SIDH        equ	3905	;# 
   329   000F42                     TXB0SIDL        equ	3906	;# 
   330   000F43                     TXB0EIDH        equ	3907	;# 
   331   000F44                     TXB0EIDL        equ	3908	;# 
   332   000F45                     TXB0DLC         equ	3909	;# 
   333   000F46                     TXB0D0          equ	3910	;# 
   334   000F47                     TXB0D1          equ	3911	;# 
   335   000F48                     TXB0D2          equ	3912	;# 
   336   000F49                     TXB0D3          equ	3913	;# 
   337   000F4A                     TXB0D4          equ	3914	;# 
   338   000F4B                     TXB0D5          equ	3915	;# 
   339   000F4C                     TXB0D6          equ	3916	;# 
   340   000F4D                     TXB0D7          equ	3917	;# 
   341   000F4E                     CANSTAT_RO1     equ	3918	;# 
   342   000F4F                     CANCON_RO1      equ	3919	;# 
   343   000F50                     RXB1CON         equ	3920	;# 
   344   000F51                     RXB1SIDH        equ	3921	;# 
   345   000F52                     RXB1SIDL        equ	3922	;# 
   346   000F53                     RXB1EIDH        equ	3923	;# 
   347   000F54                     RXB1EIDL        equ	3924	;# 
   348   000F55                     RXB1DLC         equ	3925	;# 
   349   000F56                     RXB1D0          equ	3926	;# 
   350   000F57                     RXB1D1          equ	3927	;# 
   351   000F58                     RXB1D2          equ	3928	;# 
   352   000F59                     RXB1D3          equ	3929	;# 
   353   000F5A                     RXB1D4          equ	3930	;# 
   354   000F5B                     RXB1D5          equ	3931	;# 
   355   000F5C                     RXB1D6          equ	3932	;# 
   356   000F5D                     RXB1D7          equ	3933	;# 
   357   000F5E                     CANSTAT_RO0     equ	3934	;# 
   358   000F5F                     CANCON_RO0      equ	3935	;# 
   359   000F60                     RXB0CON         equ	3936	;# 
   360   000F61                     RXB0SIDH        equ	3937	;# 
   361   000F62                     RXB0SIDL        equ	3938	;# 
   362   000F63                     RXB0EIDH        equ	3939	;# 
   363   000F64                     RXB0EIDL        equ	3940	;# 
   364   000F65                     RXB0DLC         equ	3941	;# 
   365   000F66                     RXB0D0          equ	3942	;# 
   366   000F67                     RXB0D1          equ	3943	;# 
   367   000F68                     RXB0D2          equ	3944	;# 
   368   000F69                     RXB0D3          equ	3945	;# 
   369   000F6A                     RXB0D4          equ	3946	;# 
   370   000F6B                     RXB0D5          equ	3947	;# 
   371   000F6C                     RXB0D6          equ	3948	;# 
   372   000F6D                     RXB0D7          equ	3949	;# 
   373   000F6E                     CANSTAT         equ	3950	;# 
   374   000F6F                     CANCON          equ	3951	;# 
   375   000F70                     BRGCON1         equ	3952	;# 
   376   000F71                     BRGCON2         equ	3953	;# 
   377   000F72                     BRGCON3         equ	3954	;# 
   378   000F73                     CIOCON          equ	3955	;# 
   379   000F74                     COMSTAT         equ	3956	;# 
   380   000F75                     RXERRCNT        equ	3957	;# 
   381   000F76                     TXERRCNT        equ	3958	;# 
   382   000F77                     ECANCON         equ	3959	;# 
   383   000F80                     PORTA           equ	3968	;# 
   384   000F81                     PORTB           equ	3969	;# 
   385   000F82                     PORTC           equ	3970	;# 
   386   000F83                     PORTD           equ	3971	;# 
   387   000F84                     PORTE           equ	3972	;# 
   388   000F89                     LATA            equ	3977	;# 
   389   000F8A                     LATB            equ	3978	;# 
   390   000F8B                     LATC            equ	3979	;# 
   391   000F8C                     LATD            equ	3980	;# 
   392   000F8D                     LATE            equ	3981	;# 
   393   000F92                     TRISA           equ	3986	;# 
   394   000F92                     DDRA            equ	3986	;# 
   395   000F93                     TRISB           equ	3987	;# 
   396   000F93                     DDRB            equ	3987	;# 
   397   000F94                     TRISC           equ	3988	;# 
   398   000F94                     DDRC            equ	3988	;# 
   399   000F95                     TRISD           equ	3989	;# 
   400   000F95                     DDRD            equ	3989	;# 
   401   000F96                     TRISE           equ	3990	;# 
   402   000F96                     DDRE            equ	3990	;# 
   403   000F9B                     OSCTUNE         equ	3995	;# 
   404   000F9D                     PIE1            equ	3997	;# 
   405   000F9E                     PIR1            equ	3998	;# 
   406   000F9F                     IPR1            equ	3999	;# 
   407   000FA0                     PIE2            equ	4000	;# 
   408   000FA1                     PIR2            equ	4001	;# 
   409   000FA2                     IPR2            equ	4002	;# 
   410   000FA3                     PIE3            equ	4003	;# 
   411   000FA4                     PIR3            equ	4004	;# 
   412   000FA5                     IPR3            equ	4005	;# 
   413   000FA6                     EECON1          equ	4006	;# 
   414   000FA7                     EECON2          equ	4007	;# 
   415   000FA8                     EEDATA          equ	4008	;# 
   416   000FA9                     EEADR           equ	4009	;# 
   417   000FAB                     RCSTA           equ	4011	;# 
   418   000FAB                     RCSTA1          equ	4011	;# 
   419   000FAC                     TXSTA           equ	4012	;# 
   420   000FAC                     TXSTA1          equ	4012	;# 
   421   000FAD                     TXREG           equ	4013	;# 
   422   000FAD                     TXREG1          equ	4013	;# 
   423   000FAE                     RCREG           equ	4014	;# 
   424   000FAE                     RCREG1          equ	4014	;# 
   425   000FAF                     SPBRG           equ	4015	;# 
   426   000FAF                     SPBRG1          equ	4015	;# 
   427   000FB0                     SPBRGH          equ	4016	;# 
   428   000FB1                     T3CON           equ	4017	;# 
   429   000FB2                     TMR3            equ	4018	;# 
   430   000FB2                     TMR3L           equ	4018	;# 
   431   000FB3                     TMR3H           equ	4019	;# 
   432   000FB4                     CMCON           equ	4020	;# 
   433   000FB5                     CVRCON          equ	4021	;# 
   434   000FB6                     ECCP1AS         equ	4022	;# 
   435   000FB7                     ECCP1DEL        equ	4023	;# 
   436   000FB8                     BAUDCON         equ	4024	;# 
   437   000FB8                     BAUDCTL         equ	4024	;# 
   438   000FBA                     ECCP1CON        equ	4026	;# 
   439   000FBB                     ECCPR1          equ	4027	;# 
   440   000FBB                     ECCPR1L         equ	4027	;# 
   441   000FBC                     ECCPR1H         equ	4028	;# 
   442   000FBD                     CCP1CON         equ	4029	;# 
   443   000FBE                     CCPR1           equ	4030	;# 
   444   000FBE                     CCPR1L          equ	4030	;# 
   445   000FBF                     CCPR1H          equ	4031	;# 
   446   000FC0                     ADCON2          equ	4032	;# 
   447   000FC1                     ADCON1          equ	4033	;# 
   448   000FC2                     ADCON0          equ	4034	;# 
   449   000FC3                     ADRES           equ	4035	;# 
   450   000FC3                     ADRESL          equ	4035	;# 
   451   000FC4                     ADRESH          equ	4036	;# 
   452   000FC5                     SSPCON2         equ	4037	;# 
   453   000FC6                     SSPCON1         equ	4038	;# 
   454   000FC7                     SSPSTAT         equ	4039	;# 
   455   000FC8                     SSPADD          equ	4040	;# 
   456   000FC9                     SSPBUF          equ	4041	;# 
   457   000FCA                     T2CON           equ	4042	;# 
   458   000FCB                     PR2             equ	4043	;# 
   459   000FCB                     MEMCON          equ	4043	;# 
   460   000FCC                     TMR2            equ	4044	;# 
   461   000FCD                     T1CON           equ	4045	;# 
   462   000FCE                     TMR1            equ	4046	;# 
   463   000FCE                     TMR1L           equ	4046	;# 
   464   000FCF                     TMR1H           equ	4047	;# 
   465   000FD0                     RCON            equ	4048	;# 
   466   000FD1                     WDTCON          equ	4049	;# 
   467   000FD2                     HLVDCON         equ	4050	;# 
   468   000FD2                     LVDCON          equ	4050	;# 
   469   000FD3                     OSCCON          equ	4051	;# 
   470   000FD5                     T0CON           equ	4053	;# 
   471   000FD6                     TMR0            equ	4054	;# 
   472   000FD6                     TMR0L           equ	4054	;# 
   473   000FD7                     TMR0H           equ	4055	;# 
   474   000FD8                     STATUS          equ	4056	;# 
   475   000FD9                     FSR2            equ	4057	;# 
   476   000FD9                     FSR2L           equ	4057	;# 
   477   000FDA                     FSR2H           equ	4058	;# 
   478   000FDB                     PLUSW2          equ	4059	;# 
   479   000FDC                     PREINC2         equ	4060	;# 
   480   000FDD                     POSTDEC2        equ	4061	;# 
   481   000FDE                     POSTINC2        equ	4062	;# 
   482   000FDF                     INDF2           equ	4063	;# 
   483   000FE0                     BSR             equ	4064	;# 
   484   000FE1                     FSR1            equ	4065	;# 
   485   000FE1                     FSR1L           equ	4065	;# 
   486   000FE2                     FSR1H           equ	4066	;# 
   487   000FE3                     PLUSW1          equ	4067	;# 
   488   000FE4                     PREINC1         equ	4068	;# 
   489   000FE5                     POSTDEC1        equ	4069	;# 
   490   000FE6                     POSTINC1        equ	4070	;# 
   491   000FE7                     INDF1           equ	4071	;# 
   492   000FE8                     WREG            equ	4072	;# 
   493   000FE9                     FSR0            equ	4073	;# 
   494   000FE9                     FSR0L           equ	4073	;# 
   495   000FEA                     FSR0H           equ	4074	;# 
   496   000FEB                     PLUSW0          equ	4075	;# 
   497   000FEC                     PREINC0         equ	4076	;# 
   498   000FED                     POSTDEC0        equ	4077	;# 
   499   000FEE                     POSTINC0        equ	4078	;# 
   500   000FEF                     INDF0           equ	4079	;# 
   501   000FF0                     INTCON3         equ	4080	;# 
   502   000FF1                     INTCON2         equ	4081	;# 
   503   000FF2                     INTCON          equ	4082	;# 
   504   000FF3                     PROD            equ	4083	;# 
   505   000FF3                     PRODL           equ	4083	;# 
   506   000FF4                     PRODH           equ	4084	;# 
   507   000FF5                     TABLAT          equ	4085	;# 
   508   000FF6                     TBLPTR          equ	4086	;# 
   509   000FF6                     TBLPTRL         equ	4086	;# 
   510   000FF7                     TBLPTRH         equ	4087	;# 
   511   000FF8                     TBLPTRU         equ	4088	;# 
   512   000FF9                     PCLAT           equ	4089	;# 
   513   000FF9                     PC              equ	4089	;# 
   514   000FF9                     PCL             equ	4089	;# 
   515   000FFA                     PCLATH          equ	4090	;# 
   516   000FFB                     PCLATU          equ	4091	;# 
   517   000FFC                     STKPTR          equ	4092	;# 
   518   000FFD                     TOS             equ	4093	;# 
   519   000FFD                     TOSL            equ	4093	;# 
   520   000FFE                     TOSH            equ	4094	;# 
   521   000FFF                     TOSU            equ	4095	;# 
   522   000D60                     RXF6SIDH        equ	3424	;# 
   523   000D61                     RXF6SIDL        equ	3425	;# 
   524   000D62                     RXF6EIDH        equ	3426	;# 
   525   000D63                     RXF6EIDL        equ	3427	;# 
   526   000D64                     RXF7SIDH        equ	3428	;# 
   527   000D65                     RXF7SIDL        equ	3429	;# 
   528   000D66                     RXF7EIDH        equ	3430	;# 
   529   000D67                     RXF7EIDL        equ	3431	;# 
   530   000D68                     RXF8SIDH        equ	3432	;# 
   531   000D69                     RXF8SIDL        equ	3433	;# 
   532   000D6A                     RXF8EIDH        equ	3434	;# 
   533   000D6B                     RXF8EIDL        equ	3435	;# 
   534   000D70                     RXF9SIDH        equ	3440	;# 
   535   000D71                     RXF9SIDL        equ	3441	;# 
   536   000D72                     RXF9EIDH        equ	3442	;# 
   537   000D73                     RXF9EIDL        equ	3443	;# 
   538   000D74                     RXF10SIDH       equ	3444	;# 
   539   000D75                     RXF10SIDL       equ	3445	;# 
   540   000D76                     RXF10EIDH       equ	3446	;# 
   541   000D77                     RXF10EIDL       equ	3447	;# 
   542   000D78                     RXF11SIDH       equ	3448	;# 
   543   000D79                     RXF11SIDL       equ	3449	;# 
   544   000D7A                     RXF11EIDH       equ	3450	;# 
   545   000D7B                     RXF11EIDL       equ	3451	;# 
   546   000D80                     RXF12SIDH       equ	3456	;# 
   547   000D81                     RXF12SIDL       equ	3457	;# 
   548   000D82                     RXF12EIDH       equ	3458	;# 
   549   000D83                     RXF12EIDL       equ	3459	;# 
   550   000D84                     RXF13SIDH       equ	3460	;# 
   551   000D85                     RXF13SIDL       equ	3461	;# 
   552   000D86                     RXF13EIDH       equ	3462	;# 
   553   000D87                     RXF13EIDL       equ	3463	;# 
   554   000D88                     RXF14SIDH       equ	3464	;# 
   555   000D89                     RXF14SIDL       equ	3465	;# 
   556   000D8A                     RXF14EIDH       equ	3466	;# 
   557   000D8B                     RXF14EIDL       equ	3467	;# 
   558   000D90                     RXF15SIDH       equ	3472	;# 
   559   000D91                     RXF15SIDL       equ	3473	;# 
   560   000D92                     RXF15EIDH       equ	3474	;# 
   561   000D93                     RXF15EIDL       equ	3475	;# 
   562   000DD4                     RXFCON0         equ	3540	;# 
   563   000DD5                     RXFCON1         equ	3541	;# 
   564   000DD8                     SDFLC           equ	3544	;# 
   565   000DE0                     RXFBCON0        equ	3552	;# 
   566   000DE1                     RXFBCON1        equ	3553	;# 
   567   000DE2                     RXFBCON2        equ	3554	;# 
   568   000DE3                     RXFBCON3        equ	3555	;# 
   569   000DE4                     RXFBCON4        equ	3556	;# 
   570   000DE5                     RXFBCON5        equ	3557	;# 
   571   000DE6                     RXFBCON6        equ	3558	;# 
   572   000DE7                     RXFBCON7        equ	3559	;# 
   573   000DF0                     MSEL0           equ	3568	;# 
   574   000DF1                     MSEL1           equ	3569	;# 
   575   000DF2                     MSEL2           equ	3570	;# 
   576   000DF3                     MSEL3           equ	3571	;# 
   577   000DF8                     BSEL0           equ	3576	;# 
   578   000DFA                     BIE0            equ	3578	;# 
   579   000DFC                     TXBIE           equ	3580	;# 
   580   000E20                     B0CON           equ	3616	;# 
   581   000E21                     B0SIDH          equ	3617	;# 
   582   000E22                     B0SIDL          equ	3618	;# 
   583   000E23                     B0EIDH          equ	3619	;# 
   584   000E24                     B0EIDL          equ	3620	;# 
   585   000E25                     B0DLC           equ	3621	;# 
   586   000E26                     B0D0            equ	3622	;# 
   587   000E27                     B0D1            equ	3623	;# 
   588   000E28                     B0D2            equ	3624	;# 
   589   000E29                     B0D3            equ	3625	;# 
   590   000E2A                     B0D4            equ	3626	;# 
   591   000E2B                     B0D5            equ	3627	;# 
   592   000E2C                     B0D6            equ	3628	;# 
   593   000E2D                     B0D7            equ	3629	;# 
   594   000E2E                     CANSTAT_RO9     equ	3630	;# 
   595   000E2F                     CANCON_RO9      equ	3631	;# 
   596   000E30                     B1CON           equ	3632	;# 
   597   000E31                     B1SIDH          equ	3633	;# 
   598   000E32                     B1SIDL          equ	3634	;# 
   599   000E33                     B1EIDH          equ	3635	;# 
   600   000E34                     B1EIDL          equ	3636	;# 
   601   000E35                     B1DLC           equ	3637	;# 
   602   000E36                     B1D0            equ	3638	;# 
   603   000E37                     B1D1            equ	3639	;# 
   604   000E38                     B1D2            equ	3640	;# 
   605   000E39                     B1D3            equ	3641	;# 
   606   000E3A                     B1D4            equ	3642	;# 
   607   000E3B                     B1D5            equ	3643	;# 
   608   000E3C                     B1D6            equ	3644	;# 
   609   000E3D                     B1D7            equ	3645	;# 
   610   000E3E                     CANSTAT_RO8     equ	3646	;# 
   611   000E3F                     CANCON_RO8      equ	3647	;# 
   612   000E40                     B2CON           equ	3648	;# 
   613   000E41                     B2SIDH          equ	3649	;# 
   614   000E42                     B2SIDL          equ	3650	;# 
   615   000E43                     B2EIDH          equ	3651	;# 
   616   000E44                     B2EIDL          equ	3652	;# 
   617   000E45                     B2DLC           equ	3653	;# 
   618   000E46                     B2D0            equ	3654	;# 
   619   000E47                     B2D1            equ	3655	;# 
   620   000E48                     B2D2            equ	3656	;# 
   621   000E49                     B2D3            equ	3657	;# 
   622   000E4A                     B2D4            equ	3658	;# 
   623   000E4B                     B2D5            equ	3659	;# 
   624   000E4C                     B2D6            equ	3660	;# 
   625   000E4D                     B2D7            equ	3661	;# 
   626   000E4E                     CANSTAT_RO7     equ	3662	;# 
   627   000E4F                     CANCON_RO7      equ	3663	;# 
   628   000E50                     B3CON           equ	3664	;# 
   629   000E51                     B3SIDH          equ	3665	;# 
   630   000E52                     B3SIDL          equ	3666	;# 
   631   000E53                     B3EIDH          equ	3667	;# 
   632   000E54                     B3EIDL          equ	3668	;# 
   633   000E55                     B3DLC           equ	3669	;# 
   634   000E56                     B3D0            equ	3670	;# 
   635   000E57                     B3D1            equ	3671	;# 
   636   000E58                     B3D2            equ	3672	;# 
   637   000E59                     B3D3            equ	3673	;# 
   638   000E5A                     B3D4            equ	3674	;# 
   639   000E5B                     B3D5            equ	3675	;# 
   640   000E5C                     B3D6            equ	3676	;# 
   641   000E5D                     B3D7            equ	3677	;# 
   642   000E5E                     CANSTAT_RO6     equ	3678	;# 
   643   000E5F                     CANCON_RO6      equ	3679	;# 
   644   000E60                     B4CON           equ	3680	;# 
   645   000E61                     B4SIDH          equ	3681	;# 
   646   000E62                     B4SIDL          equ	3682	;# 
   647   000E63                     B4EIDH          equ	3683	;# 
   648   000E64                     B4EIDL          equ	3684	;# 
   649   000E65                     B4DLC           equ	3685	;# 
   650   000E66                     B4D0            equ	3686	;# 
   651   000E67                     B4D1            equ	3687	;# 
   652   000E68                     B4D2            equ	3688	;# 
   653   000E69                     B4D3            equ	3689	;# 
   654   000E6A                     B4D4            equ	3690	;# 
   655   000E6B                     B4D5            equ	3691	;# 
   656   000E6C                     B4D6            equ	3692	;# 
   657   000E6D                     B4D7            equ	3693	;# 
   658   000E6E                     CANSTAT_RO5     equ	3694	;# 
   659   000E6F                     CANCON_RO5      equ	3695	;# 
   660   000E70                     B5CON           equ	3696	;# 
   661   000E71                     B5SIDH          equ	3697	;# 
   662   000E72                     B5SIDL          equ	3698	;# 
   663   000E73                     B5EIDH          equ	3699	;# 
   664   000E74                     B5EIDL          equ	3700	;# 
   665   000E75                     B5DLC           equ	3701	;# 
   666   000E76                     B5D0            equ	3702	;# 
   667   000E77                     B5D1            equ	3703	;# 
   668   000E78                     B5D2            equ	3704	;# 
   669   000E79                     B5D3            equ	3705	;# 
   670   000E7A                     B5D4            equ	3706	;# 
   671   000E7B                     B5D5            equ	3707	;# 
   672   000E7C                     B5D6            equ	3708	;# 
   673   000E7D                     B5D7            equ	3709	;# 
   674   000E7E                     CANSTAT_RO4     equ	3710	;# 
   675   000E7F                     CANCON_RO4      equ	3711	;# 
   676   000F00                     RXF0SIDH        equ	3840	;# 
   677   000F01                     RXF0SIDL        equ	3841	;# 
   678   000F02                     RXF0EIDH        equ	3842	;# 
   679   000F03                     RXF0EIDL        equ	3843	;# 
   680   000F04                     RXF1SIDH        equ	3844	;# 
   681   000F05                     RXF1SIDL        equ	3845	;# 
   682   000F06                     RXF1EIDH        equ	3846	;# 
   683   000F07                     RXF1EIDL        equ	3847	;# 
   684   000F08                     RXF2SIDH        equ	3848	;# 
   685   000F09                     RXF2SIDL        equ	3849	;# 
   686   000F0A                     RXF2EIDH        equ	3850	;# 
   687   000F0B                     RXF2EIDL        equ	3851	;# 
   688   000F0C                     RXF3SIDH        equ	3852	;# 
   689   000F0D                     RXF3SIDL        equ	3853	;# 
   690   000F0E                     RXF3EIDH        equ	3854	;# 
   691   000F0F                     RXF3EIDL        equ	3855	;# 
   692   000F10                     RXF4SIDH        equ	3856	;# 
   693   000F11                     RXF4SIDL        equ	3857	;# 
   694   000F12                     RXF4EIDH        equ	3858	;# 
   695   000F13                     RXF4EIDL        equ	3859	;# 
   696   000F14                     RXF5SIDH        equ	3860	;# 
   697   000F15                     RXF5SIDL        equ	3861	;# 
   698   000F16                     RXF5EIDH        equ	3862	;# 
   699   000F17                     RXF5EIDL        equ	3863	;# 
   700   000F18                     RXM0SIDH        equ	3864	;# 
   701   000F19                     RXM0SIDL        equ	3865	;# 
   702   000F1A                     RXM0EIDH        equ	3866	;# 
   703   000F1B                     RXM0EIDL        equ	3867	;# 
   704   000F1C                     RXM1SIDH        equ	3868	;# 
   705   000F1D                     RXM1SIDL        equ	3869	;# 
   706   000F1E                     RXM1EIDH        equ	3870	;# 
   707   000F1F                     RXM1EIDL        equ	3871	;# 
   708   000F20                     TXB2CON         equ	3872	;# 
   709   000F21                     TXB2SIDH        equ	3873	;# 
   710   000F22                     TXB2SIDL        equ	3874	;# 
   711   000F23                     TXB2EIDH        equ	3875	;# 
   712   000F24                     TXB2EIDL        equ	3876	;# 
   713   000F25                     TXB2DLC         equ	3877	;# 
   714   000F26                     TXB2D0          equ	3878	;# 
   715   000F27                     TXB2D1          equ	3879	;# 
   716   000F28                     TXB2D2          equ	3880	;# 
   717   000F29                     TXB2D3          equ	3881	;# 
   718   000F2A                     TXB2D4          equ	3882	;# 
   719   000F2B                     TXB2D5          equ	3883	;# 
   720   000F2C                     TXB2D6          equ	3884	;# 
   721   000F2D                     TXB2D7          equ	3885	;# 
   722   000F2E                     CANSTAT_RO3     equ	3886	;# 
   723   000F2F                     CANCON_RO3      equ	3887	;# 
   724   000F30                     TXB1CON         equ	3888	;# 
   725   000F31                     TXB1SIDH        equ	3889	;# 
   726   000F32                     TXB1SIDL        equ	3890	;# 
   727   000F33                     TXB1EIDH        equ	3891	;# 
   728   000F34                     TXB1EIDL        equ	3892	;# 
   729   000F35                     TXB1DLC         equ	3893	;# 
   730   000F36                     TXB1D0          equ	3894	;# 
   731   000F37                     TXB1D1          equ	3895	;# 
   732   000F38                     TXB1D2          equ	3896	;# 
   733   000F39                     TXB1D3          equ	3897	;# 
   734   000F3A                     TXB1D4          equ	3898	;# 
   735   000F3B                     TXB1D5          equ	3899	;# 
   736   000F3C                     TXB1D6          equ	3900	;# 
   737   000F3D                     TXB1D7          equ	3901	;# 
   738   000F3E                     CANSTAT_RO2     equ	3902	;# 
   739   000F3F                     CANCON_RO2      equ	3903	;# 
   740   000F40                     TXB0CON         equ	3904	;# 
   741   000F41                     TXB0SIDH        equ	3905	;# 
   742   000F42                     TXB0SIDL        equ	3906	;# 
   743   000F43                     TXB0EIDH        equ	3907	;# 
   744   000F44                     TXB0EIDL        equ	3908	;# 
   745   000F45                     TXB0DLC         equ	3909	;# 
   746   000F46                     TXB0D0          equ	3910	;# 
   747   000F47                     TXB0D1          equ	3911	;# 
   748   000F48                     TXB0D2          equ	3912	;# 
   749   000F49                     TXB0D3          equ	3913	;# 
   750   000F4A                     TXB0D4          equ	3914	;# 
   751   000F4B                     TXB0D5          equ	3915	;# 
   752   000F4C                     TXB0D6          equ	3916	;# 
   753   000F4D                     TXB0D7          equ	3917	;# 
   754   000F4E                     CANSTAT_RO1     equ	3918	;# 
   755   000F4F                     CANCON_RO1      equ	3919	;# 
   756   000F50                     RXB1CON         equ	3920	;# 
   757   000F51                     RXB1SIDH        equ	3921	;# 
   758   000F52                     RXB1SIDL        equ	3922	;# 
   759   000F53                     RXB1EIDH        equ	3923	;# 
   760   000F54                     RXB1EIDL        equ	3924	;# 
   761   000F55                     RXB1DLC         equ	3925	;# 
   762   000F56                     RXB1D0          equ	3926	;# 
   763   000F57                     RXB1D1          equ	3927	;# 
   764   000F58                     RXB1D2          equ	3928	;# 
   765   000F59                     RXB1D3          equ	3929	;# 
   766   000F5A                     RXB1D4          equ	3930	;# 
   767   000F5B                     RXB1D5          equ	3931	;# 
   768   000F5C                     RXB1D6          equ	3932	;# 
   769   000F5D                     RXB1D7          equ	3933	;# 
   770   000F5E                     CANSTAT_RO0     equ	3934	;# 
   771   000F5F                     CANCON_RO0      equ	3935	;# 
   772   000F60                     RXB0CON         equ	3936	;# 
   773   000F61                     RXB0SIDH        equ	3937	;# 
   774   000F62                     RXB0SIDL        equ	3938	;# 
   775   000F63                     RXB0EIDH        equ	3939	;# 
   776   000F64                     RXB0EIDL        equ	3940	;# 
   777   000F65                     RXB0DLC         equ	3941	;# 
   778   000F66                     RXB0D0          equ	3942	;# 
   779   000F67                     RXB0D1          equ	3943	;# 
   780   000F68                     RXB0D2          equ	3944	;# 
   781   000F69                     RXB0D3          equ	3945	;# 
   782   000F6A                     RXB0D4          equ	3946	;# 
   783   000F6B                     RXB0D5          equ	3947	;# 
   784   000F6C                     RXB0D6          equ	3948	;# 
   785   000F6D                     RXB0D7          equ	3949	;# 
   786   000F6E                     CANSTAT         equ	3950	;# 
   787   000F6F                     CANCON          equ	3951	;# 
   788   000F70                     BRGCON1         equ	3952	;# 
   789   000F71                     BRGCON2         equ	3953	;# 
   790   000F72                     BRGCON3         equ	3954	;# 
   791   000F73                     CIOCON          equ	3955	;# 
   792   000F74                     COMSTAT         equ	3956	;# 
   793   000F75                     RXERRCNT        equ	3957	;# 
   794   000F76                     TXERRCNT        equ	3958	;# 
   795   000F77                     ECANCON         equ	3959	;# 
   796   000F80                     PORTA           equ	3968	;# 
   797   000F81                     PORTB           equ	3969	;# 
   798   000F82                     PORTC           equ	3970	;# 
   799   000F83                     PORTD           equ	3971	;# 
   800   000F84                     PORTE           equ	3972	;# 
   801   000F89                     LATA            equ	3977	;# 
   802   000F8A                     LATB            equ	3978	;# 
   803   000F8B                     LATC            equ	3979	;# 
   804   000F8C                     LATD            equ	3980	;# 
   805   000F8D                     LATE            equ	3981	;# 
   806   000F92                     TRISA           equ	3986	;# 
   807   000F92                     DDRA            equ	3986	;# 
   808   000F93                     TRISB           equ	3987	;# 
   809   000F93                     DDRB            equ	3987	;# 
   810   000F94                     TRISC           equ	3988	;# 
   811   000F94                     DDRC            equ	3988	;# 
   812   000F95                     TRISD           equ	3989	;# 
   813   000F95                     DDRD            equ	3989	;# 
   814   000F96                     TRISE           equ	3990	;# 
   815   000F96                     DDRE            equ	3990	;# 
   816   000F9B                     OSCTUNE         equ	3995	;# 
   817   000F9D                     PIE1            equ	3997	;# 
   818   000F9E                     PIR1            equ	3998	;# 
   819   000F9F                     IPR1            equ	3999	;# 
   820   000FA0                     PIE2            equ	4000	;# 
   821   000FA1                     PIR2            equ	4001	;# 
   822   000FA2                     IPR2            equ	4002	;# 
   823   000FA3                     PIE3            equ	4003	;# 
   824   000FA4                     PIR3            equ	4004	;# 
   825   000FA5                     IPR3            equ	4005	;# 
   826   000FA6                     EECON1          equ	4006	;# 
   827   000FA7                     EECON2          equ	4007	;# 
   828   000FA8                     EEDATA          equ	4008	;# 
   829   000FA9                     EEADR           equ	4009	;# 
   830   000FAB                     RCSTA           equ	4011	;# 
   831   000FAB                     RCSTA1          equ	4011	;# 
   832   000FAC                     TXSTA           equ	4012	;# 
   833   000FAC                     TXSTA1          equ	4012	;# 
   834   000FAD                     TXREG           equ	4013	;# 
   835   000FAD                     TXREG1          equ	4013	;# 
   836   000FAE                     RCREG           equ	4014	;# 
   837   000FAE                     RCREG1          equ	4014	;# 
   838   000FAF                     SPBRG           equ	4015	;# 
   839   000FAF                     SPBRG1          equ	4015	;# 
   840   000FB0                     SPBRGH          equ	4016	;# 
   841   000FB1                     T3CON           equ	4017	;# 
   842   000FB2                     TMR3            equ	4018	;# 
   843   000FB2                     TMR3L           equ	4018	;# 
   844   000FB3                     TMR3H           equ	4019	;# 
   845   000FB4                     CMCON           equ	4020	;# 
   846   000FB5                     CVRCON          equ	4021	;# 
   847   000FB6                     ECCP1AS         equ	4022	;# 
   848   000FB7                     ECCP1DEL        equ	4023	;# 
   849   000FB8                     BAUDCON         equ	4024	;# 
   850   000FB8                     BAUDCTL         equ	4024	;# 
   851   000FBA                     ECCP1CON        equ	4026	;# 
   852   000FBB                     ECCPR1          equ	4027	;# 
   853   000FBB                     ECCPR1L         equ	4027	;# 
   854   000FBC                     ECCPR1H         equ	4028	;# 
   855   000FBD                     CCP1CON         equ	4029	;# 
   856   000FBE                     CCPR1           equ	4030	;# 
   857   000FBE                     CCPR1L          equ	4030	;# 
   858   000FBF                     CCPR1H          equ	4031	;# 
   859   000FC0                     ADCON2          equ	4032	;# 
   860   000FC1                     ADCON1          equ	4033	;# 
   861   000FC2                     ADCON0          equ	4034	;# 
   862   000FC3                     ADRES           equ	4035	;# 
   863   000FC3                     ADRESL          equ	4035	;# 
   864   000FC4                     ADRESH          equ	4036	;# 
   865   000FC5                     SSPCON2         equ	4037	;# 
   866   000FC6                     SSPCON1         equ	4038	;# 
   867   000FC7                     SSPSTAT         equ	4039	;# 
   868   000FC8                     SSPADD          equ	4040	;# 
   869   000FC9                     SSPBUF          equ	4041	;# 
   870   000FCA                     T2CON           equ	4042	;# 
   871   000FCB                     PR2             equ	4043	;# 
   872   000FCB                     MEMCON          equ	4043	;# 
   873   000FCC                     TMR2            equ	4044	;# 
   874   000FCD                     T1CON           equ	4045	;# 
   875   000FCE                     TMR1            equ	4046	;# 
   876   000FCE                     TMR1L           equ	4046	;# 
   877   000FCF                     TMR1H           equ	4047	;# 
   878   000FD0                     RCON            equ	4048	;# 
   879   000FD1                     WDTCON          equ	4049	;# 
   880   000FD2                     HLVDCON         equ	4050	;# 
   881   000FD2                     LVDCON          equ	4050	;# 
   882   000FD3                     OSCCON          equ	4051	;# 
   883   000FD5                     T0CON           equ	4053	;# 
   884   000FD6                     TMR0            equ	4054	;# 
   885   000FD6                     TMR0L           equ	4054	;# 
   886   000FD7                     TMR0H           equ	4055	;# 
   887   000FD8                     STATUS          equ	4056	;# 
   888   000FD9                     FSR2            equ	4057	;# 
   889   000FD9                     FSR2L           equ	4057	;# 
   890   000FDA                     FSR2H           equ	4058	;# 
   891   000FDB                     PLUSW2          equ	4059	;# 
   892   000FDC                     PREINC2         equ	4060	;# 
   893   000FDD                     POSTDEC2        equ	4061	;# 
   894   000FDE                     POSTINC2        equ	4062	;# 
   895   000FDF                     INDF2           equ	4063	;# 
   896   000FE0                     BSR             equ	4064	;# 
   897   000FE1                     FSR1            equ	4065	;# 
   898   000FE1                     FSR1L           equ	4065	;# 
   899   000FE2                     FSR1H           equ	4066	;# 
   900   000FE3                     PLUSW1          equ	4067	;# 
   901   000FE4                     PREINC1         equ	4068	;# 
   902   000FE5                     POSTDEC1        equ	4069	;# 
   903   000FE6                     POSTINC1        equ	4070	;# 
   904   000FE7                     INDF1           equ	4071	;# 
   905   000FE8                     WREG            equ	4072	;# 
   906   000FE9                     FSR0            equ	4073	;# 
   907   000FE9                     FSR0L           equ	4073	;# 
   908   000FEA                     FSR0H           equ	4074	;# 
   909   000FEB                     PLUSW0          equ	4075	;# 
   910   000FEC                     PREINC0         equ	4076	;# 
   911   000FED                     POSTDEC0        equ	4077	;# 
   912   000FEE                     POSTINC0        equ	4078	;# 
   913   000FEF                     INDF0           equ	4079	;# 
   914   000FF0                     INTCON3         equ	4080	;# 
   915   000FF1                     INTCON2         equ	4081	;# 
   916   000FF2                     INTCON          equ	4082	;# 
   917   000FF3                     PROD            equ	4083	;# 
   918   000FF3                     PRODL           equ	4083	;# 
   919   000FF4                     PRODH           equ	4084	;# 
   920   000FF5                     TABLAT          equ	4085	;# 
   921   000FF6                     TBLPTR          equ	4086	;# 
   922   000FF6                     TBLPTRL         equ	4086	;# 
   923   000FF7                     TBLPTRH         equ	4087	;# 
   924   000FF8                     TBLPTRU         equ	4088	;# 
   925   000FF9                     PCLAT           equ	4089	;# 
   926   000FF9                     PC              equ	4089	;# 
   927   000FF9                     PCL             equ	4089	;# 
   928   000FFA                     PCLATH          equ	4090	;# 
   929   000FFB                     PCLATU          equ	4091	;# 
   930   000FFC                     STKPTR          equ	4092	;# 
   931   000FFD                     TOS             equ	4093	;# 
   932   000FFD                     TOSL            equ	4093	;# 
   933   000FFE                     TOSH            equ	4094	;# 
   934   000FFF                     TOSU            equ	4095	;# 
   935   000D60                     RXF6SIDH        equ	3424	;# 
   936   000D61                     RXF6SIDL        equ	3425	;# 
   937   000D62                     RXF6EIDH        equ	3426	;# 
   938   000D63                     RXF6EIDL        equ	3427	;# 
   939   000D64                     RXF7SIDH        equ	3428	;# 
   940   000D65                     RXF7SIDL        equ	3429	;# 
   941   000D66                     RXF7EIDH        equ	3430	;# 
   942   000D67                     RXF7EIDL        equ	3431	;# 
   943   000D68                     RXF8SIDH        equ	3432	;# 
   944   000D69                     RXF8SIDL        equ	3433	;# 
   945   000D6A                     RXF8EIDH        equ	3434	;# 
   946   000D6B                     RXF8EIDL        equ	3435	;# 
   947   000D70                     RXF9SIDH        equ	3440	;# 
   948   000D71                     RXF9SIDL        equ	3441	;# 
   949   000D72                     RXF9EIDH        equ	3442	;# 
   950   000D73                     RXF9EIDL        equ	3443	;# 
   951   000D74                     RXF10SIDH       equ	3444	;# 
   952   000D75                     RXF10SIDL       equ	3445	;# 
   953   000D76                     RXF10EIDH       equ	3446	;# 
   954   000D77                     RXF10EIDL       equ	3447	;# 
   955   000D78                     RXF11SIDH       equ	3448	;# 
   956   000D79                     RXF11SIDL       equ	3449	;# 
   957   000D7A                     RXF11EIDH       equ	3450	;# 
   958   000D7B                     RXF11EIDL       equ	3451	;# 
   959   000D80                     RXF12SIDH       equ	3456	;# 
   960   000D81                     RXF12SIDL       equ	3457	;# 
   961   000D82                     RXF12EIDH       equ	3458	;# 
   962   000D83                     RXF12EIDL       equ	3459	;# 
   963   000D84                     RXF13SIDH       equ	3460	;# 
   964   000D85                     RXF13SIDL       equ	3461	;# 
   965   000D86                     RXF13EIDH       equ	3462	;# 
   966   000D87                     RXF13EIDL       equ	3463	;# 
   967   000D88                     RXF14SIDH       equ	3464	;# 
   968   000D89                     RXF14SIDL       equ	3465	;# 
   969   000D8A                     RXF14EIDH       equ	3466	;# 
   970   000D8B                     RXF14EIDL       equ	3467	;# 
   971   000D90                     RXF15SIDH       equ	3472	;# 
   972   000D91                     RXF15SIDL       equ	3473	;# 
   973   000D92                     RXF15EIDH       equ	3474	;# 
   974   000D93                     RXF15EIDL       equ	3475	;# 
   975   000DD4                     RXFCON0         equ	3540	;# 
   976   000DD5                     RXFCON1         equ	3541	;# 
   977   000DD8                     SDFLC           equ	3544	;# 
   978   000DE0                     RXFBCON0        equ	3552	;# 
   979   000DE1                     RXFBCON1        equ	3553	;# 
   980   000DE2                     RXFBCON2        equ	3554	;# 
   981   000DE3                     RXFBCON3        equ	3555	;# 
   982   000DE4                     RXFBCON4        equ	3556	;# 
   983   000DE5                     RXFBCON5        equ	3557	;# 
   984   000DE6                     RXFBCON6        equ	3558	;# 
   985   000DE7                     RXFBCON7        equ	3559	;# 
   986   000DF0                     MSEL0           equ	3568	;# 
   987   000DF1                     MSEL1           equ	3569	;# 
   988   000DF2                     MSEL2           equ	3570	;# 
   989   000DF3                     MSEL3           equ	3571	;# 
   990   000DF8                     BSEL0           equ	3576	;# 
   991   000DFA                     BIE0            equ	3578	;# 
   992   000DFC                     TXBIE           equ	3580	;# 
   993   000E20                     B0CON           equ	3616	;# 
   994   000E21                     B0SIDH          equ	3617	;# 
   995   000E22                     B0SIDL          equ	3618	;# 
   996   000E23                     B0EIDH          equ	3619	;# 
   997   000E24                     B0EIDL          equ	3620	;# 
   998   000E25                     B0DLC           equ	3621	;# 
   999   000E26                     B0D0            equ	3622	;# 
  1000   000E27                     B0D1            equ	3623	;# 
  1001   000E28                     B0D2            equ	3624	;# 
  1002   000E29                     B0D3            equ	3625	;# 
  1003   000E2A                     B0D4            equ	3626	;# 
  1004   000E2B                     B0D5            equ	3627	;# 
  1005   000E2C                     B0D6            equ	3628	;# 
  1006   000E2D                     B0D7            equ	3629	;# 
  1007   000E2E                     CANSTAT_RO9     equ	3630	;# 
  1008   000E2F                     CANCON_RO9      equ	3631	;# 
  1009   000E30                     B1CON           equ	3632	;# 
  1010   000E31                     B1SIDH          equ	3633	;# 
  1011   000E32                     B1SIDL          equ	3634	;# 
  1012   000E33                     B1EIDH          equ	3635	;# 
  1013   000E34                     B1EIDL          equ	3636	;# 
  1014   000E35                     B1DLC           equ	3637	;# 
  1015   000E36                     B1D0            equ	3638	;# 
  1016   000E37                     B1D1            equ	3639	;# 
  1017   000E38                     B1D2            equ	3640	;# 
  1018   000E39                     B1D3            equ	3641	;# 
  1019   000E3A                     B1D4            equ	3642	;# 
  1020   000E3B                     B1D5            equ	3643	;# 
  1021   000E3C                     B1D6            equ	3644	;# 
  1022   000E3D                     B1D7            equ	3645	;# 
  1023   000E3E                     CANSTAT_RO8     equ	3646	;# 
  1024   000E3F                     CANCON_RO8      equ	3647	;# 
  1025   000E40                     B2CON           equ	3648	;# 
  1026   000E41                     B2SIDH          equ	3649	;# 
  1027   000E42                     B2SIDL          equ	3650	;# 
  1028   000E43                     B2EIDH          equ	3651	;# 
  1029   000E44                     B2EIDL          equ	3652	;# 
  1030   000E45                     B2DLC           equ	3653	;# 
  1031   000E46                     B2D0            equ	3654	;# 
  1032   000E47                     B2D1            equ	3655	;# 
  1033   000E48                     B2D2            equ	3656	;# 
  1034   000E49                     B2D3            equ	3657	;# 
  1035   000E4A                     B2D4            equ	3658	;# 
  1036   000E4B                     B2D5            equ	3659	;# 
  1037   000E4C                     B2D6            equ	3660	;# 
  1038   000E4D                     B2D7            equ	3661	;# 
  1039   000E4E                     CANSTAT_RO7     equ	3662	;# 
  1040   000E4F                     CANCON_RO7      equ	3663	;# 
  1041   000E50                     B3CON           equ	3664	;# 
  1042   000E51                     B3SIDH          equ	3665	;# 
  1043   000E52                     B3SIDL          equ	3666	;# 
  1044   000E53                     B3EIDH          equ	3667	;# 
  1045   000E54                     B3EIDL          equ	3668	;# 
  1046   000E55                     B3DLC           equ	3669	;# 
  1047   000E56                     B3D0            equ	3670	;# 
  1048   000E57                     B3D1            equ	3671	;# 
  1049   000E58                     B3D2            equ	3672	;# 
  1050   000E59                     B3D3            equ	3673	;# 
  1051   000E5A                     B3D4            equ	3674	;# 
  1052   000E5B                     B3D5            equ	3675	;# 
  1053   000E5C                     B3D6            equ	3676	;# 
  1054   000E5D                     B3D7            equ	3677	;# 
  1055   000E5E                     CANSTAT_RO6     equ	3678	;# 
  1056   000E5F                     CANCON_RO6      equ	3679	;# 
  1057   000E60                     B4CON           equ	3680	;# 
  1058   000E61                     B4SIDH          equ	3681	;# 
  1059   000E62                     B4SIDL          equ	3682	;# 
  1060   000E63                     B4EIDH          equ	3683	;# 
  1061   000E64                     B4EIDL          equ	3684	;# 
  1062   000E65                     B4DLC           equ	3685	;# 
  1063   000E66                     B4D0            equ	3686	;# 
  1064   000E67                     B4D1            equ	3687	;# 
  1065   000E68                     B4D2            equ	3688	;# 
  1066   000E69                     B4D3            equ	3689	;# 
  1067   000E6A                     B4D4            equ	3690	;# 
  1068   000E6B                     B4D5            equ	3691	;# 
  1069   000E6C                     B4D6            equ	3692	;# 
  1070   000E6D                     B4D7            equ	3693	;# 
  1071   000E6E                     CANSTAT_RO5     equ	3694	;# 
  1072   000E6F                     CANCON_RO5      equ	3695	;# 
  1073   000E70                     B5CON           equ	3696	;# 
  1074   000E71                     B5SIDH          equ	3697	;# 
  1075   000E72                     B5SIDL          equ	3698	;# 
  1076   000E73                     B5EIDH          equ	3699	;# 
  1077   000E74                     B5EIDL          equ	3700	;# 
  1078   000E75                     B5DLC           equ	3701	;# 
  1079   000E76                     B5D0            equ	3702	;# 
  1080   000E77                     B5D1            equ	3703	;# 
  1081   000E78                     B5D2            equ	3704	;# 
  1082   000E79                     B5D3            equ	3705	;# 
  1083   000E7A                     B5D4            equ	3706	;# 
  1084   000E7B                     B5D5            equ	3707	;# 
  1085   000E7C                     B5D6            equ	3708	;# 
  1086   000E7D                     B5D7            equ	3709	;# 
  1087   000E7E                     CANSTAT_RO4     equ	3710	;# 
  1088   000E7F                     CANCON_RO4      equ	3711	;# 
  1089   000F00                     RXF0SIDH        equ	3840	;# 
  1090   000F01                     RXF0SIDL        equ	3841	;# 
  1091   000F02                     RXF0EIDH        equ	3842	;# 
  1092   000F03                     RXF0EIDL        equ	3843	;# 
  1093   000F04                     RXF1SIDH        equ	3844	;# 
  1094   000F05                     RXF1SIDL        equ	3845	;# 
  1095   000F06                     RXF1EIDH        equ	3846	;# 
  1096   000F07                     RXF1EIDL        equ	3847	;# 
  1097   000F08                     RXF2SIDH        equ	3848	;# 
  1098   000F09                     RXF2SIDL        equ	3849	;# 
  1099   000F0A                     RXF2EIDH        equ	3850	;# 
  1100   000F0B                     RXF2EIDL        equ	3851	;# 
  1101   000F0C                     RXF3SIDH        equ	3852	;# 
  1102   000F0D                     RXF3SIDL        equ	3853	;# 
  1103   000F0E                     RXF3EIDH        equ	3854	;# 
  1104   000F0F                     RXF3EIDL        equ	3855	;# 
  1105   000F10                     RXF4SIDH        equ	3856	;# 
  1106   000F11                     RXF4SIDL        equ	3857	;# 
  1107   000F12                     RXF4EIDH        equ	3858	;# 
  1108   000F13                     RXF4EIDL        equ	3859	;# 
  1109   000F14                     RXF5SIDH        equ	3860	;# 
  1110   000F15                     RXF5SIDL        equ	3861	;# 
  1111   000F16                     RXF5EIDH        equ	3862	;# 
  1112   000F17                     RXF5EIDL        equ	3863	;# 
  1113   000F18                     RXM0SIDH        equ	3864	;# 
  1114   000F19                     RXM0SIDL        equ	3865	;# 
  1115   000F1A                     RXM0EIDH        equ	3866	;# 
  1116   000F1B                     RXM0EIDL        equ	3867	;# 
  1117   000F1C                     RXM1SIDH        equ	3868	;# 
  1118   000F1D                     RXM1SIDL        equ	3869	;# 
  1119   000F1E                     RXM1EIDH        equ	3870	;# 
  1120   000F1F                     RXM1EIDL        equ	3871	;# 
  1121   000F20                     TXB2CON         equ	3872	;# 
  1122   000F21                     TXB2SIDH        equ	3873	;# 
  1123   000F22                     TXB2SIDL        equ	3874	;# 
  1124   000F23                     TXB2EIDH        equ	3875	;# 
  1125   000F24                     TXB2EIDL        equ	3876	;# 
  1126   000F25                     TXB2DLC         equ	3877	;# 
  1127   000F26                     TXB2D0          equ	3878	;# 
  1128   000F27                     TXB2D1          equ	3879	;# 
  1129   000F28                     TXB2D2          equ	3880	;# 
  1130   000F29                     TXB2D3          equ	3881	;# 
  1131   000F2A                     TXB2D4          equ	3882	;# 
  1132   000F2B                     TXB2D5          equ	3883	;# 
  1133   000F2C                     TXB2D6          equ	3884	;# 
  1134   000F2D                     TXB2D7          equ	3885	;# 
  1135   000F2E                     CANSTAT_RO3     equ	3886	;# 
  1136   000F2F                     CANCON_RO3      equ	3887	;# 
  1137   000F30                     TXB1CON         equ	3888	;# 
  1138   000F31                     TXB1SIDH        equ	3889	;# 
  1139   000F32                     TXB1SIDL        equ	3890	;# 
  1140   000F33                     TXB1EIDH        equ	3891	;# 
  1141   000F34                     TXB1EIDL        equ	3892	;# 
  1142   000F35                     TXB1DLC         equ	3893	;# 
  1143   000F36                     TXB1D0          equ	3894	;# 
  1144   000F37                     TXB1D1          equ	3895	;# 
  1145   000F38                     TXB1D2          equ	3896	;# 
  1146   000F39                     TXB1D3          equ	3897	;# 
  1147   000F3A                     TXB1D4          equ	3898	;# 
  1148   000F3B                     TXB1D5          equ	3899	;# 
  1149   000F3C                     TXB1D6          equ	3900	;# 
  1150   000F3D                     TXB1D7          equ	3901	;# 
  1151   000F3E                     CANSTAT_RO2     equ	3902	;# 
  1152   000F3F                     CANCON_RO2      equ	3903	;# 
  1153   000F40                     TXB0CON         equ	3904	;# 
  1154   000F41                     TXB0SIDH        equ	3905	;# 
  1155   000F42                     TXB0SIDL        equ	3906	;# 
  1156   000F43                     TXB0EIDH        equ	3907	;# 
  1157   000F44                     TXB0EIDL        equ	3908	;# 
  1158   000F45                     TXB0DLC         equ	3909	;# 
  1159   000F46                     TXB0D0          equ	3910	;# 
  1160   000F47                     TXB0D1          equ	3911	;# 
  1161   000F48                     TXB0D2          equ	3912	;# 
  1162   000F49                     TXB0D3          equ	3913	;# 
  1163   000F4A                     TXB0D4          equ	3914	;# 
  1164   000F4B                     TXB0D5          equ	3915	;# 
  1165   000F4C                     TXB0D6          equ	3916	;# 
  1166   000F4D                     TXB0D7          equ	3917	;# 
  1167   000F4E                     CANSTAT_RO1     equ	3918	;# 
  1168   000F4F                     CANCON_RO1      equ	3919	;# 
  1169   000F50                     RXB1CON         equ	3920	;# 
  1170   000F51                     RXB1SIDH        equ	3921	;# 
  1171   000F52                     RXB1SIDL        equ	3922	;# 
  1172   000F53                     RXB1EIDH        equ	3923	;# 
  1173   000F54                     RXB1EIDL        equ	3924	;# 
  1174   000F55                     RXB1DLC         equ	3925	;# 
  1175   000F56                     RXB1D0          equ	3926	;# 
  1176   000F57                     RXB1D1          equ	3927	;# 
  1177   000F58                     RXB1D2          equ	3928	;# 
  1178   000F59                     RXB1D3          equ	3929	;# 
  1179   000F5A                     RXB1D4          equ	3930	;# 
  1180   000F5B                     RXB1D5          equ	3931	;# 
  1181   000F5C                     RXB1D6          equ	3932	;# 
  1182   000F5D                     RXB1D7          equ	3933	;# 
  1183   000F5E                     CANSTAT_RO0     equ	3934	;# 
  1184   000F5F                     CANCON_RO0      equ	3935	;# 
  1185   000F60                     RXB0CON         equ	3936	;# 
  1186   000F61                     RXB0SIDH        equ	3937	;# 
  1187   000F62                     RXB0SIDL        equ	3938	;# 
  1188   000F63                     RXB0EIDH        equ	3939	;# 
  1189   000F64                     RXB0EIDL        equ	3940	;# 
  1190   000F65                     RXB0DLC         equ	3941	;# 
  1191   000F66                     RXB0D0          equ	3942	;# 
  1192   000F67                     RXB0D1          equ	3943	;# 
  1193   000F68                     RXB0D2          equ	3944	;# 
  1194   000F69                     RXB0D3          equ	3945	;# 
  1195   000F6A                     RXB0D4          equ	3946	;# 
  1196   000F6B                     RXB0D5          equ	3947	;# 
  1197   000F6C                     RXB0D6          equ	3948	;# 
  1198   000F6D                     RXB0D7          equ	3949	;# 
  1199   000F6E                     CANSTAT         equ	3950	;# 
  1200   000F6F                     CANCON          equ	3951	;# 
  1201   000F70                     BRGCON1         equ	3952	;# 
  1202   000F71                     BRGCON2         equ	3953	;# 
  1203   000F72                     BRGCON3         equ	3954	;# 
  1204   000F73                     CIOCON          equ	3955	;# 
  1205   000F74                     COMSTAT         equ	3956	;# 
  1206   000F75                     RXERRCNT        equ	3957	;# 
  1207   000F76                     TXERRCNT        equ	3958	;# 
  1208   000F77                     ECANCON         equ	3959	;# 
  1209   000F80                     PORTA           equ	3968	;# 
  1210   000F81                     PORTB           equ	3969	;# 
  1211   000F82                     PORTC           equ	3970	;# 
  1212   000F83                     PORTD           equ	3971	;# 
  1213   000F84                     PORTE           equ	3972	;# 
  1214   000F89                     LATA            equ	3977	;# 
  1215   000F8A                     LATB            equ	3978	;# 
  1216   000F8B                     LATC            equ	3979	;# 
  1217   000F8C                     LATD            equ	3980	;# 
  1218   000F8D                     LATE            equ	3981	;# 
  1219   000F92                     TRISA           equ	3986	;# 
  1220   000F92                     DDRA            equ	3986	;# 
  1221   000F93                     TRISB           equ	3987	;# 
  1222   000F93                     DDRB            equ	3987	;# 
  1223   000F94                     TRISC           equ	3988	;# 
  1224   000F94                     DDRC            equ	3988	;# 
  1225   000F95                     TRISD           equ	3989	;# 
  1226   000F95                     DDRD            equ	3989	;# 
  1227   000F96                     TRISE           equ	3990	;# 
  1228   000F96                     DDRE            equ	3990	;# 
  1229   000F9B                     OSCTUNE         equ	3995	;# 
  1230   000F9D                     PIE1            equ	3997	;# 
  1231   000F9E                     PIR1            equ	3998	;# 
  1232   000F9F                     IPR1            equ	3999	;# 
  1233   000FA0                     PIE2            equ	4000	;# 
  1234   000FA1                     PIR2            equ	4001	;# 
  1235   000FA2                     IPR2            equ	4002	;# 
  1236   000FA3                     PIE3            equ	4003	;# 
  1237   000FA4                     PIR3            equ	4004	;# 
  1238   000FA5                     IPR3            equ	4005	;# 
  1239   000FA6                     EECON1          equ	4006	;# 
  1240   000FA7                     EECON2          equ	4007	;# 
  1241   000FA8                     EEDATA          equ	4008	;# 
  1242   000FA9                     EEADR           equ	4009	;# 
  1243   000FAB                     RCSTA           equ	4011	;# 
  1244   000FAB                     RCSTA1          equ	4011	;# 
  1245   000FAC                     TXSTA           equ	4012	;# 
  1246   000FAC                     TXSTA1          equ	4012	;# 
  1247   000FAD                     TXREG           equ	4013	;# 
  1248   000FAD                     TXREG1          equ	4013	;# 
  1249   000FAE                     RCREG           equ	4014	;# 
  1250   000FAE                     RCREG1          equ	4014	;# 
  1251   000FAF                     SPBRG           equ	4015	;# 
  1252   000FAF                     SPBRG1          equ	4015	;# 
  1253   000FB0                     SPBRGH          equ	4016	;# 
  1254   000FB1                     T3CON           equ	4017	;# 
  1255   000FB2                     TMR3            equ	4018	;# 
  1256   000FB2                     TMR3L           equ	4018	;# 
  1257   000FB3                     TMR3H           equ	4019	;# 
  1258   000FB4                     CMCON           equ	4020	;# 
  1259   000FB5                     CVRCON          equ	4021	;# 
  1260   000FB6                     ECCP1AS         equ	4022	;# 
  1261   000FB7                     ECCP1DEL        equ	4023	;# 
  1262   000FB8                     BAUDCON         equ	4024	;# 
  1263   000FB8                     BAUDCTL         equ	4024	;# 
  1264   000FBA                     ECCP1CON        equ	4026	;# 
  1265   000FBB                     ECCPR1          equ	4027	;# 
  1266   000FBB                     ECCPR1L         equ	4027	;# 
  1267   000FBC                     ECCPR1H         equ	4028	;# 
  1268   000FBD                     CCP1CON         equ	4029	;# 
  1269   000FBE                     CCPR1           equ	4030	;# 
  1270   000FBE                     CCPR1L          equ	4030	;# 
  1271   000FBF                     CCPR1H          equ	4031	;# 
  1272   000FC0                     ADCON2          equ	4032	;# 
  1273   000FC1                     ADCON1          equ	4033	;# 
  1274   000FC2                     ADCON0          equ	4034	;# 
  1275   000FC3                     ADRES           equ	4035	;# 
  1276   000FC3                     ADRESL          equ	4035	;# 
  1277   000FC4                     ADRESH          equ	4036	;# 
  1278   000FC5                     SSPCON2         equ	4037	;# 
  1279   000FC6                     SSPCON1         equ	4038	;# 
  1280   000FC7                     SSPSTAT         equ	4039	;# 
  1281   000FC8                     SSPADD          equ	4040	;# 
  1282   000FC9                     SSPBUF          equ	4041	;# 
  1283   000FCA                     T2CON           equ	4042	;# 
  1284   000FCB                     PR2             equ	4043	;# 
  1285   000FCB                     MEMCON          equ	4043	;# 
  1286   000FCC                     TMR2            equ	4044	;# 
  1287   000FCD                     T1CON           equ	4045	;# 
  1288   000FCE                     TMR1            equ	4046	;# 
  1289   000FCE                     TMR1L           equ	4046	;# 
  1290   000FCF                     TMR1H           equ	4047	;# 
  1291   000FD0                     RCON            equ	4048	;# 
  1292   000FD1                     WDTCON          equ	4049	;# 
  1293   000FD2                     HLVDCON         equ	4050	;# 
  1294   000FD2                     LVDCON          equ	4050	;# 
  1295   000FD3                     OSCCON          equ	4051	;# 
  1296   000FD5                     T0CON           equ	4053	;# 
  1297   000FD6                     TMR0            equ	4054	;# 
  1298   000FD6                     TMR0L           equ	4054	;# 
  1299   000FD7                     TMR0H           equ	4055	;# 
  1300   000FD8                     STATUS          equ	4056	;# 
  1301   000FD9                     FSR2            equ	4057	;# 
  1302   000FD9                     FSR2L           equ	4057	;# 
  1303   000FDA                     FSR2H           equ	4058	;# 
  1304   000FDB                     PLUSW2          equ	4059	;# 
  1305   000FDC                     PREINC2         equ	4060	;# 
  1306   000FDD                     POSTDEC2        equ	4061	;# 
  1307   000FDE                     POSTINC2        equ	4062	;# 
  1308   000FDF                     INDF2           equ	4063	;# 
  1309   000FE0                     BSR             equ	4064	;# 
  1310   000FE1                     FSR1            equ	4065	;# 
  1311   000FE1                     FSR1L           equ	4065	;# 
  1312   000FE2                     FSR1H           equ	4066	;# 
  1313   000FE3                     PLUSW1          equ	4067	;# 
  1314   000FE4                     PREINC1         equ	4068	;# 
  1315   000FE5                     POSTDEC1        equ	4069	;# 
  1316   000FE6                     POSTINC1        equ	4070	;# 
  1317   000FE7                     INDF1           equ	4071	;# 
  1318   000FE8                     WREG            equ	4072	;# 
  1319   000FE9                     FSR0            equ	4073	;# 
  1320   000FE9                     FSR0L           equ	4073	;# 
  1321   000FEA                     FSR0H           equ	4074	;# 
  1322   000FEB                     PLUSW0          equ	4075	;# 
  1323   000FEC                     PREINC0         equ	4076	;# 
  1324   000FED                     POSTDEC0        equ	4077	;# 
  1325   000FEE                     POSTINC0        equ	4078	;# 
  1326   000FEF                     INDF0           equ	4079	;# 
  1327   000FF0                     INTCON3         equ	4080	;# 
  1328   000FF1                     INTCON2         equ	4081	;# 
  1329   000FF2                     INTCON          equ	4082	;# 
  1330   000FF3                     PROD            equ	4083	;# 
  1331   000FF3                     PRODL           equ	4083	;# 
  1332   000FF4                     PRODH           equ	4084	;# 
  1333   000FF5                     TABLAT          equ	4085	;# 
  1334   000FF6                     TBLPTR          equ	4086	;# 
  1335   000FF6                     TBLPTRL         equ	4086	;# 
  1336   000FF7                     TBLPTRH         equ	4087	;# 
  1337   000FF8                     TBLPTRU         equ	4088	;# 
  1338   000FF9                     PCLAT           equ	4089	;# 
  1339   000FF9                     PC              equ	4089	;# 
  1340   000FF9                     PCL             equ	4089	;# 
  1341   000FFA                     PCLATH          equ	4090	;# 
  1342   000FFB                     PCLATU          equ	4091	;# 
  1343   000FFC                     STKPTR          equ	4092	;# 
  1344   000FFD                     TOS             equ	4093	;# 
  1345   000FFD                     TOSL            equ	4093	;# 
  1346   000FFE                     TOSH            equ	4094	;# 
  1347   000FFF                     TOSU            equ	4095	;# 
  1348   000D60                     RXF6SIDH        equ	3424	;# 
  1349   000D61                     RXF6SIDL        equ	3425	;# 
  1350   000D62                     RXF6EIDH        equ	3426	;# 
  1351   000D63                     RXF6EIDL        equ	3427	;# 
  1352   000D64                     RXF7SIDH        equ	3428	;# 
  1353   000D65                     RXF7SIDL        equ	3429	;# 
  1354   000D66                     RXF7EIDH        equ	3430	;# 
  1355   000D67                     RXF7EIDL        equ	3431	;# 
  1356   000D68                     RXF8SIDH        equ	3432	;# 
  1357   000D69                     RXF8SIDL        equ	3433	;# 
  1358   000D6A                     RXF8EIDH        equ	3434	;# 
  1359   000D6B                     RXF8EIDL        equ	3435	;# 
  1360   000D70                     RXF9SIDH        equ	3440	;# 
  1361   000D71                     RXF9SIDL        equ	3441	;# 
  1362   000D72                     RXF9EIDH        equ	3442	;# 
  1363   000D73                     RXF9EIDL        equ	3443	;# 
  1364   000D74                     RXF10SIDH       equ	3444	;# 
  1365   000D75                     RXF10SIDL       equ	3445	;# 
  1366   000D76                     RXF10EIDH       equ	3446	;# 
  1367   000D77                     RXF10EIDL       equ	3447	;# 
  1368   000D78                     RXF11SIDH       equ	3448	;# 
  1369   000D79                     RXF11SIDL       equ	3449	;# 
  1370   000D7A                     RXF11EIDH       equ	3450	;# 
  1371   000D7B                     RXF11EIDL       equ	3451	;# 
  1372   000D80                     RXF12SIDH       equ	3456	;# 
  1373   000D81                     RXF12SIDL       equ	3457	;# 
  1374   000D82                     RXF12EIDH       equ	3458	;# 
  1375   000D83                     RXF12EIDL       equ	3459	;# 
  1376   000D84                     RXF13SIDH       equ	3460	;# 
  1377   000D85                     RXF13SIDL       equ	3461	;# 
  1378   000D86                     RXF13EIDH       equ	3462	;# 
  1379   000D87                     RXF13EIDL       equ	3463	;# 
  1380   000D88                     RXF14SIDH       equ	3464	;# 
  1381   000D89                     RXF14SIDL       equ	3465	;# 
  1382   000D8A                     RXF14EIDH       equ	3466	;# 
  1383   000D8B                     RXF14EIDL       equ	3467	;# 
  1384   000D90                     RXF15SIDH       equ	3472	;# 
  1385   000D91                     RXF15SIDL       equ	3473	;# 
  1386   000D92                     RXF15EIDH       equ	3474	;# 
  1387   000D93                     RXF15EIDL       equ	3475	;# 
  1388   000DD4                     RXFCON0         equ	3540	;# 
  1389   000DD5                     RXFCON1         equ	3541	;# 
  1390   000DD8                     SDFLC           equ	3544	;# 
  1391   000DE0                     RXFBCON0        equ	3552	;# 
  1392   000DE1                     RXFBCON1        equ	3553	;# 
  1393   000DE2                     RXFBCON2        equ	3554	;# 
  1394   000DE3                     RXFBCON3        equ	3555	;# 
  1395   000DE4                     RXFBCON4        equ	3556	;# 
  1396   000DE5                     RXFBCON5        equ	3557	;# 
  1397   000DE6                     RXFBCON6        equ	3558	;# 
  1398   000DE7                     RXFBCON7        equ	3559	;# 
  1399   000DF0                     MSEL0           equ	3568	;# 
  1400   000DF1                     MSEL1           equ	3569	;# 
  1401   000DF2                     MSEL2           equ	3570	;# 
  1402   000DF3                     MSEL3           equ	3571	;# 
  1403   000DF8                     BSEL0           equ	3576	;# 
  1404   000DFA                     BIE0            equ	3578	;# 
  1405   000DFC                     TXBIE           equ	3580	;# 
  1406   000E20                     B0CON           equ	3616	;# 
  1407   000E21                     B0SIDH          equ	3617	;# 
  1408   000E22                     B0SIDL          equ	3618	;# 
  1409   000E23                     B0EIDH          equ	3619	;# 
  1410   000E24                     B0EIDL          equ	3620	;# 
  1411   000E25                     B0DLC           equ	3621	;# 
  1412   000E26                     B0D0            equ	3622	;# 
  1413   000E27                     B0D1            equ	3623	;# 
  1414   000E28                     B0D2            equ	3624	;# 
  1415   000E29                     B0D3            equ	3625	;# 
  1416   000E2A                     B0D4            equ	3626	;# 
  1417   000E2B                     B0D5            equ	3627	;# 
  1418   000E2C                     B0D6            equ	3628	;# 
  1419   000E2D                     B0D7            equ	3629	;# 
  1420   000E2E                     CANSTAT_RO9     equ	3630	;# 
  1421   000E2F                     CANCON_RO9      equ	3631	;# 
  1422   000E30                     B1CON           equ	3632	;# 
  1423   000E31                     B1SIDH          equ	3633	;# 
  1424   000E32                     B1SIDL          equ	3634	;# 
  1425   000E33                     B1EIDH          equ	3635	;# 
  1426   000E34                     B1EIDL          equ	3636	;# 
  1427   000E35                     B1DLC           equ	3637	;# 
  1428   000E36                     B1D0            equ	3638	;# 
  1429   000E37                     B1D1            equ	3639	;# 
  1430   000E38                     B1D2            equ	3640	;# 
  1431   000E39                     B1D3            equ	3641	;# 
  1432   000E3A                     B1D4            equ	3642	;# 
  1433   000E3B                     B1D5            equ	3643	;# 
  1434   000E3C                     B1D6            equ	3644	;# 
  1435   000E3D                     B1D7            equ	3645	;# 
  1436   000E3E                     CANSTAT_RO8     equ	3646	;# 
  1437   000E3F                     CANCON_RO8      equ	3647	;# 
  1438   000E40                     B2CON           equ	3648	;# 
  1439   000E41                     B2SIDH          equ	3649	;# 
  1440   000E42                     B2SIDL          equ	3650	;# 
  1441   000E43                     B2EIDH          equ	3651	;# 
  1442   000E44                     B2EIDL          equ	3652	;# 
  1443   000E45                     B2DLC           equ	3653	;# 
  1444   000E46                     B2D0            equ	3654	;# 
  1445   000E47                     B2D1            equ	3655	;# 
  1446   000E48                     B2D2            equ	3656	;# 
  1447   000E49                     B2D3            equ	3657	;# 
  1448   000E4A                     B2D4            equ	3658	;# 
  1449   000E4B                     B2D5            equ	3659	;# 
  1450   000E4C                     B2D6            equ	3660	;# 
  1451   000E4D                     B2D7            equ	3661	;# 
  1452   000E4E                     CANSTAT_RO7     equ	3662	;# 
  1453   000E4F                     CANCON_RO7      equ	3663	;# 
  1454   000E50                     B3CON           equ	3664	;# 
  1455   000E51                     B3SIDH          equ	3665	;# 
  1456   000E52                     B3SIDL          equ	3666	;# 
  1457   000E53                     B3EIDH          equ	3667	;# 
  1458   000E54                     B3EIDL          equ	3668	;# 
  1459   000E55                     B3DLC           equ	3669	;# 
  1460   000E56                     B3D0            equ	3670	;# 
  1461   000E57                     B3D1            equ	3671	;# 
  1462   000E58                     B3D2            equ	3672	;# 
  1463   000E59                     B3D3            equ	3673	;# 
  1464   000E5A                     B3D4            equ	3674	;# 
  1465   000E5B                     B3D5            equ	3675	;# 
  1466   000E5C                     B3D6            equ	3676	;# 
  1467   000E5D                     B3D7            equ	3677	;# 
  1468   000E5E                     CANSTAT_RO6     equ	3678	;# 
  1469   000E5F                     CANCON_RO6      equ	3679	;# 
  1470   000E60                     B4CON           equ	3680	;# 
  1471   000E61                     B4SIDH          equ	3681	;# 
  1472   000E62                     B4SIDL          equ	3682	;# 
  1473   000E63                     B4EIDH          equ	3683	;# 
  1474   000E64                     B4EIDL          equ	3684	;# 
  1475   000E65                     B4DLC           equ	3685	;# 
  1476   000E66                     B4D0            equ	3686	;# 
  1477   000E67                     B4D1            equ	3687	;# 
  1478   000E68                     B4D2            equ	3688	;# 
  1479   000E69                     B4D3            equ	3689	;# 
  1480   000E6A                     B4D4            equ	3690	;# 
  1481   000E6B                     B4D5            equ	3691	;# 
  1482   000E6C                     B4D6            equ	3692	;# 
  1483   000E6D                     B4D7            equ	3693	;# 
  1484   000E6E                     CANSTAT_RO5     equ	3694	;# 
  1485   000E6F                     CANCON_RO5      equ	3695	;# 
  1486   000E70                     B5CON           equ	3696	;# 
  1487   000E71                     B5SIDH          equ	3697	;# 
  1488   000E72                     B5SIDL          equ	3698	;# 
  1489   000E73                     B5EIDH          equ	3699	;# 
  1490   000E74                     B5EIDL          equ	3700	;# 
  1491   000E75                     B5DLC           equ	3701	;# 
  1492   000E76                     B5D0            equ	3702	;# 
  1493   000E77                     B5D1            equ	3703	;# 
  1494   000E78                     B5D2            equ	3704	;# 
  1495   000E79                     B5D3            equ	3705	;# 
  1496   000E7A                     B5D4            equ	3706	;# 
  1497   000E7B                     B5D5            equ	3707	;# 
  1498   000E7C                     B5D6            equ	3708	;# 
  1499   000E7D                     B5D7            equ	3709	;# 
  1500   000E7E                     CANSTAT_RO4     equ	3710	;# 
  1501   000E7F                     CANCON_RO4      equ	3711	;# 
  1502   000F00                     RXF0SIDH        equ	3840	;# 
  1503   000F01                     RXF0SIDL        equ	3841	;# 
  1504   000F02                     RXF0EIDH        equ	3842	;# 
  1505   000F03                     RXF0EIDL        equ	3843	;# 
  1506   000F04                     RXF1SIDH        equ	3844	;# 
  1507   000F05                     RXF1SIDL        equ	3845	;# 
  1508   000F06                     RXF1EIDH        equ	3846	;# 
  1509   000F07                     RXF1EIDL        equ	3847	;# 
  1510   000F08                     RXF2SIDH        equ	3848	;# 
  1511   000F09                     RXF2SIDL        equ	3849	;# 
  1512   000F0A                     RXF2EIDH        equ	3850	;# 
  1513   000F0B                     RXF2EIDL        equ	3851	;# 
  1514   000F0C                     RXF3SIDH        equ	3852	;# 
  1515   000F0D                     RXF3SIDL        equ	3853	;# 
  1516   000F0E                     RXF3EIDH        equ	3854	;# 
  1517   000F0F                     RXF3EIDL        equ	3855	;# 
  1518   000F10                     RXF4SIDH        equ	3856	;# 
  1519   000F11                     RXF4SIDL        equ	3857	;# 
  1520   000F12                     RXF4EIDH        equ	3858	;# 
  1521   000F13                     RXF4EIDL        equ	3859	;# 
  1522   000F14                     RXF5SIDH        equ	3860	;# 
  1523   000F15                     RXF5SIDL        equ	3861	;# 
  1524   000F16                     RXF5EIDH        equ	3862	;# 
  1525   000F17                     RXF5EIDL        equ	3863	;# 
  1526   000F18                     RXM0SIDH        equ	3864	;# 
  1527   000F19                     RXM0SIDL        equ	3865	;# 
  1528   000F1A                     RXM0EIDH        equ	3866	;# 
  1529   000F1B                     RXM0EIDL        equ	3867	;# 
  1530   000F1C                     RXM1SIDH        equ	3868	;# 
  1531   000F1D                     RXM1SIDL        equ	3869	;# 
  1532   000F1E                     RXM1EIDH        equ	3870	;# 
  1533   000F1F                     RXM1EIDL        equ	3871	;# 
  1534   000F20                     TXB2CON         equ	3872	;# 
  1535   000F21                     TXB2SIDH        equ	3873	;# 
  1536   000F22                     TXB2SIDL        equ	3874	;# 
  1537   000F23                     TXB2EIDH        equ	3875	;# 
  1538   000F24                     TXB2EIDL        equ	3876	;# 
  1539   000F25                     TXB2DLC         equ	3877	;# 
  1540   000F26                     TXB2D0          equ	3878	;# 
  1541   000F27                     TXB2D1          equ	3879	;# 
  1542   000F28                     TXB2D2          equ	3880	;# 
  1543   000F29                     TXB2D3          equ	3881	;# 
  1544   000F2A                     TXB2D4          equ	3882	;# 
  1545   000F2B                     TXB2D5          equ	3883	;# 
  1546   000F2C                     TXB2D6          equ	3884	;# 
  1547   000F2D                     TXB2D7          equ	3885	;# 
  1548   000F2E                     CANSTAT_RO3     equ	3886	;# 
  1549   000F2F                     CANCON_RO3      equ	3887	;# 
  1550   000F30                     TXB1CON         equ	3888	;# 
  1551   000F31                     TXB1SIDH        equ	3889	;# 
  1552   000F32                     TXB1SIDL        equ	3890	;# 
  1553   000F33                     TXB1EIDH        equ	3891	;# 
  1554   000F34                     TXB1EIDL        equ	3892	;# 
  1555   000F35                     TXB1DLC         equ	3893	;# 
  1556   000F36                     TXB1D0          equ	3894	;# 
  1557   000F37                     TXB1D1          equ	3895	;# 
  1558   000F38                     TXB1D2          equ	3896	;# 
  1559   000F39                     TXB1D3          equ	3897	;# 
  1560   000F3A                     TXB1D4          equ	3898	;# 
  1561   000F3B                     TXB1D5          equ	3899	;# 
  1562   000F3C                     TXB1D6          equ	3900	;# 
  1563   000F3D                     TXB1D7          equ	3901	;# 
  1564   000F3E                     CANSTAT_RO2     equ	3902	;# 
  1565   000F3F                     CANCON_RO2      equ	3903	;# 
  1566   000F40                     TXB0CON         equ	3904	;# 
  1567   000F41                     TXB0SIDH        equ	3905	;# 
  1568   000F42                     TXB0SIDL        equ	3906	;# 
  1569   000F43                     TXB0EIDH        equ	3907	;# 
  1570   000F44                     TXB0EIDL        equ	3908	;# 
  1571   000F45                     TXB0DLC         equ	3909	;# 
  1572   000F46                     TXB0D0          equ	3910	;# 
  1573   000F47                     TXB0D1          equ	3911	;# 
  1574   000F48                     TXB0D2          equ	3912	;# 
  1575   000F49                     TXB0D3          equ	3913	;# 
  1576   000F4A                     TXB0D4          equ	3914	;# 
  1577   000F4B                     TXB0D5          equ	3915	;# 
  1578   000F4C                     TXB0D6          equ	3916	;# 
  1579   000F4D                     TXB0D7          equ	3917	;# 
  1580   000F4E                     CANSTAT_RO1     equ	3918	;# 
  1581   000F4F                     CANCON_RO1      equ	3919	;# 
  1582   000F50                     RXB1CON         equ	3920	;# 
  1583   000F51                     RXB1SIDH        equ	3921	;# 
  1584   000F52                     RXB1SIDL        equ	3922	;# 
  1585   000F53                     RXB1EIDH        equ	3923	;# 
  1586   000F54                     RXB1EIDL        equ	3924	;# 
  1587   000F55                     RXB1DLC         equ	3925	;# 
  1588   000F56                     RXB1D0          equ	3926	;# 
  1589   000F57                     RXB1D1          equ	3927	;# 
  1590   000F58                     RXB1D2          equ	3928	;# 
  1591   000F59                     RXB1D3          equ	3929	;# 
  1592   000F5A                     RXB1D4          equ	3930	;# 
  1593   000F5B                     RXB1D5          equ	3931	;# 
  1594   000F5C                     RXB1D6          equ	3932	;# 
  1595   000F5D                     RXB1D7          equ	3933	;# 
  1596   000F5E                     CANSTAT_RO0     equ	3934	;# 
  1597   000F5F                     CANCON_RO0      equ	3935	;# 
  1598   000F60                     RXB0CON         equ	3936	;# 
  1599   000F61                     RXB0SIDH        equ	3937	;# 
  1600   000F62                     RXB0SIDL        equ	3938	;# 
  1601   000F63                     RXB0EIDH        equ	3939	;# 
  1602   000F64                     RXB0EIDL        equ	3940	;# 
  1603   000F65                     RXB0DLC         equ	3941	;# 
  1604   000F66                     RXB0D0          equ	3942	;# 
  1605   000F67                     RXB0D1          equ	3943	;# 
  1606   000F68                     RXB0D2          equ	3944	;# 
  1607   000F69                     RXB0D3          equ	3945	;# 
  1608   000F6A                     RXB0D4          equ	3946	;# 
  1609   000F6B                     RXB0D5          equ	3947	;# 
  1610   000F6C                     RXB0D6          equ	3948	;# 
  1611   000F6D                     RXB0D7          equ	3949	;# 
  1612   000F6E                     CANSTAT         equ	3950	;# 
  1613   000F6F                     CANCON          equ	3951	;# 
  1614   000F70                     BRGCON1         equ	3952	;# 
  1615   000F71                     BRGCON2         equ	3953	;# 
  1616   000F72                     BRGCON3         equ	3954	;# 
  1617   000F73                     CIOCON          equ	3955	;# 
  1618   000F74                     COMSTAT         equ	3956	;# 
  1619   000F75                     RXERRCNT        equ	3957	;# 
  1620   000F76                     TXERRCNT        equ	3958	;# 
  1621   000F77                     ECANCON         equ	3959	;# 
  1622   000F80                     PORTA           equ	3968	;# 
  1623   000F81                     PORTB           equ	3969	;# 
  1624   000F82                     PORTC           equ	3970	;# 
  1625   000F83                     PORTD           equ	3971	;# 
  1626   000F84                     PORTE           equ	3972	;# 
  1627   000F89                     LATA            equ	3977	;# 
  1628   000F8A                     LATB            equ	3978	;# 
  1629   000F8B                     LATC            equ	3979	;# 
  1630   000F8C                     LATD            equ	3980	;# 
  1631   000F8D                     LATE            equ	3981	;# 
  1632   000F92                     TRISA           equ	3986	;# 
  1633   000F92                     DDRA            equ	3986	;# 
  1634   000F93                     TRISB           equ	3987	;# 
  1635   000F93                     DDRB            equ	3987	;# 
  1636   000F94                     TRISC           equ	3988	;# 
  1637   000F94                     DDRC            equ	3988	;# 
  1638   000F95                     TRISD           equ	3989	;# 
  1639   000F95                     DDRD            equ	3989	;# 
  1640   000F96                     TRISE           equ	3990	;# 
  1641   000F96                     DDRE            equ	3990	;# 
  1642   000F9B                     OSCTUNE         equ	3995	;# 
  1643   000F9D                     PIE1            equ	3997	;# 
  1644   000F9E                     PIR1            equ	3998	;# 
  1645   000F9F                     IPR1            equ	3999	;# 
  1646   000FA0                     PIE2            equ	4000	;# 
  1647   000FA1                     PIR2            equ	4001	;# 
  1648   000FA2                     IPR2            equ	4002	;# 
  1649   000FA3                     PIE3            equ	4003	;# 
  1650   000FA4                     PIR3            equ	4004	;# 
  1651   000FA5                     IPR3            equ	4005	;# 
  1652   000FA6                     EECON1          equ	4006	;# 
  1653   000FA7                     EECON2          equ	4007	;# 
  1654   000FA8                     EEDATA          equ	4008	;# 
  1655   000FA9                     EEADR           equ	4009	;# 
  1656   000FAB                     RCSTA           equ	4011	;# 
  1657   000FAB                     RCSTA1          equ	4011	;# 
  1658   000FAC                     TXSTA           equ	4012	;# 
  1659   000FAC                     TXSTA1          equ	4012	;# 
  1660   000FAD                     TXREG           equ	4013	;# 
  1661   000FAD                     TXREG1          equ	4013	;# 
  1662   000FAE                     RCREG           equ	4014	;# 
  1663   000FAE                     RCREG1          equ	4014	;# 
  1664   000FAF                     SPBRG           equ	4015	;# 
  1665   000FAF                     SPBRG1          equ	4015	;# 
  1666   000FB0                     SPBRGH          equ	4016	;# 
  1667   000FB1                     T3CON           equ	4017	;# 
  1668   000FB2                     TMR3            equ	4018	;# 
  1669   000FB2                     TMR3L           equ	4018	;# 
  1670   000FB3                     TMR3H           equ	4019	;# 
  1671   000FB4                     CMCON           equ	4020	;# 
  1672   000FB5                     CVRCON          equ	4021	;# 
  1673   000FB6                     ECCP1AS         equ	4022	;# 
  1674   000FB7                     ECCP1DEL        equ	4023	;# 
  1675   000FB8                     BAUDCON         equ	4024	;# 
  1676   000FB8                     BAUDCTL         equ	4024	;# 
  1677   000FBA                     ECCP1CON        equ	4026	;# 
  1678   000FBB                     ECCPR1          equ	4027	;# 
  1679   000FBB                     ECCPR1L         equ	4027	;# 
  1680   000FBC                     ECCPR1H         equ	4028	;# 
  1681   000FBD                     CCP1CON         equ	4029	;# 
  1682   000FBE                     CCPR1           equ	4030	;# 
  1683   000FBE                     CCPR1L          equ	4030	;# 
  1684   000FBF                     CCPR1H          equ	4031	;# 
  1685   000FC0                     ADCON2          equ	4032	;# 
  1686   000FC1                     ADCON1          equ	4033	;# 
  1687   000FC2                     ADCON0          equ	4034	;# 
  1688   000FC3                     ADRES           equ	4035	;# 
  1689   000FC3                     ADRESL          equ	4035	;# 
  1690   000FC4                     ADRESH          equ	4036	;# 
  1691   000FC5                     SSPCON2         equ	4037	;# 
  1692   000FC6                     SSPCON1         equ	4038	;# 
  1693   000FC7                     SSPSTAT         equ	4039	;# 
  1694   000FC8                     SSPADD          equ	4040	;# 
  1695   000FC9                     SSPBUF          equ	4041	;# 
  1696   000FCA                     T2CON           equ	4042	;# 
  1697   000FCB                     PR2             equ	4043	;# 
  1698   000FCB                     MEMCON          equ	4043	;# 
  1699   000FCC                     TMR2            equ	4044	;# 
  1700   000FCD                     T1CON           equ	4045	;# 
  1701   000FCE                     TMR1            equ	4046	;# 
  1702   000FCE                     TMR1L           equ	4046	;# 
  1703   000FCF                     TMR1H           equ	4047	;# 
  1704   000FD0                     RCON            equ	4048	;# 
  1705   000FD1                     WDTCON          equ	4049	;# 
  1706   000FD2                     HLVDCON         equ	4050	;# 
  1707   000FD2                     LVDCON          equ	4050	;# 
  1708   000FD3                     OSCCON          equ	4051	;# 
  1709   000FD5                     T0CON           equ	4053	;# 
  1710   000FD6                     TMR0            equ	4054	;# 
  1711   000FD6                     TMR0L           equ	4054	;# 
  1712   000FD7                     TMR0H           equ	4055	;# 
  1713   000FD8                     STATUS          equ	4056	;# 
  1714   000FD9                     FSR2            equ	4057	;# 
  1715   000FD9                     FSR2L           equ	4057	;# 
  1716   000FDA                     FSR2H           equ	4058	;# 
  1717   000FDB                     PLUSW2          equ	4059	;# 
  1718   000FDC                     PREINC2         equ	4060	;# 
  1719   000FDD                     POSTDEC2        equ	4061	;# 
  1720   000FDE                     POSTINC2        equ	4062	;# 
  1721   000FDF                     INDF2           equ	4063	;# 
  1722   000FE0                     BSR             equ	4064	;# 
  1723   000FE1                     FSR1            equ	4065	;# 
  1724   000FE1                     FSR1L           equ	4065	;# 
  1725   000FE2                     FSR1H           equ	4066	;# 
  1726   000FE3                     PLUSW1          equ	4067	;# 
  1727   000FE4                     PREINC1         equ	4068	;# 
  1728   000FE5                     POSTDEC1        equ	4069	;# 
  1729   000FE6                     POSTINC1        equ	4070	;# 
  1730   000FE7                     INDF1           equ	4071	;# 
  1731   000FE8                     WREG            equ	4072	;# 
  1732   000FE9                     FSR0            equ	4073	;# 
  1733   000FE9                     FSR0L           equ	4073	;# 
  1734   000FEA                     FSR0H           equ	4074	;# 
  1735   000FEB                     PLUSW0          equ	4075	;# 
  1736   000FEC                     PREINC0         equ	4076	;# 
  1737   000FED                     POSTDEC0        equ	4077	;# 
  1738   000FEE                     POSTINC0        equ	4078	;# 
  1739   000FEF                     INDF0           equ	4079	;# 
  1740   000FF0                     INTCON3         equ	4080	;# 
  1741   000FF1                     INTCON2         equ	4081	;# 
  1742   000FF2                     INTCON          equ	4082	;# 
  1743   000FF3                     PROD            equ	4083	;# 
  1744   000FF3                     PRODL           equ	4083	;# 
  1745   000FF4                     PRODH           equ	4084	;# 
  1746   000FF5                     TABLAT          equ	4085	;# 
  1747   000FF6                     TBLPTR          equ	4086	;# 
  1748   000FF6                     TBLPTRL         equ	4086	;# 
  1749   000FF7                     TBLPTRH         equ	4087	;# 
  1750   000FF8                     TBLPTRU         equ	4088	;# 
  1751   000FF9                     PCLAT           equ	4089	;# 
  1752   000FF9                     PC              equ	4089	;# 
  1753   000FF9                     PCL             equ	4089	;# 
  1754   000FFA                     PCLATH          equ	4090	;# 
  1755   000FFB                     PCLATU          equ	4091	;# 
  1756   000FFC                     STKPTR          equ	4092	;# 
  1757   000FFD                     TOS             equ	4093	;# 
  1758   000FFD                     TOSL            equ	4093	;# 
  1759   000FFE                     TOSH            equ	4094	;# 
  1760   000FFF                     TOSU            equ	4095	;# 
  1761   000D60                     RXF6SIDH        equ	3424	;# 
  1762   000D61                     RXF6SIDL        equ	3425	;# 
  1763   000D62                     RXF6EIDH        equ	3426	;# 
  1764   000D63                     RXF6EIDL        equ	3427	;# 
  1765   000D64                     RXF7SIDH        equ	3428	;# 
  1766   000D65                     RXF7SIDL        equ	3429	;# 
  1767   000D66                     RXF7EIDH        equ	3430	;# 
  1768   000D67                     RXF7EIDL        equ	3431	;# 
  1769   000D68                     RXF8SIDH        equ	3432	;# 
  1770   000D69                     RXF8SIDL        equ	3433	;# 
  1771   000D6A                     RXF8EIDH        equ	3434	;# 
  1772   000D6B                     RXF8EIDL        equ	3435	;# 
  1773   000D70                     RXF9SIDH        equ	3440	;# 
  1774   000D71                     RXF9SIDL        equ	3441	;# 
  1775   000D72                     RXF9EIDH        equ	3442	;# 
  1776   000D73                     RXF9EIDL        equ	3443	;# 
  1777   000D74                     RXF10SIDH       equ	3444	;# 
  1778   000D75                     RXF10SIDL       equ	3445	;# 
  1779   000D76                     RXF10EIDH       equ	3446	;# 
  1780   000D77                     RXF10EIDL       equ	3447	;# 
  1781   000D78                     RXF11SIDH       equ	3448	;# 
  1782   000D79                     RXF11SIDL       equ	3449	;# 
  1783   000D7A                     RXF11EIDH       equ	3450	;# 
  1784   000D7B                     RXF11EIDL       equ	3451	;# 
  1785   000D80                     RXF12SIDH       equ	3456	;# 
  1786   000D81                     RXF12SIDL       equ	3457	;# 
  1787   000D82                     RXF12EIDH       equ	3458	;# 
  1788   000D83                     RXF12EIDL       equ	3459	;# 
  1789   000D84                     RXF13SIDH       equ	3460	;# 
  1790   000D85                     RXF13SIDL       equ	3461	;# 
  1791   000D86                     RXF13EIDH       equ	3462	;# 
  1792   000D87                     RXF13EIDL       equ	3463	;# 
  1793   000D88                     RXF14SIDH       equ	3464	;# 
  1794   000D89                     RXF14SIDL       equ	3465	;# 
  1795   000D8A                     RXF14EIDH       equ	3466	;# 
  1796   000D8B                     RXF14EIDL       equ	3467	;# 
  1797   000D90                     RXF15SIDH       equ	3472	;# 
  1798   000D91                     RXF15SIDL       equ	3473	;# 
  1799   000D92                     RXF15EIDH       equ	3474	;# 
  1800   000D93                     RXF15EIDL       equ	3475	;# 
  1801   000DD4                     RXFCON0         equ	3540	;# 
  1802   000DD5                     RXFCON1         equ	3541	;# 
  1803   000DD8                     SDFLC           equ	3544	;# 
  1804   000DE0                     RXFBCON0        equ	3552	;# 
  1805   000DE1                     RXFBCON1        equ	3553	;# 
  1806   000DE2                     RXFBCON2        equ	3554	;# 
  1807   000DE3                     RXFBCON3        equ	3555	;# 
  1808   000DE4                     RXFBCON4        equ	3556	;# 
  1809   000DE5                     RXFBCON5        equ	3557	;# 
  1810   000DE6                     RXFBCON6        equ	3558	;# 
  1811   000DE7                     RXFBCON7        equ	3559	;# 
  1812   000DF0                     MSEL0           equ	3568	;# 
  1813   000DF1                     MSEL1           equ	3569	;# 
  1814   000DF2                     MSEL2           equ	3570	;# 
  1815   000DF3                     MSEL3           equ	3571	;# 
  1816   000DF8                     BSEL0           equ	3576	;# 
  1817   000DFA                     BIE0            equ	3578	;# 
  1818   000DFC                     TXBIE           equ	3580	;# 
  1819   000E20                     B0CON           equ	3616	;# 
  1820   000E21                     B0SIDH          equ	3617	;# 
  1821   000E22                     B0SIDL          equ	3618	;# 
  1822   000E23                     B0EIDH          equ	3619	;# 
  1823   000E24                     B0EIDL          equ	3620	;# 
  1824   000E25                     B0DLC           equ	3621	;# 
  1825   000E26                     B0D0            equ	3622	;# 
  1826   000E27                     B0D1            equ	3623	;# 
  1827   000E28                     B0D2            equ	3624	;# 
  1828   000E29                     B0D3            equ	3625	;# 
  1829   000E2A                     B0D4            equ	3626	;# 
  1830   000E2B                     B0D5            equ	3627	;# 
  1831   000E2C                     B0D6            equ	3628	;# 
  1832   000E2D                     B0D7            equ	3629	;# 
  1833   000E2E                     CANSTAT_RO9     equ	3630	;# 
  1834   000E2F                     CANCON_RO9      equ	3631	;# 
  1835   000E30                     B1CON           equ	3632	;# 
  1836   000E31                     B1SIDH          equ	3633	;# 
  1837   000E32                     B1SIDL          equ	3634	;# 
  1838   000E33                     B1EIDH          equ	3635	;# 
  1839   000E34                     B1EIDL          equ	3636	;# 
  1840   000E35                     B1DLC           equ	3637	;# 
  1841   000E36                     B1D0            equ	3638	;# 
  1842   000E37                     B1D1            equ	3639	;# 
  1843   000E38                     B1D2            equ	3640	;# 
  1844   000E39                     B1D3            equ	3641	;# 
  1845   000E3A                     B1D4            equ	3642	;# 
  1846   000E3B                     B1D5            equ	3643	;# 
  1847   000E3C                     B1D6            equ	3644	;# 
  1848   000E3D                     B1D7            equ	3645	;# 
  1849   000E3E                     CANSTAT_RO8     equ	3646	;# 
  1850   000E3F                     CANCON_RO8      equ	3647	;# 
  1851   000E40                     B2CON           equ	3648	;# 
  1852   000E41                     B2SIDH          equ	3649	;# 
  1853   000E42                     B2SIDL          equ	3650	;# 
  1854   000E43                     B2EIDH          equ	3651	;# 
  1855   000E44                     B2EIDL          equ	3652	;# 
  1856   000E45                     B2DLC           equ	3653	;# 
  1857   000E46                     B2D0            equ	3654	;# 
  1858   000E47                     B2D1            equ	3655	;# 
  1859   000E48                     B2D2            equ	3656	;# 
  1860   000E49                     B2D3            equ	3657	;# 
  1861   000E4A                     B2D4            equ	3658	;# 
  1862   000E4B                     B2D5            equ	3659	;# 
  1863   000E4C                     B2D6            equ	3660	;# 
  1864   000E4D                     B2D7            equ	3661	;# 
  1865   000E4E                     CANSTAT_RO7     equ	3662	;# 
  1866   000E4F                     CANCON_RO7      equ	3663	;# 
  1867   000E50                     B3CON           equ	3664	;# 
  1868   000E51                     B3SIDH          equ	3665	;# 
  1869   000E52                     B3SIDL          equ	3666	;# 
  1870   000E53                     B3EIDH          equ	3667	;# 
  1871   000E54                     B3EIDL          equ	3668	;# 
  1872   000E55                     B3DLC           equ	3669	;# 
  1873   000E56                     B3D0            equ	3670	;# 
  1874   000E57                     B3D1            equ	3671	;# 
  1875   000E58                     B3D2            equ	3672	;# 
  1876   000E59                     B3D3            equ	3673	;# 
  1877   000E5A                     B3D4            equ	3674	;# 
  1878   000E5B                     B3D5            equ	3675	;# 
  1879   000E5C                     B3D6            equ	3676	;# 
  1880   000E5D                     B3D7            equ	3677	;# 
  1881   000E5E                     CANSTAT_RO6     equ	3678	;# 
  1882   000E5F                     CANCON_RO6      equ	3679	;# 
  1883   000E60                     B4CON           equ	3680	;# 
  1884   000E61                     B4SIDH          equ	3681	;# 
  1885   000E62                     B4SIDL          equ	3682	;# 
  1886   000E63                     B4EIDH          equ	3683	;# 
  1887   000E64                     B4EIDL          equ	3684	;# 
  1888   000E65                     B4DLC           equ	3685	;# 
  1889   000E66                     B4D0            equ	3686	;# 
  1890   000E67                     B4D1            equ	3687	;# 
  1891   000E68                     B4D2            equ	3688	;# 
  1892   000E69                     B4D3            equ	3689	;# 
  1893   000E6A                     B4D4            equ	3690	;# 
  1894   000E6B                     B4D5            equ	3691	;# 
  1895   000E6C                     B4D6            equ	3692	;# 
  1896   000E6D                     B4D7            equ	3693	;# 
  1897   000E6E                     CANSTAT_RO5     equ	3694	;# 
  1898   000E6F                     CANCON_RO5      equ	3695	;# 
  1899   000E70                     B5CON           equ	3696	;# 
  1900   000E71                     B5SIDH          equ	3697	;# 
  1901   000E72                     B5SIDL          equ	3698	;# 
  1902   000E73                     B5EIDH          equ	3699	;# 
  1903   000E74                     B5EIDL          equ	3700	;# 
  1904   000E75                     B5DLC           equ	3701	;# 
  1905   000E76                     B5D0            equ	3702	;# 
  1906   000E77                     B5D1            equ	3703	;# 
  1907   000E78                     B5D2            equ	3704	;# 
  1908   000E79                     B5D3            equ	3705	;# 
  1909   000E7A                     B5D4            equ	3706	;# 
  1910   000E7B                     B5D5            equ	3707	;# 
  1911   000E7C                     B5D6            equ	3708	;# 
  1912   000E7D                     B5D7            equ	3709	;# 
  1913   000E7E                     CANSTAT_RO4     equ	3710	;# 
  1914   000E7F                     CANCON_RO4      equ	3711	;# 
  1915   000F00                     RXF0SIDH        equ	3840	;# 
  1916   000F01                     RXF0SIDL        equ	3841	;# 
  1917   000F02                     RXF0EIDH        equ	3842	;# 
  1918   000F03                     RXF0EIDL        equ	3843	;# 
  1919   000F04                     RXF1SIDH        equ	3844	;# 
  1920   000F05                     RXF1SIDL        equ	3845	;# 
  1921   000F06                     RXF1EIDH        equ	3846	;# 
  1922   000F07                     RXF1EIDL        equ	3847	;# 
  1923   000F08                     RXF2SIDH        equ	3848	;# 
  1924   000F09                     RXF2SIDL        equ	3849	;# 
  1925   000F0A                     RXF2EIDH        equ	3850	;# 
  1926   000F0B                     RXF2EIDL        equ	3851	;# 
  1927   000F0C                     RXF3SIDH        equ	3852	;# 
  1928   000F0D                     RXF3SIDL        equ	3853	;# 
  1929   000F0E                     RXF3EIDH        equ	3854	;# 
  1930   000F0F                     RXF3EIDL        equ	3855	;# 
  1931   000F10                     RXF4SIDH        equ	3856	;# 
  1932   000F11                     RXF4SIDL        equ	3857	;# 
  1933   000F12                     RXF4EIDH        equ	3858	;# 
  1934   000F13                     RXF4EIDL        equ	3859	;# 
  1935   000F14                     RXF5SIDH        equ	3860	;# 
  1936   000F15                     RXF5SIDL        equ	3861	;# 
  1937   000F16                     RXF5EIDH        equ	3862	;# 
  1938   000F17                     RXF5EIDL        equ	3863	;# 
  1939   000F18                     RXM0SIDH        equ	3864	;# 
  1940   000F19                     RXM0SIDL        equ	3865	;# 
  1941   000F1A                     RXM0EIDH        equ	3866	;# 
  1942   000F1B                     RXM0EIDL        equ	3867	;# 
  1943   000F1C                     RXM1SIDH        equ	3868	;# 
  1944   000F1D                     RXM1SIDL        equ	3869	;# 
  1945   000F1E                     RXM1EIDH        equ	3870	;# 
  1946   000F1F                     RXM1EIDL        equ	3871	;# 
  1947   000F20                     TXB2CON         equ	3872	;# 
  1948   000F21                     TXB2SIDH        equ	3873	;# 
  1949   000F22                     TXB2SIDL        equ	3874	;# 
  1950   000F23                     TXB2EIDH        equ	3875	;# 
  1951   000F24                     TXB2EIDL        equ	3876	;# 
  1952   000F25                     TXB2DLC         equ	3877	;# 
  1953   000F26                     TXB2D0          equ	3878	;# 
  1954   000F27                     TXB2D1          equ	3879	;# 
  1955   000F28                     TXB2D2          equ	3880	;# 
  1956   000F29                     TXB2D3          equ	3881	;# 
  1957   000F2A                     TXB2D4          equ	3882	;# 
  1958   000F2B                     TXB2D5          equ	3883	;# 
  1959   000F2C                     TXB2D6          equ	3884	;# 
  1960   000F2D                     TXB2D7          equ	3885	;# 
  1961   000F2E                     CANSTAT_RO3     equ	3886	;# 
  1962   000F2F                     CANCON_RO3      equ	3887	;# 
  1963   000F30                     TXB1CON         equ	3888	;# 
  1964   000F31                     TXB1SIDH        equ	3889	;# 
  1965   000F32                     TXB1SIDL        equ	3890	;# 
  1966   000F33                     TXB1EIDH        equ	3891	;# 
  1967   000F34                     TXB1EIDL        equ	3892	;# 
  1968   000F35                     TXB1DLC         equ	3893	;# 
  1969   000F36                     TXB1D0          equ	3894	;# 
  1970   000F37                     TXB1D1          equ	3895	;# 
  1971   000F38                     TXB1D2          equ	3896	;# 
  1972   000F39                     TXB1D3          equ	3897	;# 
  1973   000F3A                     TXB1D4          equ	3898	;# 
  1974   000F3B                     TXB1D5          equ	3899	;# 
  1975   000F3C                     TXB1D6          equ	3900	;# 
  1976   000F3D                     TXB1D7          equ	3901	;# 
  1977   000F3E                     CANSTAT_RO2     equ	3902	;# 
  1978   000F3F                     CANCON_RO2      equ	3903	;# 
  1979   000F40                     TXB0CON         equ	3904	;# 
  1980   000F41                     TXB0SIDH        equ	3905	;# 
  1981   000F42                     TXB0SIDL        equ	3906	;# 
  1982   000F43                     TXB0EIDH        equ	3907	;# 
  1983   000F44                     TXB0EIDL        equ	3908	;# 
  1984   000F45                     TXB0DLC         equ	3909	;# 
  1985   000F46                     TXB0D0          equ	3910	;# 
  1986   000F47                     TXB0D1          equ	3911	;# 
  1987   000F48                     TXB0D2          equ	3912	;# 
  1988   000F49                     TXB0D3          equ	3913	;# 
  1989   000F4A                     TXB0D4          equ	3914	;# 
  1990   000F4B                     TXB0D5          equ	3915	;# 
  1991   000F4C                     TXB0D6          equ	3916	;# 
  1992   000F4D                     TXB0D7          equ	3917	;# 
  1993   000F4E                     CANSTAT_RO1     equ	3918	;# 
  1994   000F4F                     CANCON_RO1      equ	3919	;# 
  1995   000F50                     RXB1CON         equ	3920	;# 
  1996   000F51                     RXB1SIDH        equ	3921	;# 
  1997   000F52                     RXB1SIDL        equ	3922	;# 
  1998   000F53                     RXB1EIDH        equ	3923	;# 
  1999   000F54                     RXB1EIDL        equ	3924	;# 
  2000   000F55                     RXB1DLC         equ	3925	;# 
  2001   000F56                     RXB1D0          equ	3926	;# 
  2002   000F57                     RXB1D1          equ	3927	;# 
  2003   000F58                     RXB1D2          equ	3928	;# 
  2004   000F59                     RXB1D3          equ	3929	;# 
  2005   000F5A                     RXB1D4          equ	3930	;# 
  2006   000F5B                     RXB1D5          equ	3931	;# 
  2007   000F5C                     RXB1D6          equ	3932	;# 
  2008   000F5D                     RXB1D7          equ	3933	;# 
  2009   000F5E                     CANSTAT_RO0     equ	3934	;# 
  2010   000F5F                     CANCON_RO0      equ	3935	;# 
  2011   000F60                     RXB0CON         equ	3936	;# 
  2012   000F61                     RXB0SIDH        equ	3937	;# 
  2013   000F62                     RXB0SIDL        equ	3938	;# 
  2014   000F63                     RXB0EIDH        equ	3939	;# 
  2015   000F64                     RXB0EIDL        equ	3940	;# 
  2016   000F65                     RXB0DLC         equ	3941	;# 
  2017   000F66                     RXB0D0          equ	3942	;# 
  2018   000F67                     RXB0D1          equ	3943	;# 
  2019   000F68                     RXB0D2          equ	3944	;# 
  2020   000F69                     RXB0D3          equ	3945	;# 
  2021   000F6A                     RXB0D4          equ	3946	;# 
  2022   000F6B                     RXB0D5          equ	3947	;# 
  2023   000F6C                     RXB0D6          equ	3948	;# 
  2024   000F6D                     RXB0D7          equ	3949	;# 
  2025   000F6E                     CANSTAT         equ	3950	;# 
  2026   000F6F                     CANCON          equ	3951	;# 
  2027   000F70                     BRGCON1         equ	3952	;# 
  2028   000F71                     BRGCON2         equ	3953	;# 
  2029   000F72                     BRGCON3         equ	3954	;# 
  2030   000F73                     CIOCON          equ	3955	;# 
  2031   000F74                     COMSTAT         equ	3956	;# 
  2032   000F75                     RXERRCNT        equ	3957	;# 
  2033   000F76                     TXERRCNT        equ	3958	;# 
  2034   000F77                     ECANCON         equ	3959	;# 
  2035   000F80                     PORTA           equ	3968	;# 
  2036   000F81                     PORTB           equ	3969	;# 
  2037   000F82                     PORTC           equ	3970	;# 
  2038   000F83                     PORTD           equ	3971	;# 
  2039   000F84                     PORTE           equ	3972	;# 
  2040   000F89                     LATA            equ	3977	;# 
  2041   000F8A                     LATB            equ	3978	;# 
  2042   000F8B                     LATC            equ	3979	;# 
  2043   000F8C                     LATD            equ	3980	;# 
  2044   000F8D                     LATE            equ	3981	;# 
  2045   000F92                     TRISA           equ	3986	;# 
  2046   000F92                     DDRA            equ	3986	;# 
  2047   000F93                     TRISB           equ	3987	;# 
  2048   000F93                     DDRB            equ	3987	;# 
  2049   000F94                     TRISC           equ	3988	;# 
  2050   000F94                     DDRC            equ	3988	;# 
  2051   000F95                     TRISD           equ	3989	;# 
  2052   000F95                     DDRD            equ	3989	;# 
  2053   000F96                     TRISE           equ	3990	;# 
  2054   000F96                     DDRE            equ	3990	;# 
  2055   000F9B                     OSCTUNE         equ	3995	;# 
  2056   000F9D                     PIE1            equ	3997	;# 
  2057   000F9E                     PIR1            equ	3998	;# 
  2058   000F9F                     IPR1            equ	3999	;# 
  2059   000FA0                     PIE2            equ	4000	;# 
  2060   000FA1                     PIR2            equ	4001	;# 
  2061   000FA2                     IPR2            equ	4002	;# 
  2062   000FA3                     PIE3            equ	4003	;# 
  2063   000FA4                     PIR3            equ	4004	;# 
  2064   000FA5                     IPR3            equ	4005	;# 
  2065   000FA6                     EECON1          equ	4006	;# 
  2066   000FA7                     EECON2          equ	4007	;# 
  2067   000FA8                     EEDATA          equ	4008	;# 
  2068   000FA9                     EEADR           equ	4009	;# 
  2069   000FAB                     RCSTA           equ	4011	;# 
  2070   000FAB                     RCSTA1          equ	4011	;# 
  2071   000FAC                     TXSTA           equ	4012	;# 
  2072   000FAC                     TXSTA1          equ	4012	;# 
  2073   000FAD                     TXREG           equ	4013	;# 
  2074   000FAD                     TXREG1          equ	4013	;# 
  2075   000FAE                     RCREG           equ	4014	;# 
  2076   000FAE                     RCREG1          equ	4014	;# 
  2077   000FAF                     SPBRG           equ	4015	;# 
  2078   000FAF                     SPBRG1          equ	4015	;# 
  2079   000FB0                     SPBRGH          equ	4016	;# 
  2080   000FB1                     T3CON           equ	4017	;# 
  2081   000FB2                     TMR3            equ	4018	;# 
  2082   000FB2                     TMR3L           equ	4018	;# 
  2083   000FB3                     TMR3H           equ	4019	;# 
  2084   000FB4                     CMCON           equ	4020	;# 
  2085   000FB5                     CVRCON          equ	4021	;# 
  2086   000FB6                     ECCP1AS         equ	4022	;# 
  2087   000FB7                     ECCP1DEL        equ	4023	;# 
  2088   000FB8                     BAUDCON         equ	4024	;# 
  2089   000FB8                     BAUDCTL         equ	4024	;# 
  2090   000FBA                     ECCP1CON        equ	4026	;# 
  2091   000FBB                     ECCPR1          equ	4027	;# 
  2092   000FBB                     ECCPR1L         equ	4027	;# 
  2093   000FBC                     ECCPR1H         equ	4028	;# 
  2094   000FBD                     CCP1CON         equ	4029	;# 
  2095   000FBE                     CCPR1           equ	4030	;# 
  2096   000FBE                     CCPR1L          equ	4030	;# 
  2097   000FBF                     CCPR1H          equ	4031	;# 
  2098   000FC0                     ADCON2          equ	4032	;# 
  2099   000FC1                     ADCON1          equ	4033	;# 
  2100   000FC2                     ADCON0          equ	4034	;# 
  2101   000FC3                     ADRES           equ	4035	;# 
  2102   000FC3                     ADRESL          equ	4035	;# 
  2103   000FC4                     ADRESH          equ	4036	;# 
  2104   000FC5                     SSPCON2         equ	4037	;# 
  2105   000FC6                     SSPCON1         equ	4038	;# 
  2106   000FC7                     SSPSTAT         equ	4039	;# 
  2107   000FC8                     SSPADD          equ	4040	;# 
  2108   000FC9                     SSPBUF          equ	4041	;# 
  2109   000FCA                     T2CON           equ	4042	;# 
  2110   000FCB                     PR2             equ	4043	;# 
  2111   000FCB                     MEMCON          equ	4043	;# 
  2112   000FCC                     TMR2            equ	4044	;# 
  2113   000FCD                     T1CON           equ	4045	;# 
  2114   000FCE                     TMR1            equ	4046	;# 
  2115   000FCE                     TMR1L           equ	4046	;# 
  2116   000FCF                     TMR1H           equ	4047	;# 
  2117   000FD0                     RCON            equ	4048	;# 
  2118   000FD1                     WDTCON          equ	4049	;# 
  2119   000FD2                     HLVDCON         equ	4050	;# 
  2120   000FD2                     LVDCON          equ	4050	;# 
  2121   000FD3                     OSCCON          equ	4051	;# 
  2122   000FD5                     T0CON           equ	4053	;# 
  2123   000FD6                     TMR0            equ	4054	;# 
  2124   000FD6                     TMR0L           equ	4054	;# 
  2125   000FD7                     TMR0H           equ	4055	;# 
  2126   000FD8                     STATUS          equ	4056	;# 
  2127   000FD9                     FSR2            equ	4057	;# 
  2128   000FD9                     FSR2L           equ	4057	;# 
  2129   000FDA                     FSR2H           equ	4058	;# 
  2130   000FDB                     PLUSW2          equ	4059	;# 
  2131   000FDC                     PREINC2         equ	4060	;# 
  2132   000FDD                     POSTDEC2        equ	4061	;# 
  2133   000FDE                     POSTINC2        equ	4062	;# 
  2134   000FDF                     INDF2           equ	4063	;# 
  2135   000FE0                     BSR             equ	4064	;# 
  2136   000FE1                     FSR1            equ	4065	;# 
  2137   000FE1                     FSR1L           equ	4065	;# 
  2138   000FE2                     FSR1H           equ	4066	;# 
  2139   000FE3                     PLUSW1          equ	4067	;# 
  2140   000FE4                     PREINC1         equ	4068	;# 
  2141   000FE5                     POSTDEC1        equ	4069	;# 
  2142   000FE6                     POSTINC1        equ	4070	;# 
  2143   000FE7                     INDF1           equ	4071	;# 
  2144   000FE8                     WREG            equ	4072	;# 
  2145   000FE9                     FSR0            equ	4073	;# 
  2146   000FE9                     FSR0L           equ	4073	;# 
  2147   000FEA                     FSR0H           equ	4074	;# 
  2148   000FEB                     PLUSW0          equ	4075	;# 
  2149   000FEC                     PREINC0         equ	4076	;# 
  2150   000FED                     POSTDEC0        equ	4077	;# 
  2151   000FEE                     POSTINC0        equ	4078	;# 
  2152   000FEF                     INDF0           equ	4079	;# 
  2153   000FF0                     INTCON3         equ	4080	;# 
  2154   000FF1                     INTCON2         equ	4081	;# 
  2155   000FF2                     INTCON          equ	4082	;# 
  2156   000FF3                     PROD            equ	4083	;# 
  2157   000FF3                     PRODL           equ	4083	;# 
  2158   000FF4                     PRODH           equ	4084	;# 
  2159   000FF5                     TABLAT          equ	4085	;# 
  2160   000FF6                     TBLPTR          equ	4086	;# 
  2161   000FF6                     TBLPTRL         equ	4086	;# 
  2162   000FF7                     TBLPTRH         equ	4087	;# 
  2163   000FF8                     TBLPTRU         equ	4088	;# 
  2164   000FF9                     PCLAT           equ	4089	;# 
  2165   000FF9                     PC              equ	4089	;# 
  2166   000FF9                     PCL             equ	4089	;# 
  2167   000FFA                     PCLATH          equ	4090	;# 
  2168   000FFB                     PCLATU          equ	4091	;# 
  2169   000FFC                     STKPTR          equ	4092	;# 
  2170   000FFD                     TOS             equ	4093	;# 
  2171   000FFD                     TOSL            equ	4093	;# 
  2172   000FFE                     TOSH            equ	4094	;# 
  2173   000FFF                     TOSU            equ	4095	;# 
  2174   000D60                     RXF6SIDH        equ	3424	;# 
  2175   000D61                     RXF6SIDL        equ	3425	;# 
  2176   000D62                     RXF6EIDH        equ	3426	;# 
  2177   000D63                     RXF6EIDL        equ	3427	;# 
  2178   000D64                     RXF7SIDH        equ	3428	;# 
  2179   000D65                     RXF7SIDL        equ	3429	;# 
  2180   000D66                     RXF7EIDH        equ	3430	;# 
  2181   000D67                     RXF7EIDL        equ	3431	;# 
  2182   000D68                     RXF8SIDH        equ	3432	;# 
  2183   000D69                     RXF8SIDL        equ	3433	;# 
  2184   000D6A                     RXF8EIDH        equ	3434	;# 
  2185   000D6B                     RXF8EIDL        equ	3435	;# 
  2186   000D70                     RXF9SIDH        equ	3440	;# 
  2187   000D71                     RXF9SIDL        equ	3441	;# 
  2188   000D72                     RXF9EIDH        equ	3442	;# 
  2189   000D73                     RXF9EIDL        equ	3443	;# 
  2190   000D74                     RXF10SIDH       equ	3444	;# 
  2191   000D75                     RXF10SIDL       equ	3445	;# 
  2192   000D76                     RXF10EIDH       equ	3446	;# 
  2193   000D77                     RXF10EIDL       equ	3447	;# 
  2194   000D78                     RXF11SIDH       equ	3448	;# 
  2195   000D79                     RXF11SIDL       equ	3449	;# 
  2196   000D7A                     RXF11EIDH       equ	3450	;# 
  2197   000D7B                     RXF11EIDL       equ	3451	;# 
  2198   000D80                     RXF12SIDH       equ	3456	;# 
  2199   000D81                     RXF12SIDL       equ	3457	;# 
  2200   000D82                     RXF12EIDH       equ	3458	;# 
  2201   000D83                     RXF12EIDL       equ	3459	;# 
  2202   000D84                     RXF13SIDH       equ	3460	;# 
  2203   000D85                     RXF13SIDL       equ	3461	;# 
  2204   000D86                     RXF13EIDH       equ	3462	;# 
  2205   000D87                     RXF13EIDL       equ	3463	;# 
  2206   000D88                     RXF14SIDH       equ	3464	;# 
  2207   000D89                     RXF14SIDL       equ	3465	;# 
  2208   000D8A                     RXF14EIDH       equ	3466	;# 
  2209   000D8B                     RXF14EIDL       equ	3467	;# 
  2210   000D90                     RXF15SIDH       equ	3472	;# 
  2211   000D91                     RXF15SIDL       equ	3473	;# 
  2212   000D92                     RXF15EIDH       equ	3474	;# 
  2213   000D93                     RXF15EIDL       equ	3475	;# 
  2214   000DD4                     RXFCON0         equ	3540	;# 
  2215   000DD5                     RXFCON1         equ	3541	;# 
  2216   000DD8                     SDFLC           equ	3544	;# 
  2217   000DE0                     RXFBCON0        equ	3552	;# 
  2218   000DE1                     RXFBCON1        equ	3553	;# 
  2219   000DE2                     RXFBCON2        equ	3554	;# 
  2220   000DE3                     RXFBCON3        equ	3555	;# 
  2221   000DE4                     RXFBCON4        equ	3556	;# 
  2222   000DE5                     RXFBCON5        equ	3557	;# 
  2223   000DE6                     RXFBCON6        equ	3558	;# 
  2224   000DE7                     RXFBCON7        equ	3559	;# 
  2225   000DF0                     MSEL0           equ	3568	;# 
  2226   000DF1                     MSEL1           equ	3569	;# 
  2227   000DF2                     MSEL2           equ	3570	;# 
  2228   000DF3                     MSEL3           equ	3571	;# 
  2229   000DF8                     BSEL0           equ	3576	;# 
  2230   000DFA                     BIE0            equ	3578	;# 
  2231   000DFC                     TXBIE           equ	3580	;# 
  2232   000E20                     B0CON           equ	3616	;# 
  2233   000E21                     B0SIDH          equ	3617	;# 
  2234   000E22                     B0SIDL          equ	3618	;# 
  2235   000E23                     B0EIDH          equ	3619	;# 
  2236   000E24                     B0EIDL          equ	3620	;# 
  2237   000E25                     B0DLC           equ	3621	;# 
  2238   000E26                     B0D0            equ	3622	;# 
  2239   000E27                     B0D1            equ	3623	;# 
  2240   000E28                     B0D2            equ	3624	;# 
  2241   000E29                     B0D3            equ	3625	;# 
  2242   000E2A                     B0D4            equ	3626	;# 
  2243   000E2B                     B0D5            equ	3627	;# 
  2244   000E2C                     B0D6            equ	3628	;# 
  2245   000E2D                     B0D7            equ	3629	;# 
  2246   000E2E                     CANSTAT_RO9     equ	3630	;# 
  2247   000E2F                     CANCON_RO9      equ	3631	;# 
  2248   000E30                     B1CON           equ	3632	;# 
  2249   000E31                     B1SIDH          equ	3633	;# 
  2250   000E32                     B1SIDL          equ	3634	;# 
  2251   000E33                     B1EIDH          equ	3635	;# 
  2252   000E34                     B1EIDL          equ	3636	;# 
  2253   000E35                     B1DLC           equ	3637	;# 
  2254   000E36                     B1D0            equ	3638	;# 
  2255   000E37                     B1D1            equ	3639	;# 
  2256   000E38                     B1D2            equ	3640	;# 
  2257   000E39                     B1D3            equ	3641	;# 
  2258   000E3A                     B1D4            equ	3642	;# 
  2259   000E3B                     B1D5            equ	3643	;# 
  2260   000E3C                     B1D6            equ	3644	;# 
  2261   000E3D                     B1D7            equ	3645	;# 
  2262   000E3E                     CANSTAT_RO8     equ	3646	;# 
  2263   000E3F                     CANCON_RO8      equ	3647	;# 
  2264   000E40                     B2CON           equ	3648	;# 
  2265   000E41                     B2SIDH          equ	3649	;# 
  2266   000E42                     B2SIDL          equ	3650	;# 
  2267   000E43                     B2EIDH          equ	3651	;# 
  2268   000E44                     B2EIDL          equ	3652	;# 
  2269   000E45                     B2DLC           equ	3653	;# 
  2270   000E46                     B2D0            equ	3654	;# 
  2271   000E47                     B2D1            equ	3655	;# 
  2272   000E48                     B2D2            equ	3656	;# 
  2273   000E49                     B2D3            equ	3657	;# 
  2274   000E4A                     B2D4            equ	3658	;# 
  2275   000E4B                     B2D5            equ	3659	;# 
  2276   000E4C                     B2D6            equ	3660	;# 
  2277   000E4D                     B2D7            equ	3661	;# 
  2278   000E4E                     CANSTAT_RO7     equ	3662	;# 
  2279   000E4F                     CANCON_RO7      equ	3663	;# 
  2280   000E50                     B3CON           equ	3664	;# 
  2281   000E51                     B3SIDH          equ	3665	;# 
  2282   000E52                     B3SIDL          equ	3666	;# 
  2283   000E53                     B3EIDH          equ	3667	;# 
  2284   000E54                     B3EIDL          equ	3668	;# 
  2285   000E55                     B3DLC           equ	3669	;# 
  2286   000E56                     B3D0            equ	3670	;# 
  2287   000E57                     B3D1            equ	3671	;# 
  2288   000E58                     B3D2            equ	3672	;# 
  2289   000E59                     B3D3            equ	3673	;# 
  2290   000E5A                     B3D4            equ	3674	;# 
  2291   000E5B                     B3D5            equ	3675	;# 
  2292   000E5C                     B3D6            equ	3676	;# 
  2293   000E5D                     B3D7            equ	3677	;# 
  2294   000E5E                     CANSTAT_RO6     equ	3678	;# 
  2295   000E5F                     CANCON_RO6      equ	3679	;# 
  2296   000E60                     B4CON           equ	3680	;# 
  2297   000E61                     B4SIDH          equ	3681	;# 
  2298   000E62                     B4SIDL          equ	3682	;# 
  2299   000E63                     B4EIDH          equ	3683	;# 
  2300   000E64                     B4EIDL          equ	3684	;# 
  2301   000E65                     B4DLC           equ	3685	;# 
  2302   000E66                     B4D0            equ	3686	;# 
  2303   000E67                     B4D1            equ	3687	;# 
  2304   000E68                     B4D2            equ	3688	;# 
  2305   000E69                     B4D3            equ	3689	;# 
  2306   000E6A                     B4D4            equ	3690	;# 
  2307   000E6B                     B4D5            equ	3691	;# 
  2308   000E6C                     B4D6            equ	3692	;# 
  2309   000E6D                     B4D7            equ	3693	;# 
  2310   000E6E                     CANSTAT_RO5     equ	3694	;# 
  2311   000E6F                     CANCON_RO5      equ	3695	;# 
  2312   000E70                     B5CON           equ	3696	;# 
  2313   000E71                     B5SIDH          equ	3697	;# 
  2314   000E72                     B5SIDL          equ	3698	;# 
  2315   000E73                     B5EIDH          equ	3699	;# 
  2316   000E74                     B5EIDL          equ	3700	;# 
  2317   000E75                     B5DLC           equ	3701	;# 
  2318   000E76                     B5D0            equ	3702	;# 
  2319   000E77                     B5D1            equ	3703	;# 
  2320   000E78                     B5D2            equ	3704	;# 
  2321   000E79                     B5D3            equ	3705	;# 
  2322   000E7A                     B5D4            equ	3706	;# 
  2323   000E7B                     B5D5            equ	3707	;# 
  2324   000E7C                     B5D6            equ	3708	;# 
  2325   000E7D                     B5D7            equ	3709	;# 
  2326   000E7E                     CANSTAT_RO4     equ	3710	;# 
  2327   000E7F                     CANCON_RO4      equ	3711	;# 
  2328   000F00                     RXF0SIDH        equ	3840	;# 
  2329   000F01                     RXF0SIDL        equ	3841	;# 
  2330   000F02                     RXF0EIDH        equ	3842	;# 
  2331   000F03                     RXF0EIDL        equ	3843	;# 
  2332   000F04                     RXF1SIDH        equ	3844	;# 
  2333   000F05                     RXF1SIDL        equ	3845	;# 
  2334   000F06                     RXF1EIDH        equ	3846	;# 
  2335   000F07                     RXF1EIDL        equ	3847	;# 
  2336   000F08                     RXF2SIDH        equ	3848	;# 
  2337   000F09                     RXF2SIDL        equ	3849	;# 
  2338   000F0A                     RXF2EIDH        equ	3850	;# 
  2339   000F0B                     RXF2EIDL        equ	3851	;# 
  2340   000F0C                     RXF3SIDH        equ	3852	;# 
  2341   000F0D                     RXF3SIDL        equ	3853	;# 
  2342   000F0E                     RXF3EIDH        equ	3854	;# 
  2343   000F0F                     RXF3EIDL        equ	3855	;# 
  2344   000F10                     RXF4SIDH        equ	3856	;# 
  2345   000F11                     RXF4SIDL        equ	3857	;# 
  2346   000F12                     RXF4EIDH        equ	3858	;# 
  2347   000F13                     RXF4EIDL        equ	3859	;# 
  2348   000F14                     RXF5SIDH        equ	3860	;# 
  2349   000F15                     RXF5SIDL        equ	3861	;# 
  2350   000F16                     RXF5EIDH        equ	3862	;# 
  2351   000F17                     RXF5EIDL        equ	3863	;# 
  2352   000F18                     RXM0SIDH        equ	3864	;# 
  2353   000F19                     RXM0SIDL        equ	3865	;# 
  2354   000F1A                     RXM0EIDH        equ	3866	;# 
  2355   000F1B                     RXM0EIDL        equ	3867	;# 
  2356   000F1C                     RXM1SIDH        equ	3868	;# 
  2357   000F1D                     RXM1SIDL        equ	3869	;# 
  2358   000F1E                     RXM1EIDH        equ	3870	;# 
  2359   000F1F                     RXM1EIDL        equ	3871	;# 
  2360   000F20                     TXB2CON         equ	3872	;# 
  2361   000F21                     TXB2SIDH        equ	3873	;# 
  2362   000F22                     TXB2SIDL        equ	3874	;# 
  2363   000F23                     TXB2EIDH        equ	3875	;# 
  2364   000F24                     TXB2EIDL        equ	3876	;# 
  2365   000F25                     TXB2DLC         equ	3877	;# 
  2366   000F26                     TXB2D0          equ	3878	;# 
  2367   000F27                     TXB2D1          equ	3879	;# 
  2368   000F28                     TXB2D2          equ	3880	;# 
  2369   000F29                     TXB2D3          equ	3881	;# 
  2370   000F2A                     TXB2D4          equ	3882	;# 
  2371   000F2B                     TXB2D5          equ	3883	;# 
  2372   000F2C                     TXB2D6          equ	3884	;# 
  2373   000F2D                     TXB2D7          equ	3885	;# 
  2374   000F2E                     CANSTAT_RO3     equ	3886	;# 
  2375   000F2F                     CANCON_RO3      equ	3887	;# 
  2376   000F30                     TXB1CON         equ	3888	;# 
  2377   000F31                     TXB1SIDH        equ	3889	;# 
  2378   000F32                     TXB1SIDL        equ	3890	;# 
  2379   000F33                     TXB1EIDH        equ	3891	;# 
  2380   000F34                     TXB1EIDL        equ	3892	;# 
  2381   000F35                     TXB1DLC         equ	3893	;# 
  2382   000F36                     TXB1D0          equ	3894	;# 
  2383   000F37                     TXB1D1          equ	3895	;# 
  2384   000F38                     TXB1D2          equ	3896	;# 
  2385   000F39                     TXB1D3          equ	3897	;# 
  2386   000F3A                     TXB1D4          equ	3898	;# 
  2387   000F3B                     TXB1D5          equ	3899	;# 
  2388   000F3C                     TXB1D6          equ	3900	;# 
  2389   000F3D                     TXB1D7          equ	3901	;# 
  2390   000F3E                     CANSTAT_RO2     equ	3902	;# 
  2391   000F3F                     CANCON_RO2      equ	3903	;# 
  2392   000F40                     TXB0CON         equ	3904	;# 
  2393   000F41                     TXB0SIDH        equ	3905	;# 
  2394   000F42                     TXB0SIDL        equ	3906	;# 
  2395   000F43                     TXB0EIDH        equ	3907	;# 
  2396   000F44                     TXB0EIDL        equ	3908	;# 
  2397   000F45                     TXB0DLC         equ	3909	;# 
  2398   000F46                     TXB0D0          equ	3910	;# 
  2399   000F47                     TXB0D1          equ	3911	;# 
  2400   000F48                     TXB0D2          equ	3912	;# 
  2401   000F49                     TXB0D3          equ	3913	;# 
  2402   000F4A                     TXB0D4          equ	3914	;# 
  2403   000F4B                     TXB0D5          equ	3915	;# 
  2404   000F4C                     TXB0D6          equ	3916	;# 
  2405   000F4D                     TXB0D7          equ	3917	;# 
  2406   000F4E                     CANSTAT_RO1     equ	3918	;# 
  2407   000F4F                     CANCON_RO1      equ	3919	;# 
  2408   000F50                     RXB1CON         equ	3920	;# 
  2409   000F51                     RXB1SIDH        equ	3921	;# 
  2410   000F52                     RXB1SIDL        equ	3922	;# 
  2411   000F53                     RXB1EIDH        equ	3923	;# 
  2412   000F54                     RXB1EIDL        equ	3924	;# 
  2413   000F55                     RXB1DLC         equ	3925	;# 
  2414   000F56                     RXB1D0          equ	3926	;# 
  2415   000F57                     RXB1D1          equ	3927	;# 
  2416   000F58                     RXB1D2          equ	3928	;# 
  2417   000F59                     RXB1D3          equ	3929	;# 
  2418   000F5A                     RXB1D4          equ	3930	;# 
  2419   000F5B                     RXB1D5          equ	3931	;# 
  2420   000F5C                     RXB1D6          equ	3932	;# 
  2421   000F5D                     RXB1D7          equ	3933	;# 
  2422   000F5E                     CANSTAT_RO0     equ	3934	;# 
  2423   000F5F                     CANCON_RO0      equ	3935	;# 
  2424   000F60                     RXB0CON         equ	3936	;# 
  2425   000F61                     RXB0SIDH        equ	3937	;# 
  2426   000F62                     RXB0SIDL        equ	3938	;# 
  2427   000F63                     RXB0EIDH        equ	3939	;# 
  2428   000F64                     RXB0EIDL        equ	3940	;# 
  2429   000F65                     RXB0DLC         equ	3941	;# 
  2430   000F66                     RXB0D0          equ	3942	;# 
  2431   000F67                     RXB0D1          equ	3943	;# 
  2432   000F68                     RXB0D2          equ	3944	;# 
  2433   000F69                     RXB0D3          equ	3945	;# 
  2434   000F6A                     RXB0D4          equ	3946	;# 
  2435   000F6B                     RXB0D5          equ	3947	;# 
  2436   000F6C                     RXB0D6          equ	3948	;# 
  2437   000F6D                     RXB0D7          equ	3949	;# 
  2438   000F6E                     CANSTAT         equ	3950	;# 
  2439   000F6F                     CANCON          equ	3951	;# 
  2440   000F70                     BRGCON1         equ	3952	;# 
  2441   000F71                     BRGCON2         equ	3953	;# 
  2442   000F72                     BRGCON3         equ	3954	;# 
  2443   000F73                     CIOCON          equ	3955	;# 
  2444   000F74                     COMSTAT         equ	3956	;# 
  2445   000F75                     RXERRCNT        equ	3957	;# 
  2446   000F76                     TXERRCNT        equ	3958	;# 
  2447   000F77                     ECANCON         equ	3959	;# 
  2448   000F80                     PORTA           equ	3968	;# 
  2449   000F81                     PORTB           equ	3969	;# 
  2450   000F82                     PORTC           equ	3970	;# 
  2451   000F83                     PORTD           equ	3971	;# 
  2452   000F84                     PORTE           equ	3972	;# 
  2453   000F89                     LATA            equ	3977	;# 
  2454   000F8A                     LATB            equ	3978	;# 
  2455   000F8B                     LATC            equ	3979	;# 
  2456   000F8C                     LATD            equ	3980	;# 
  2457   000F8D                     LATE            equ	3981	;# 
  2458   000F92                     TRISA           equ	3986	;# 
  2459   000F92                     DDRA            equ	3986	;# 
  2460   000F93                     TRISB           equ	3987	;# 
  2461   000F93                     DDRB            equ	3987	;# 
  2462   000F94                     TRISC           equ	3988	;# 
  2463   000F94                     DDRC            equ	3988	;# 
  2464   000F95                     TRISD           equ	3989	;# 
  2465   000F95                     DDRD            equ	3989	;# 
  2466   000F96                     TRISE           equ	3990	;# 
  2467   000F96                     DDRE            equ	3990	;# 
  2468   000F9B                     OSCTUNE         equ	3995	;# 
  2469   000F9D                     PIE1            equ	3997	;# 
  2470   000F9E                     PIR1            equ	3998	;# 
  2471   000F9F                     IPR1            equ	3999	;# 
  2472   000FA0                     PIE2            equ	4000	;# 
  2473   000FA1                     PIR2            equ	4001	;# 
  2474   000FA2                     IPR2            equ	4002	;# 
  2475   000FA3                     PIE3            equ	4003	;# 
  2476   000FA4                     PIR3            equ	4004	;# 
  2477   000FA5                     IPR3            equ	4005	;# 
  2478   000FA6                     EECON1          equ	4006	;# 
  2479   000FA7                     EECON2          equ	4007	;# 
  2480   000FA8                     EEDATA          equ	4008	;# 
  2481   000FA9                     EEADR           equ	4009	;# 
  2482   000FAB                     RCSTA           equ	4011	;# 
  2483   000FAB                     RCSTA1          equ	4011	;# 
  2484   000FAC                     TXSTA           equ	4012	;# 
  2485   000FAC                     TXSTA1          equ	4012	;# 
  2486   000FAD                     TXREG           equ	4013	;# 
  2487   000FAD                     TXREG1          equ	4013	;# 
  2488   000FAE                     RCREG           equ	4014	;# 
  2489   000FAE                     RCREG1          equ	4014	;# 
  2490   000FAF                     SPBRG           equ	4015	;# 
  2491   000FAF                     SPBRG1          equ	4015	;# 
  2492   000FB0                     SPBRGH          equ	4016	;# 
  2493   000FB1                     T3CON           equ	4017	;# 
  2494   000FB2                     TMR3            equ	4018	;# 
  2495   000FB2                     TMR3L           equ	4018	;# 
  2496   000FB3                     TMR3H           equ	4019	;# 
  2497   000FB4                     CMCON           equ	4020	;# 
  2498   000FB5                     CVRCON          equ	4021	;# 
  2499   000FB6                     ECCP1AS         equ	4022	;# 
  2500   000FB7                     ECCP1DEL        equ	4023	;# 
  2501   000FB8                     BAUDCON         equ	4024	;# 
  2502   000FB8                     BAUDCTL         equ	4024	;# 
  2503   000FBA                     ECCP1CON        equ	4026	;# 
  2504   000FBB                     ECCPR1          equ	4027	;# 
  2505   000FBB                     ECCPR1L         equ	4027	;# 
  2506   000FBC                     ECCPR1H         equ	4028	;# 
  2507   000FBD                     CCP1CON         equ	4029	;# 
  2508   000FBE                     CCPR1           equ	4030	;# 
  2509   000FBE                     CCPR1L          equ	4030	;# 
  2510   000FBF                     CCPR1H          equ	4031	;# 
  2511   000FC0                     ADCON2          equ	4032	;# 
  2512   000FC1                     ADCON1          equ	4033	;# 
  2513   000FC2                     ADCON0          equ	4034	;# 
  2514   000FC3                     ADRES           equ	4035	;# 
  2515   000FC3                     ADRESL          equ	4035	;# 
  2516   000FC4                     ADRESH          equ	4036	;# 
  2517   000FC5                     SSPCON2         equ	4037	;# 
  2518   000FC6                     SSPCON1         equ	4038	;# 
  2519   000FC7                     SSPSTAT         equ	4039	;# 
  2520   000FC8                     SSPADD          equ	4040	;# 
  2521   000FC9                     SSPBUF          equ	4041	;# 
  2522   000FCA                     T2CON           equ	4042	;# 
  2523   000FCB                     PR2             equ	4043	;# 
  2524   000FCB                     MEMCON          equ	4043	;# 
  2525   000FCC                     TMR2            equ	4044	;# 
  2526   000FCD                     T1CON           equ	4045	;# 
  2527   000FCE                     TMR1            equ	4046	;# 
  2528   000FCE                     TMR1L           equ	4046	;# 
  2529   000FCF                     TMR1H           equ	4047	;# 
  2530   000FD0                     RCON            equ	4048	;# 
  2531   000FD1                     WDTCON          equ	4049	;# 
  2532   000FD2                     HLVDCON         equ	4050	;# 
  2533   000FD2                     LVDCON          equ	4050	;# 
  2534   000FD3                     OSCCON          equ	4051	;# 
  2535   000FD5                     T0CON           equ	4053	;# 
  2536   000FD6                     TMR0            equ	4054	;# 
  2537   000FD6                     TMR0L           equ	4054	;# 
  2538   000FD7                     TMR0H           equ	4055	;# 
  2539   000FD8                     STATUS          equ	4056	;# 
  2540   000FD9                     FSR2            equ	4057	;# 
  2541   000FD9                     FSR2L           equ	4057	;# 
  2542   000FDA                     FSR2H           equ	4058	;# 
  2543   000FDB                     PLUSW2          equ	4059	;# 
  2544   000FDC                     PREINC2         equ	4060	;# 
  2545   000FDD                     POSTDEC2        equ	4061	;# 
  2546   000FDE                     POSTINC2        equ	4062	;# 
  2547   000FDF                     INDF2           equ	4063	;# 
  2548   000FE0                     BSR             equ	4064	;# 
  2549   000FE1                     FSR1            equ	4065	;# 
  2550   000FE1                     FSR1L           equ	4065	;# 
  2551   000FE2                     FSR1H           equ	4066	;# 
  2552   000FE3                     PLUSW1          equ	4067	;# 
  2553   000FE4                     PREINC1         equ	4068	;# 
  2554   000FE5                     POSTDEC1        equ	4069	;# 
  2555   000FE6                     POSTINC1        equ	4070	;# 
  2556   000FE7                     INDF1           equ	4071	;# 
  2557   000FE8                     WREG            equ	4072	;# 
  2558   000FE9                     FSR0            equ	4073	;# 
  2559   000FE9                     FSR0L           equ	4073	;# 
  2560   000FEA                     FSR0H           equ	4074	;# 
  2561   000FEB                     PLUSW0          equ	4075	;# 
  2562   000FEC                     PREINC0         equ	4076	;# 
  2563   000FED                     POSTDEC0        equ	4077	;# 
  2564   000FEE                     POSTINC0        equ	4078	;# 
  2565   000FEF                     INDF0           equ	4079	;# 
  2566   000FF0                     INTCON3         equ	4080	;# 
  2567   000FF1                     INTCON2         equ	4081	;# 
  2568   000FF2                     INTCON          equ	4082	;# 
  2569   000FF3                     PROD            equ	4083	;# 
  2570   000FF3                     PRODL           equ	4083	;# 
  2571   000FF4                     PRODH           equ	4084	;# 
  2572   000FF5                     TABLAT          equ	4085	;# 
  2573   000FF6                     TBLPTR          equ	4086	;# 
  2574   000FF6                     TBLPTRL         equ	4086	;# 
  2575   000FF7                     TBLPTRH         equ	4087	;# 
  2576   000FF8                     TBLPTRU         equ	4088	;# 
  2577   000FF9                     PCLAT           equ	4089	;# 
  2578   000FF9                     PC              equ	4089	;# 
  2579   000FF9                     PCL             equ	4089	;# 
  2580   000FFA                     PCLATH          equ	4090	;# 
  2581   000FFB                     PCLATU          equ	4091	;# 
  2582   000FFC                     STKPTR          equ	4092	;# 
  2583   000FFD                     TOS             equ	4093	;# 
  2584   000FFD                     TOSL            equ	4093	;# 
  2585   000FFE                     TOSH            equ	4094	;# 
  2586   000FFF                     TOSU            equ	4095	;# 
  2587   000D60                     RXF6SIDH        equ	3424	;# 
  2588   000D61                     RXF6SIDL        equ	3425	;# 
  2589   000D62                     RXF6EIDH        equ	3426	;# 
  2590   000D63                     RXF6EIDL        equ	3427	;# 
  2591   000D64                     RXF7SIDH        equ	3428	;# 
  2592   000D65                     RXF7SIDL        equ	3429	;# 
  2593   000D66                     RXF7EIDH        equ	3430	;# 
  2594   000D67                     RXF7EIDL        equ	3431	;# 
  2595   000D68                     RXF8SIDH        equ	3432	;# 
  2596   000D69                     RXF8SIDL        equ	3433	;# 
  2597   000D6A                     RXF8EIDH        equ	3434	;# 
  2598   000D6B                     RXF8EIDL        equ	3435	;# 
  2599   000D70                     RXF9SIDH        equ	3440	;# 
  2600   000D71                     RXF9SIDL        equ	3441	;# 
  2601   000D72                     RXF9EIDH        equ	3442	;# 
  2602   000D73                     RXF9EIDL        equ	3443	;# 
  2603   000D74                     RXF10SIDH       equ	3444	;# 
  2604   000D75                     RXF10SIDL       equ	3445	;# 
  2605   000D76                     RXF10EIDH       equ	3446	;# 
  2606   000D77                     RXF10EIDL       equ	3447	;# 
  2607   000D78                     RXF11SIDH       equ	3448	;# 
  2608   000D79                     RXF11SIDL       equ	3449	;# 
  2609   000D7A                     RXF11EIDH       equ	3450	;# 
  2610   000D7B                     RXF11EIDL       equ	3451	;# 
  2611   000D80                     RXF12SIDH       equ	3456	;# 
  2612   000D81                     RXF12SIDL       equ	3457	;# 
  2613   000D82                     RXF12EIDH       equ	3458	;# 
  2614   000D83                     RXF12EIDL       equ	3459	;# 
  2615   000D84                     RXF13SIDH       equ	3460	;# 
  2616   000D85                     RXF13SIDL       equ	3461	;# 
  2617   000D86                     RXF13EIDH       equ	3462	;# 
  2618   000D87                     RXF13EIDL       equ	3463	;# 
  2619   000D88                     RXF14SIDH       equ	3464	;# 
  2620   000D89                     RXF14SIDL       equ	3465	;# 
  2621   000D8A                     RXF14EIDH       equ	3466	;# 
  2622   000D8B                     RXF14EIDL       equ	3467	;# 
  2623   000D90                     RXF15SIDH       equ	3472	;# 
  2624   000D91                     RXF15SIDL       equ	3473	;# 
  2625   000D92                     RXF15EIDH       equ	3474	;# 
  2626   000D93                     RXF15EIDL       equ	3475	;# 
  2627   000DD4                     RXFCON0         equ	3540	;# 
  2628   000DD5                     RXFCON1         equ	3541	;# 
  2629   000DD8                     SDFLC           equ	3544	;# 
  2630   000DE0                     RXFBCON0        equ	3552	;# 
  2631   000DE1                     RXFBCON1        equ	3553	;# 
  2632   000DE2                     RXFBCON2        equ	3554	;# 
  2633   000DE3                     RXFBCON3        equ	3555	;# 
  2634   000DE4                     RXFBCON4        equ	3556	;# 
  2635   000DE5                     RXFBCON5        equ	3557	;# 
  2636   000DE6                     RXFBCON6        equ	3558	;# 
  2637   000DE7                     RXFBCON7        equ	3559	;# 
  2638   000DF0                     MSEL0           equ	3568	;# 
  2639   000DF1                     MSEL1           equ	3569	;# 
  2640   000DF2                     MSEL2           equ	3570	;# 
  2641   000DF3                     MSEL3           equ	3571	;# 
  2642   000DF8                     BSEL0           equ	3576	;# 
  2643   000DFA                     BIE0            equ	3578	;# 
  2644   000DFC                     TXBIE           equ	3580	;# 
  2645   000E20                     B0CON           equ	3616	;# 
  2646   000E21                     B0SIDH          equ	3617	;# 
  2647   000E22                     B0SIDL          equ	3618	;# 
  2648   000E23                     B0EIDH          equ	3619	;# 
  2649   000E24                     B0EIDL          equ	3620	;# 
  2650   000E25                     B0DLC           equ	3621	;# 
  2651   000E26                     B0D0            equ	3622	;# 
  2652   000E27                     B0D1            equ	3623	;# 
  2653   000E28                     B0D2            equ	3624	;# 
  2654   000E29                     B0D3            equ	3625	;# 
  2655   000E2A                     B0D4            equ	3626	;# 
  2656   000E2B                     B0D5            equ	3627	;# 
  2657   000E2C                     B0D6            equ	3628	;# 
  2658   000E2D                     B0D7            equ	3629	;# 
  2659   000E2E                     CANSTAT_RO9     equ	3630	;# 
  2660   000E2F                     CANCON_RO9      equ	3631	;# 
  2661   000E30                     B1CON           equ	3632	;# 
  2662   000E31                     B1SIDH          equ	3633	;# 
  2663   000E32                     B1SIDL          equ	3634	;# 
  2664   000E33                     B1EIDH          equ	3635	;# 
  2665   000E34                     B1EIDL          equ	3636	;# 
  2666   000E35                     B1DLC           equ	3637	;# 
  2667   000E36                     B1D0            equ	3638	;# 
  2668   000E37                     B1D1            equ	3639	;# 
  2669   000E38                     B1D2            equ	3640	;# 
  2670   000E39                     B1D3            equ	3641	;# 
  2671   000E3A                     B1D4            equ	3642	;# 
  2672   000E3B                     B1D5            equ	3643	;# 
  2673   000E3C                     B1D6            equ	3644	;# 
  2674   000E3D                     B1D7            equ	3645	;# 
  2675   000E3E                     CANSTAT_RO8     equ	3646	;# 
  2676   000E3F                     CANCON_RO8      equ	3647	;# 
  2677   000E40                     B2CON           equ	3648	;# 
  2678   000E41                     B2SIDH          equ	3649	;# 
  2679   000E42                     B2SIDL          equ	3650	;# 
  2680   000E43                     B2EIDH          equ	3651	;# 
  2681   000E44                     B2EIDL          equ	3652	;# 
  2682   000E45                     B2DLC           equ	3653	;# 
  2683   000E46                     B2D0            equ	3654	;# 
  2684   000E47                     B2D1            equ	3655	;# 
  2685   000E48                     B2D2            equ	3656	;# 
  2686   000E49                     B2D3            equ	3657	;# 
  2687   000E4A                     B2D4            equ	3658	;# 
  2688   000E4B                     B2D5            equ	3659	;# 
  2689   000E4C                     B2D6            equ	3660	;# 
  2690   000E4D                     B2D7            equ	3661	;# 
  2691   000E4E                     CANSTAT_RO7     equ	3662	;# 
  2692   000E4F                     CANCON_RO7      equ	3663	;# 
  2693   000E50                     B3CON           equ	3664	;# 
  2694   000E51                     B3SIDH          equ	3665	;# 
  2695   000E52                     B3SIDL          equ	3666	;# 
  2696   000E53                     B3EIDH          equ	3667	;# 
  2697   000E54                     B3EIDL          equ	3668	;# 
  2698   000E55                     B3DLC           equ	3669	;# 
  2699   000E56                     B3D0            equ	3670	;# 
  2700   000E57                     B3D1            equ	3671	;# 
  2701   000E58                     B3D2            equ	3672	;# 
  2702   000E59                     B3D3            equ	3673	;# 
  2703   000E5A                     B3D4            equ	3674	;# 
  2704   000E5B                     B3D5            equ	3675	;# 
  2705   000E5C                     B3D6            equ	3676	;# 
  2706   000E5D                     B3D7            equ	3677	;# 
  2707   000E5E                     CANSTAT_RO6     equ	3678	;# 
  2708   000E5F                     CANCON_RO6      equ	3679	;# 
  2709   000E60                     B4CON           equ	3680	;# 
  2710   000E61                     B4SIDH          equ	3681	;# 
  2711   000E62                     B4SIDL          equ	3682	;# 
  2712   000E63                     B4EIDH          equ	3683	;# 
  2713   000E64                     B4EIDL          equ	3684	;# 
  2714   000E65                     B4DLC           equ	3685	;# 
  2715   000E66                     B4D0            equ	3686	;# 
  2716   000E67                     B4D1            equ	3687	;# 
  2717   000E68                     B4D2            equ	3688	;# 
  2718   000E69                     B4D3            equ	3689	;# 
  2719   000E6A                     B4D4            equ	3690	;# 
  2720   000E6B                     B4D5            equ	3691	;# 
  2721   000E6C                     B4D6            equ	3692	;# 
  2722   000E6D                     B4D7            equ	3693	;# 
  2723   000E6E                     CANSTAT_RO5     equ	3694	;# 
  2724   000E6F                     CANCON_RO5      equ	3695	;# 
  2725   000E70                     B5CON           equ	3696	;# 
  2726   000E71                     B5SIDH          equ	3697	;# 
  2727   000E72                     B5SIDL          equ	3698	;# 
  2728   000E73                     B5EIDH          equ	3699	;# 
  2729   000E74                     B5EIDL          equ	3700	;# 
  2730   000E75                     B5DLC           equ	3701	;# 
  2731   000E76                     B5D0            equ	3702	;# 
  2732   000E77                     B5D1            equ	3703	;# 
  2733   000E78                     B5D2            equ	3704	;# 
  2734   000E79                     B5D3            equ	3705	;# 
  2735   000E7A                     B5D4            equ	3706	;# 
  2736   000E7B                     B5D5            equ	3707	;# 
  2737   000E7C                     B5D6            equ	3708	;# 
  2738   000E7D                     B5D7            equ	3709	;# 
  2739   000E7E                     CANSTAT_RO4     equ	3710	;# 
  2740   000E7F                     CANCON_RO4      equ	3711	;# 
  2741   000F00                     RXF0SIDH        equ	3840	;# 
  2742   000F01                     RXF0SIDL        equ	3841	;# 
  2743   000F02                     RXF0EIDH        equ	3842	;# 
  2744   000F03                     RXF0EIDL        equ	3843	;# 
  2745   000F04                     RXF1SIDH        equ	3844	;# 
  2746   000F05                     RXF1SIDL        equ	3845	;# 
  2747   000F06                     RXF1EIDH        equ	3846	;# 
  2748   000F07                     RXF1EIDL        equ	3847	;# 
  2749   000F08                     RXF2SIDH        equ	3848	;# 
  2750   000F09                     RXF2SIDL        equ	3849	;# 
  2751   000F0A                     RXF2EIDH        equ	3850	;# 
  2752   000F0B                     RXF2EIDL        equ	3851	;# 
  2753   000F0C                     RXF3SIDH        equ	3852	;# 
  2754   000F0D                     RXF3SIDL        equ	3853	;# 
  2755   000F0E                     RXF3EIDH        equ	3854	;# 
  2756   000F0F                     RXF3EIDL        equ	3855	;# 
  2757   000F10                     RXF4SIDH        equ	3856	;# 
  2758   000F11                     RXF4SIDL        equ	3857	;# 
  2759   000F12                     RXF4EIDH        equ	3858	;# 
  2760   000F13                     RXF4EIDL        equ	3859	;# 
  2761   000F14                     RXF5SIDH        equ	3860	;# 
  2762   000F15                     RXF5SIDL        equ	3861	;# 
  2763   000F16                     RXF5EIDH        equ	3862	;# 
  2764   000F17                     RXF5EIDL        equ	3863	;# 
  2765   000F18                     RXM0SIDH        equ	3864	;# 
  2766   000F19                     RXM0SIDL        equ	3865	;# 
  2767   000F1A                     RXM0EIDH        equ	3866	;# 
  2768   000F1B                     RXM0EIDL        equ	3867	;# 
  2769   000F1C                     RXM1SIDH        equ	3868	;# 
  2770   000F1D                     RXM1SIDL        equ	3869	;# 
  2771   000F1E                     RXM1EIDH        equ	3870	;# 
  2772   000F1F                     RXM1EIDL        equ	3871	;# 
  2773   000F20                     TXB2CON         equ	3872	;# 
  2774   000F21                     TXB2SIDH        equ	3873	;# 
  2775   000F22                     TXB2SIDL        equ	3874	;# 
  2776   000F23                     TXB2EIDH        equ	3875	;# 
  2777   000F24                     TXB2EIDL        equ	3876	;# 
  2778   000F25                     TXB2DLC         equ	3877	;# 
  2779   000F26                     TXB2D0          equ	3878	;# 
  2780   000F27                     TXB2D1          equ	3879	;# 
  2781   000F28                     TXB2D2          equ	3880	;# 
  2782   000F29                     TXB2D3          equ	3881	;# 
  2783   000F2A                     TXB2D4          equ	3882	;# 
  2784   000F2B                     TXB2D5          equ	3883	;# 
  2785   000F2C                     TXB2D6          equ	3884	;# 
  2786   000F2D                     TXB2D7          equ	3885	;# 
  2787   000F2E                     CANSTAT_RO3     equ	3886	;# 
  2788   000F2F                     CANCON_RO3      equ	3887	;# 
  2789   000F30                     TXB1CON         equ	3888	;# 
  2790   000F31                     TXB1SIDH        equ	3889	;# 
  2791   000F32                     TXB1SIDL        equ	3890	;# 
  2792   000F33                     TXB1EIDH        equ	3891	;# 
  2793   000F34                     TXB1EIDL        equ	3892	;# 
  2794   000F35                     TXB1DLC         equ	3893	;# 
  2795   000F36                     TXB1D0          equ	3894	;# 
  2796   000F37                     TXB1D1          equ	3895	;# 
  2797   000F38                     TXB1D2          equ	3896	;# 
  2798   000F39                     TXB1D3          equ	3897	;# 
  2799   000F3A                     TXB1D4          equ	3898	;# 
  2800   000F3B                     TXB1D5          equ	3899	;# 
  2801   000F3C                     TXB1D6          equ	3900	;# 
  2802   000F3D                     TXB1D7          equ	3901	;# 
  2803   000F3E                     CANSTAT_RO2     equ	3902	;# 
  2804   000F3F                     CANCON_RO2      equ	3903	;# 
  2805   000F40                     TXB0CON         equ	3904	;# 
  2806   000F41                     TXB0SIDH        equ	3905	;# 
  2807   000F42                     TXB0SIDL        equ	3906	;# 
  2808   000F43                     TXB0EIDH        equ	3907	;# 
  2809   000F44                     TXB0EIDL        equ	3908	;# 
  2810   000F45                     TXB0DLC         equ	3909	;# 
  2811   000F46                     TXB0D0          equ	3910	;# 
  2812   000F47                     TXB0D1          equ	3911	;# 
  2813   000F48                     TXB0D2          equ	3912	;# 
  2814   000F49                     TXB0D3          equ	3913	;# 
  2815   000F4A                     TXB0D4          equ	3914	;# 
  2816   000F4B                     TXB0D5          equ	3915	;# 
  2817   000F4C                     TXB0D6          equ	3916	;# 
  2818   000F4D                     TXB0D7          equ	3917	;# 
  2819   000F4E                     CANSTAT_RO1     equ	3918	;# 
  2820   000F4F                     CANCON_RO1      equ	3919	;# 
  2821   000F50                     RXB1CON         equ	3920	;# 
  2822   000F51                     RXB1SIDH        equ	3921	;# 
  2823   000F52                     RXB1SIDL        equ	3922	;# 
  2824   000F53                     RXB1EIDH        equ	3923	;# 
  2825   000F54                     RXB1EIDL        equ	3924	;# 
  2826   000F55                     RXB1DLC         equ	3925	;# 
  2827   000F56                     RXB1D0          equ	3926	;# 
  2828   000F57                     RXB1D1          equ	3927	;# 
  2829   000F58                     RXB1D2          equ	3928	;# 
  2830   000F59                     RXB1D3          equ	3929	;# 
  2831   000F5A                     RXB1D4          equ	3930	;# 
  2832   000F5B                     RXB1D5          equ	3931	;# 
  2833   000F5C                     RXB1D6          equ	3932	;# 
  2834   000F5D                     RXB1D7          equ	3933	;# 
  2835   000F5E                     CANSTAT_RO0     equ	3934	;# 
  2836   000F5F                     CANCON_RO0      equ	3935	;# 
  2837   000F60                     RXB0CON         equ	3936	;# 
  2838   000F61                     RXB0SIDH        equ	3937	;# 
  2839   000F62                     RXB0SIDL        equ	3938	;# 
  2840   000F63                     RXB0EIDH        equ	3939	;# 
  2841   000F64                     RXB0EIDL        equ	3940	;# 
  2842   000F65                     RXB0DLC         equ	3941	;# 
  2843   000F66                     RXB0D0          equ	3942	;# 
  2844   000F67                     RXB0D1          equ	3943	;# 
  2845   000F68                     RXB0D2          equ	3944	;# 
  2846   000F69                     RXB0D3          equ	3945	;# 
  2847   000F6A                     RXB0D4          equ	3946	;# 
  2848   000F6B                     RXB0D5          equ	3947	;# 
  2849   000F6C                     RXB0D6          equ	3948	;# 
  2850   000F6D                     RXB0D7          equ	3949	;# 
  2851   000F6E                     CANSTAT         equ	3950	;# 
  2852   000F6F                     CANCON          equ	3951	;# 
  2853   000F70                     BRGCON1         equ	3952	;# 
  2854   000F71                     BRGCON2         equ	3953	;# 
  2855   000F72                     BRGCON3         equ	3954	;# 
  2856   000F73                     CIOCON          equ	3955	;# 
  2857   000F74                     COMSTAT         equ	3956	;# 
  2858   000F75                     RXERRCNT        equ	3957	;# 
  2859   000F76                     TXERRCNT        equ	3958	;# 
  2860   000F77                     ECANCON         equ	3959	;# 
  2861   000F80                     PORTA           equ	3968	;# 
  2862   000F81                     PORTB           equ	3969	;# 
  2863   000F82                     PORTC           equ	3970	;# 
  2864   000F83                     PORTD           equ	3971	;# 
  2865   000F84                     PORTE           equ	3972	;# 
  2866   000F89                     LATA            equ	3977	;# 
  2867   000F8A                     LATB            equ	3978	;# 
  2868   000F8B                     LATC            equ	3979	;# 
  2869   000F8C                     LATD            equ	3980	;# 
  2870   000F8D                     LATE            equ	3981	;# 
  2871   000F92                     TRISA           equ	3986	;# 
  2872   000F92                     DDRA            equ	3986	;# 
  2873   000F93                     TRISB           equ	3987	;# 
  2874   000F93                     DDRB            equ	3987	;# 
  2875   000F94                     TRISC           equ	3988	;# 
  2876   000F94                     DDRC            equ	3988	;# 
  2877   000F95                     TRISD           equ	3989	;# 
  2878   000F95                     DDRD            equ	3989	;# 
  2879   000F96                     TRISE           equ	3990	;# 
  2880   000F96                     DDRE            equ	3990	;# 
  2881   000F9B                     OSCTUNE         equ	3995	;# 
  2882   000F9D                     PIE1            equ	3997	;# 
  2883   000F9E                     PIR1            equ	3998	;# 
  2884   000F9F                     IPR1            equ	3999	;# 
  2885   000FA0                     PIE2            equ	4000	;# 
  2886   000FA1                     PIR2            equ	4001	;# 
  2887   000FA2                     IPR2            equ	4002	;# 
  2888   000FA3                     PIE3            equ	4003	;# 
  2889   000FA4                     PIR3            equ	4004	;# 
  2890   000FA5                     IPR3            equ	4005	;# 
  2891   000FA6                     EECON1          equ	4006	;# 
  2892   000FA7                     EECON2          equ	4007	;# 
  2893   000FA8                     EEDATA          equ	4008	;# 
  2894   000FA9                     EEADR           equ	4009	;# 
  2895   000FAB                     RCSTA           equ	4011	;# 
  2896   000FAB                     RCSTA1          equ	4011	;# 
  2897   000FAC                     TXSTA           equ	4012	;# 
  2898   000FAC                     TXSTA1          equ	4012	;# 
  2899   000FAD                     TXREG           equ	4013	;# 
  2900   000FAD                     TXREG1          equ	4013	;# 
  2901   000FAE                     RCREG           equ	4014	;# 
  2902   000FAE                     RCREG1          equ	4014	;# 
  2903   000FAF                     SPBRG           equ	4015	;# 
  2904   000FAF                     SPBRG1          equ	4015	;# 
  2905   000FB0                     SPBRGH          equ	4016	;# 
  2906   000FB1                     T3CON           equ	4017	;# 
  2907   000FB2                     TMR3            equ	4018	;# 
  2908   000FB2                     TMR3L           equ	4018	;# 
  2909   000FB3                     TMR3H           equ	4019	;# 
  2910   000FB4                     CMCON           equ	4020	;# 
  2911   000FB5                     CVRCON          equ	4021	;# 
  2912   000FB6                     ECCP1AS         equ	4022	;# 
  2913   000FB7                     ECCP1DEL        equ	4023	;# 
  2914   000FB8                     BAUDCON         equ	4024	;# 
  2915   000FB8                     BAUDCTL         equ	4024	;# 
  2916   000FBA                     ECCP1CON        equ	4026	;# 
  2917   000FBB                     ECCPR1          equ	4027	;# 
  2918   000FBB                     ECCPR1L         equ	4027	;# 
  2919   000FBC                     ECCPR1H         equ	4028	;# 
  2920   000FBD                     CCP1CON         equ	4029	;# 
  2921   000FBE                     CCPR1           equ	4030	;# 
  2922   000FBE                     CCPR1L          equ	4030	;# 
  2923   000FBF                     CCPR1H          equ	4031	;# 
  2924   000FC0                     ADCON2          equ	4032	;# 
  2925   000FC1                     ADCON1          equ	4033	;# 
  2926   000FC2                     ADCON0          equ	4034	;# 
  2927   000FC3                     ADRES           equ	4035	;# 
  2928   000FC3                     ADRESL          equ	4035	;# 
  2929   000FC4                     ADRESH          equ	4036	;# 
  2930   000FC5                     SSPCON2         equ	4037	;# 
  2931   000FC6                     SSPCON1         equ	4038	;# 
  2932   000FC7                     SSPSTAT         equ	4039	;# 
  2933   000FC8                     SSPADD          equ	4040	;# 
  2934   000FC9                     SSPBUF          equ	4041	;# 
  2935   000FCA                     T2CON           equ	4042	;# 
  2936   000FCB                     PR2             equ	4043	;# 
  2937   000FCB                     MEMCON          equ	4043	;# 
  2938   000FCC                     TMR2            equ	4044	;# 
  2939   000FCD                     T1CON           equ	4045	;# 
  2940   000FCE                     TMR1            equ	4046	;# 
  2941   000FCE                     TMR1L           equ	4046	;# 
  2942   000FCF                     TMR1H           equ	4047	;# 
  2943   000FD0                     RCON            equ	4048	;# 
  2944   000FD1                     WDTCON          equ	4049	;# 
  2945   000FD2                     HLVDCON         equ	4050	;# 
  2946   000FD2                     LVDCON          equ	4050	;# 
  2947   000FD3                     OSCCON          equ	4051	;# 
  2948   000FD5                     T0CON           equ	4053	;# 
  2949   000FD6                     TMR0            equ	4054	;# 
  2950   000FD6                     TMR0L           equ	4054	;# 
  2951   000FD7                     TMR0H           equ	4055	;# 
  2952   000FD8                     STATUS          equ	4056	;# 
  2953   000FD9                     FSR2            equ	4057	;# 
  2954   000FD9                     FSR2L           equ	4057	;# 
  2955   000FDA                     FSR2H           equ	4058	;# 
  2956   000FDB                     PLUSW2          equ	4059	;# 
  2957   000FDC                     PREINC2         equ	4060	;# 
  2958   000FDD                     POSTDEC2        equ	4061	;# 
  2959   000FDE                     POSTINC2        equ	4062	;# 
  2960   000FDF                     INDF2           equ	4063	;# 
  2961   000FE0                     BSR             equ	4064	;# 
  2962   000FE1                     FSR1            equ	4065	;# 
  2963   000FE1                     FSR1L           equ	4065	;# 
  2964   000FE2                     FSR1H           equ	4066	;# 
  2965   000FE3                     PLUSW1          equ	4067	;# 
  2966   000FE4                     PREINC1         equ	4068	;# 
  2967   000FE5                     POSTDEC1        equ	4069	;# 
  2968   000FE6                     POSTINC1        equ	4070	;# 
  2969   000FE7                     INDF1           equ	4071	;# 
  2970   000FE8                     WREG            equ	4072	;# 
  2971   000FE9                     FSR0            equ	4073	;# 
  2972   000FE9                     FSR0L           equ	4073	;# 
  2973   000FEA                     FSR0H           equ	4074	;# 
  2974   000FEB                     PLUSW0          equ	4075	;# 
  2975   000FEC                     PREINC0         equ	4076	;# 
  2976   000FED                     POSTDEC0        equ	4077	;# 
  2977   000FEE                     POSTINC0        equ	4078	;# 
  2978   000FEF                     INDF0           equ	4079	;# 
  2979   000FF0                     INTCON3         equ	4080	;# 
  2980   000FF1                     INTCON2         equ	4081	;# 
  2981   000FF2                     INTCON          equ	4082	;# 
  2982   000FF3                     PROD            equ	4083	;# 
  2983   000FF3                     PRODL           equ	4083	;# 
  2984   000FF4                     PRODH           equ	4084	;# 
  2985   000FF5                     TABLAT          equ	4085	;# 
  2986   000FF6                     TBLPTR          equ	4086	;# 
  2987   000FF6                     TBLPTRL         equ	4086	;# 
  2988   000FF7                     TBLPTRH         equ	4087	;# 
  2989   000FF8                     TBLPTRU         equ	4088	;# 
  2990   000FF9                     PCLAT           equ	4089	;# 
  2991   000FF9                     PC              equ	4089	;# 
  2992   000FF9                     PCL             equ	4089	;# 
  2993   000FFA                     PCLATH          equ	4090	;# 
  2994   000FFB                     PCLATU          equ	4091	;# 
  2995   000FFC                     STKPTR          equ	4092	;# 
  2996   000FFD                     TOS             equ	4093	;# 
  2997   000FFD                     TOSL            equ	4093	;# 
  2998   000FFE                     TOSH            equ	4094	;# 
  2999   000FFF                     TOSU            equ	4095	;# 
  3000                           
  3001                           	psect	idataCOMRAM
  3002   000F88                     __pidataCOMRAM:
  3003                           	callstack 0
  3004                           
  3005                           ;initializer for read_switches@once
  3006   000F88  01                 	db	1
  3007   000DD4                     _RXFCON0        set	3540
  3008   000F4D                     _TXB0D7         set	3917
  3009   000F4C                     _TXB0D6         set	3916
  3010   000F4B                     _TXB0D5         set	3915
  3011   000F4A                     _TXB0D4         set	3914
  3012   000F49                     _TXB0D3         set	3913
  3013   000F48                     _TXB0D2         set	3912
  3014   000F47                     _TXB0D1         set	3911
  3015   000F46                     _TXB0D0         set	3910
  3016   000F45                     _TXB0DLC        set	3909
  3017   000F42                     _TXB0SIDL       set	3906
  3018   000F41                     _TXB0SIDH       set	3905
  3019   000F44                     _TXB0EIDL       set	3908
  3020   000F43                     _TXB0EIDH       set	3907
  3021   000F01                     _RXF0SIDL       set	3841
  3022   000F00                     _RXF0SIDH       set	3840
  3023   000F03                     _RXF0EIDL       set	3843
  3024   000F02                     _RXF0EIDH       set	3842
  3025   007A03                     _TXB0REQ        set	31235
  3026   000FD6                     _TMR0           set	4054
  3027   000F6D                     _RXB0D7         set	3949
  3028   000F6C                     _RXB0D6         set	3948
  3029   000F6B                     _RXB0D5         set	3947
  3030   000F6A                     _RXB0D4         set	3946
  3031   000F69                     _RXB0D3         set	3945
  3032   000F68                     _RXB0D2         set	3944
  3033   000F67                     _RXB0D1         set	3943
  3034   000F66                     _RXB0D0         set	3942
  3035   000F65                     _RXB0DLC        set	3941
  3036   000F62                     _RXB0SIDL       set	3938
  3037   000F61                     _RXB0SIDH       set	3937
  3038   000F64                     _RXB0EIDL       set	3940
  3039   000F63                     _RXB0EIDH       set	3939
  3040   000F60                     _RXB0CON        set	3936
  3041   000F72                     _BRGCON3        set	3954
  3042   000F71                     _BRGCON2        set	3953
  3043   000F70                     _BRGCON1        set	3952
  3044   000F77                     _ECANCON        set	3959
  3045   000F6E                     _CANSTAT        set	3950
  3046   000F6F                     _CANCON         set	3951
  3047   000FC2                     _ADCON0         set	4034
  3048   000FC3                     _ADRESL         set	4035
  3049   000FC4                     _ADRESH         set	4036
  3050   000F94                     _TRISC          set	3988
  3051   000F95                     _TRISD          set	3989
  3052   000F83                     _PORTD          set	3971
  3053   000F81                     _PORTBbits      set	3969
  3054   000F81                     _PORTB          set	3969
  3055   000F93                     _TRISB          set	3987
  3056   000FC1                     _ADCON1         set	4033
  3057   007D20                     _RXB0IF         set	32032
  3058   007B07                     _RXB0FUL        set	31495
  3059   007C9B                     _TRISB3         set	31899
  3060   007C9A                     _TRISB2         set	31898
  3061   007E11                     _GO             set	32273
  3062   007E10                     _ADON           set	32272
  3063   007E0C                     _VCFG0          set	32268
  3064   007E0D                     _VCFG1          set	32269
  3065   007E11                     _GODONE         set	32273
  3066   007E02                     _ADCS2          set	32258
  3067   007E01                     _ADCS1          set	32257
  3068   007E00                     _ADCS0          set	32256
  3069   007E03                     _ACQT0          set	32259
  3070   007E04                     _ACQT1          set	32260
  3071   007E05                     _ACQT2          set	32261
  3072   007E07                     _ADFM           set	32263
  3073   007F95                     _TMR0IE         set	32661
  3074   007EAB                     _PSA            set	32427
  3075   007EAF                     _TMR0ON         set	32431
  3076   007EAD                     _T0CS           set	32429
  3077   007EAE                     _T08BIT         set	32430
  3078   007C1F                     _RD7            set	31775
  3079   007C10                     _RC0            set	31760
  3080   007CAF                     _TRISD7         set	31919
  3081   007C12                     _RC2            set	31762
  3082   007C11                     _RC1            set	31761
  3083   007F8F                     _RBPU           set	32655
  3084   007C95                     _TRISA5         set	31893
  3085   007F92                     _TMR0IF         set	32658
  3086   007F96                     _PEIE           set	32662
  3087   007F97                     _GIE            set	32663
  3088                           
  3089                           	psect	smallconst
  3090   000600                     __psmallconst:
  3091                           	callstack 0
  3092   000600  00                 	db	0
  3093   000601                     STR_2:
  3094   000601  43                 	db	67	;'C'
  3095   000602  4F                 	db	79	;'O'
  3096   000603  4C                 	db	76	;'L'
  3097   000604  4C                 	db	76	;'L'
  3098   000605  49                 	db	73	;'I'
  3099   000606  53                 	db	83	;'S'
  3100   000607  49                 	db	73	;'I'
  3101   000608  4F                 	db	79	;'O'
  3102   000609  4E                 	db	78	;'N'
  3103   00060A  20                 	db	32
  3104   00060B  4D                 	db	77	;'M'
  3105   00060C  4F                 	db	79	;'O'
  3106   00060D  44                 	db	68	;'D'
  3107   00060E  45                 	db	69	;'E'
  3108   00060F  00                 	db	0
  3109   000610                     STR_1:
  3110   000610  4E                 	db	78	;'N'
  3111   000611  4F                 	db	79	;'O'
  3112   000612  52                 	db	82	;'R'
  3113   000613  4D                 	db	77	;'M'
  3114   000614  41                 	db	65	;'A'
  3115   000615  4C                 	db	76	;'L'
  3116   000616  20                 	db	32
  3117   000617  4D                 	db	77	;'M'
  3118   000618  4F                 	db	79	;'O'
  3119   000619  44                 	db	68	;'D'
  3120   00061A  45                 	db	69	;'E'
  3121   00061B  00                 	db	0
  3122   00061C  00                 	db	0	; dummy byte at the end
  3123   000600                     __smallconst    set	__psmallconst
  3124   000600                     __mediumconst   set	__psmallconst
  3125   000001                     __activetblptr  equ	1
  3126                           
  3127                           ; #config settings
  3128                           
  3129                           	psect	cinit
  3130   000F12                     __pcinit:
  3131                           	callstack 0
  3132   000F12                     start_initialization:
  3133                           	callstack 0
  3134   000F12                     __initialization:
  3135                           	callstack 0
  3136                           
  3137                           ; Initialize objects allocated to COMRAM (1 bytes)
  3138                           ; load TBLPTR registers with __pidataCOMRAM
  3139   000F12  0E88               	movlw	low __pidataCOMRAM
  3140   000F14  6EF6               	movwf	tblptrl,c
  3141   000F16  0E0F               	movlw	high __pidataCOMRAM
  3142   000F18  6EF7               	movwf	tblptrh,c
  3143   000F1A  0E00               	movlw	low (__pidataCOMRAM shr (0+16))
  3144   000F1C  6EF8               	movwf	tblptru,c
  3145   000F1E  0009               	tblrd		*+	;fetch initializer
  3146   000F20  CFF5 F050          	movff	tablat,__pdataCOMRAM
  3147                           
  3148                           ; Clear objects allocated to COMRAM (41 bytes)
  3149   000F24  EE00  F002         	lfsr	0,__pbssCOMRAM
  3150   000F28  0E29               	movlw	41
  3151   000F2A                     clear_0:
  3152   000F2A  6AEE               	clrf	postinc0,c
  3153   000F2C  06E8               	decf	wreg,f,c
  3154   000F2E  E1FD               	bnz	clear_0
  3155   000F30                     end_of_initialization:
  3156                           	callstack 0
  3157   000F30                     __end_of__initialization:
  3158                           	callstack 0
  3159   000F30  9001               	bcf	int$flags,0,c	;clear compiler interrupt flag (level 1)
  3160   000F32  9201               	bcf	int$flags,1,c	;clear compiler interrupt flag (level 2)
  3161   000F34  0E00               	movlw	low (__Lsmallconst shr (0+16))
  3162   000F36  6EF8               	movwf	tblptru,c
  3163   000F38  0E06               	movlw	high __Lsmallconst
  3164   000F3A  6EF7               	movwf	tblptrh,c
  3165   000F3C  0100               	movlb	0
  3166   000F3E  EF0F  F003         	goto	_main	;jump to C main() function
  3167                           
  3168                           	psect	bssCOMRAM
  3169   000002                     __pbssCOMRAM:
  3170                           	callstack 0
  3171   000002                     _can_payload:
  3172                           	callstack 0
  3173   000002                     	ds	13
  3174   00000F                     _canspd:
  3175                           	callstack 0
  3176   00000F                     	ds	10
  3177   000019                     _pwmcount:
  3178                           	callstack 0
  3179   000019                     	ds	2
  3180   00001B                     _val:
  3181                           	callstack 0
  3182   00001B                     	ds	2
  3183   00001D                     _speed:
  3184                           	callstack 0
  3185   00001D                     	ds	2
  3186   00001F                     read_switches@key:
  3187                           	callstack 0
  3188   00001F                     	ds	1
  3189   000020                     _cangear:
  3190                           	callstack 0
  3191   000020                     	ds	1
  3192   000021                     _arr:
  3193                           	callstack 0
  3194   000021                     	ds	10
  3195                           
  3196                           	psect	dataCOMRAM
  3197   000050                     __pdataCOMRAM:
  3198                           	callstack 0
  3199   000050                     read_switches@once:
  3200                           	callstack 0
  3201   000050                     	ds	1
  3202                           
  3203                           	psect	cstackCOMRAM
  3204   00002B                     __pcstackCOMRAM:
  3205                           	callstack 0
  3206   00002B                     ??_isr:
  3207                           
  3208                           ; 1 bytes @ 0x0
  3209   00002B                     	ds	2
  3210   00002D                     ?_read_adc:
  3211                           	callstack 0
  3212   00002D                     ?___lwdiv:
  3213                           	callstack 0
  3214   00002D                     ?___lmul:
  3215                           	callstack 0
  3216   00002D                     clcd_write@control_bit:
  3217                           	callstack 0
  3218   00002D                     can_transmit@msgid:
  3219                           	callstack 0
  3220   00002D                     ___lwdiv@dividend:
  3221                           	callstack 0
  3222   00002D                     ___lmul@multiplier:
  3223                           	callstack 0
  3224   00002D                     ??_read_switches:
  3225   00002D                     
  3226                           ; 1 bytes @ 0x2
  3227   00002D                     	ds	1
  3228   00002E                     read_switches@detection_type:
  3229                           	callstack 0
  3230   00002E                     clcd_write@byte:
  3231                           	callstack 0
  3232   00002E                     
  3233                           ; 1 bytes @ 0x3
  3234   00002E                     	ds	1
  3235   00002F                     clcd_print@data:
  3236                           	callstack 0
  3237   00002F                     can_transmit@speed:
  3238                           	callstack 0
  3239   00002F                     ___lwdiv@divisor:
  3240                           	callstack 0
  3241   00002F                     ??_init_clcd:
  3242   00002F                     ??_read_adc:
  3243                           
  3244                           ; 1 bytes @ 0x4
  3245   00002F                     	ds	1
  3246   000030                     clcd_print@addr:
  3247                           	callstack 0
  3248   000030                     can_transmit@gear:
  3249                           	callstack 0
  3250                           
  3251                           ; 1 bytes @ 0x5
  3252   000030                     	ds	1
  3253   000031                     read_adc@reg_val:
  3254                           	callstack 0
  3255   000031                     ___lwdiv@quotient:
  3256                           	callstack 0
  3257   000031                     ___lmul@multiplicand:
  3258                           	callstack 0
  3259   000031                     ??_can_transmit:
  3260   000031                     
  3261                           ; 1 bytes @ 0x6
  3262   000031                     	ds	2
  3263   000033                     read_adc@channel:
  3264                           	callstack 0
  3265   000033                     ___lwdiv@counter:
  3266                           	callstack 0
  3267                           
  3268                           ; 1 bytes @ 0x8
  3269   000033                     	ds	1
  3270   000034                     ?___lwmod:
  3271                           	callstack 0
  3272   000034                     ___lwmod@dividend:
  3273                           	callstack 0
  3274                           
  3275                           ; 2 bytes @ 0x9
  3276   000034                     	ds	1
  3277   000035                     ___lmul@product:
  3278                           	callstack 0
  3279   000035                     
  3280                           ; 1 bytes @ 0xA
  3281   000035                     	ds	1
  3282   000036                     ___lwmod@divisor:
  3283                           	callstack 0
  3284                           
  3285                           ; 2 bytes @ 0xB
  3286   000036                     	ds	2
  3287   000038                     ___lwmod@counter:
  3288                           	callstack 0
  3289   000038                     
  3290                           ; 1 bytes @ 0xD
  3291   000038                     	ds	1
  3292   000039                     ?___lldiv:
  3293                           	callstack 0
  3294   000039                     speed_to_str@speed:
  3295                           	callstack 0
  3296   000039                     ___lldiv@dividend:
  3297                           	callstack 0
  3298                           
  3299                           ; 4 bytes @ 0xE
  3300   000039                     	ds	2
  3301   00003B                     speed_to_str@str:
  3302                           	callstack 0
  3303                           
  3304                           ; 1 bytes @ 0x10
  3305   00003B                     	ds	1
  3306   00003C                     speed_to_str@ones:
  3307                           	callstack 0
  3308   00003C                     
  3309                           ; 1 bytes @ 0x11
  3310   00003C                     	ds	1
  3311   00003D                     speed_to_str@tens:
  3312                           	callstack 0
  3313   00003D                     ___lldiv@divisor:
  3314                           	callstack 0
  3315                           
  3316                           ; 4 bytes @ 0x12
  3317   00003D                     	ds	1
  3318   00003E                     speed_to_str@hundreds:
  3319                           	callstack 0
  3320                           
  3321                           ; 1 bytes @ 0x13
  3322   00003E                     	ds	3
  3323   000041                     ___lldiv@quotient:
  3324                           	callstack 0
  3325   000041                     
  3326                           ; 1 bytes @ 0x16
  3327   000041                     	ds	4
  3328   000045                     ___lldiv@counter:
  3329                           	callstack 0
  3330                           
  3331                           ; 1 bytes @ 0x1A
  3332   000045                     	ds	1
  3333   000046                     main@msgid:
  3334                           	callstack 0
  3335   000046                     
  3336                           ; 1 bytes @ 0x1B
  3337   000046                     	ds	2
  3338   000048                     main@col:
  3339                           	callstack 0
  3340                           
  3341                           ; 1 bytes @ 0x1D
  3342   000048                     	ds	1
  3343   000049                     main@sum:
  3344                           	callstack 0
  3345                           
  3346                           ; 4 bytes @ 0x1E
  3347   000049                     	ds	4
  3348   00004D                     main@i:
  3349                           	callstack 0
  3350                           
  3351                           ; 2 bytes @ 0x22
  3352   00004D                     	ds	2
  3353   00004F                     main@key:
  3354                           	callstack 0
  3355                           
  3356                           ; 1 bytes @ 0x24
  3357   00004F                     	ds	1
  3358                           
  3359 ;;
  3360 ;;Main: autosize = 0, tempsize = 0, incstack = 0, save=0
  3361 ;;
  3362 ;; *************** function _main *****************
  3363 ;; Defined at:
  3364 ;;		line 28 in file "newmain.c"
  3365 ;; Parameters:    Size  Location     Type
  3366 ;;		None
  3367 ;; Auto vars:     Size  Location     Type
  3368 ;;  i               2   34[COMRAM] int 
  3369 ;;  sum             4   30[COMRAM] unsigned long 
  3370 ;;  msgid           2   27[COMRAM] unsigned int 
  3371 ;;  key             1   36[COMRAM] unsigned char 
  3372 ;;  col             1   29[COMRAM] unsigned char 
  3373 ;; Return value:  Size  Location     Type
  3374 ;;                  1    wreg      void 
  3375 ;; Registers used:
  3376 ;;		wreg, fsr2l, fsr2h, status,2, status,0, tblptrl, tblptrh, tblptru, cstack
  3377 ;; Tracked objects:
  3378 ;;		On entry : 0/0
  3379 ;;		On exit  : 0/0
  3380 ;;		Unchanged: 0/0
  3381 ;; Data sizes:     COMRAM   BANK0   BANK1   BANK2   BANK3   BANK4   BANK5
  3382 ;;      Params:         0       0       0       0       0       0       0
  3383 ;;      Locals:        10       0       0       0       0       0       0
  3384 ;;      Temps:          0       0       0       0       0       0       0
  3385 ;;      Totals:        10       0       0       0       0       0       0
  3386 ;;Total ram usage:       10 bytes
  3387 ;; Hardware stack levels required when called: 3
  3388 ;; This function calls:
  3389 ;;		___lldiv
  3390 ;;		___lmul
  3391 ;;		_can_transmit
  3392 ;;		_clcd_print
  3393 ;;		_init_adc
  3394 ;;		_init_can
  3395 ;;		_init_clcd
  3396 ;;		_init_matrix_keypad
  3397 ;;		_init_timer0
  3398 ;;		_read_adc
  3399 ;;		_read_switches
  3400 ;;		_speed_to_str
  3401 ;; This function is called by:
  3402 ;;		Startup code after reset
  3403 ;; This function uses a non-reentrant model
  3404 ;;
  3405                           
  3406                           	psect	text0
  3407   00061E                     __ptext0:
  3408                           	callstack 0
  3409   00061E                     _main:
  3410                           	callstack 28
  3411   00061E                     
  3412                           ;newmain.c: 30:   init_can();
  3413   00061E  EC08  F007         	call	_init_can	;wreg free
  3414   000622                     
  3415                           ;newmain.c: 31:   init_timer0();
  3416   000622  ECB1  F007         	call	_init_timer0	;wreg free
  3417   000626                     
  3418                           ;newmain.c: 32:   init_adc();
  3419   000626  ECA1  F007         	call	_init_adc	;wreg free
  3420                           
  3421                           ;newmain.c: 33:   init_matrix_keypad();
  3422   00062A  ECBB  F007         	call	_init_matrix_keypad	;wreg free
  3423                           
  3424                           ;newmain.c: 34:   init_clcd();
  3425   00062E  EC2E  F005         	call	_init_clcd	;wreg free
  3426   000632                     
  3427                           ;newmain.c: 35:   GIE=1;
  3428   000632  8EF2               	bsf	4082,7,c	;volatile
  3429   000634                     
  3430                           ;newmain.c: 36:   PEIE=1;
  3431   000634  8CF2               	bsf	4082,6,c	;volatile
  3432   000636                     
  3433                           ;newmain.c: 37:   TMR0IF = 0;
  3434   000636  94F2               	bcf	4082,2,c	;volatile
  3435   000638                     
  3436                           ;newmain.c: 38:   TRISA5=1;
  3437   000638  8A92               	bsf	3986,5,c	;volatile
  3438   00063A                     
  3439                           ;newmain.c: 40:   unsigned char col=0;
  3440   00063A  6A48               	clrf	main@col^0,c
  3441   00063C                     
  3442                           ;newmain.c: 41:   arr[4]='N';
  3443   00063C  0E4E               	movlw	78
  3444   00063E  6E25               	movwf	(_arr+4)^0,c
  3445   000640                     
  3446                           ;newmain.c: 42:   clcd_print("NORMAL MODE", (0x80 + (0)));
  3447   000640  0E10               	movlw	low STR_1
  3448   000642  6E2F               	movwf	clcd_print@data^0,c
  3449   000644  0E80               	movlw	128
  3450   000646  6E30               	movwf	clcd_print@addr^0,c
  3451   000648  EC4F  F007         	call	_clcd_print	;wreg free
  3452   00064C                     l1758:
  3453                           
  3454                           ;newmain.c: 46:   {;newmain.c: 47:   unsigned int msgid=0x35E;
  3455   00064C  0E03               	movlw	3
  3456   00064E  6E47               	movwf	(main@msgid+1)^0,c
  3457   000650  0E5E               	movlw	94
  3458   000652  6E46               	movwf	main@msgid^0,c
  3459   000654                     
  3460                           ;newmain.c: 49:     unsigned long sum=0;
  3461   000654  0E00               	movlw	0
  3462   000656  6E49               	movwf	main@sum^0,c
  3463   000658  0E00               	movlw	0
  3464   00065A  6E4A               	movwf	(main@sum+1)^0,c
  3465   00065C  0E00               	movlw	0
  3466   00065E  6E4B               	movwf	(main@sum+2)^0,c
  3467   000660  0E00               	movlw	0
  3468   000662  6E4C               	movwf	(main@sum+3)^0,c
  3469   000664                     
  3470                           ;newmain.c: 50:     for (int i=0; i < 20; i++)
  3471   000664  6A4E               	clrf	(main@i+1)^0,c
  3472   000666  0E00               	movlw	0
  3473   000668  6E4D               	movwf	main@i^0,c
  3474   00066A                     l1768:
  3475                           
  3476                           ;newmain.c: 51:     {;newmain.c: 52:       sum=sum + read_adc(4);
  3477   00066A  0E04               	movlw	4
  3478   00066C  EC2C  F007         	call	_read_adc
  3479   000670  502D               	movf	?_read_adc^0,w,c
  3480   000672  2449               	addwf	main@sum^0,w,c
  3481   000674  6E49               	movwf	main@sum^0,c
  3482   000676  502E               	movf	(?_read_adc+1)^0,w,c
  3483   000678  204A               	addwfc	(main@sum+1)^0,w,c
  3484   00067A  6E4A               	movwf	(main@sum+1)^0,c
  3485   00067C  0E00               	movlw	0
  3486   00067E  204B               	addwfc	(main@sum+2)^0,w,c
  3487   000680  6E4B               	movwf	(main@sum+2)^0,c
  3488   000682  0E00               	movlw	0
  3489   000684  204C               	addwfc	(main@sum+3)^0,w,c
  3490   000686  6E4C               	movwf	(main@sum+3)^0,c
  3491   000688                     
  3492                           ;newmain.c: 53:     }
  3493   000688  4A4D               	infsnz	main@i^0,f,c
  3494   00068A  2A4E               	incf	(main@i+1)^0,f,c
  3495   00068C  BE4E               	btfsc	(main@i+1)^0,7,c
  3496   00068E  EF52  F003         	goto	u751
  3497   000692  504E               	movf	(main@i+1)^0,w,c
  3498   000694  E109               	bnz	u750
  3499   000696  0E14               	movlw	20
  3500   000698  5C4D               	subwf	main@i^0,w,c
  3501   00069A  A0D8               	btfss	status,0,c
  3502   00069C  EF52  F003         	goto	u751
  3503   0006A0  EF54  F003         	goto	u750
  3504   0006A4                     u751:
  3505   0006A4  EF35  F003         	goto	l1768
  3506   0006A8                     u750:
  3507   0006A8                     
  3508                           ;newmain.c: 54:     val =sum / 20;
  3509   0006A8  C049  F039         	movff	main@sum,___lldiv@dividend
  3510   0006AC  C04A  F03A         	movff	main@sum+1,___lldiv@dividend+1
  3511   0006B0  C04B  F03B         	movff	main@sum+2,___lldiv@dividend+2
  3512   0006B4  C04C  F03C         	movff	main@sum+3,___lldiv@dividend+3
  3513   0006B8  0E14               	movlw	20
  3514   0006BA  6E3D               	movwf	___lldiv@divisor^0,c
  3515   0006BC  0E00               	movlw	0
  3516   0006BE  6E3E               	movwf	(___lldiv@divisor+1)^0,c
  3517   0006C0  0E00               	movlw	0
  3518   0006C2  6E3F               	movwf	(___lldiv@divisor+2)^0,c
  3519   0006C4  0E00               	movlw	0
  3520   0006C6  6E40               	movwf	(___lldiv@divisor+3)^0,c
  3521   0006C8  EC81  F005         	call	___lldiv	;wreg free
  3522   0006CC  C039  F01B         	movff	?___lldiv,_val
  3523   0006D0  C03A  F01C         	movff	?___lldiv+1,_val+1
  3524                           
  3525                           ;newmain.c: 55:     unsigned char key =read_switches(1);
  3526   0006D4  0E01               	movlw	1
  3527   0006D6  ECD3  F005         	call	_read_switches
  3528   0006DA  6E4F               	movwf	main@key^0,c
  3529                           
  3530                           ;newmain.c: 56:     speed = (((unsigned long) val * 249) / 1023);
  3531   0006DC  C01B  F02D         	movff	_val,___lmul@multiplier
  3532   0006E0  C01C  F02E         	movff	_val+1,___lmul@multiplier+1
  3533   0006E4  6A2F               	clrf	(___lmul@multiplier+2)^0,c
  3534   0006E6  6A30               	clrf	(___lmul@multiplier+3)^0,c
  3535   0006E8  0EF9               	movlw	249
  3536   0006EA  6E31               	movwf	___lmul@multiplicand^0,c
  3537   0006EC  0E00               	movlw	0
  3538   0006EE  6E32               	movwf	(___lmul@multiplicand+1)^0,c
  3539   0006F0  0E00               	movlw	0
  3540   0006F2  6E33               	movwf	(___lmul@multiplicand+2)^0,c
  3541   0006F4  0E00               	movlw	0
  3542   0006F6  6E34               	movwf	(___lmul@multiplicand+3)^0,c
  3543   0006F8  EC4D  F006         	call	___lmul	;wreg free
  3544   0006FC  C02D  F039         	movff	?___lmul,___lldiv@dividend
  3545   000700  C02E  F03A         	movff	?___lmul+1,___lldiv@dividend+1
  3546   000704  C02F  F03B         	movff	?___lmul+2,___lldiv@dividend+2
  3547   000708  C030  F03C         	movff	?___lmul+3,___lldiv@dividend+3
  3548   00070C  0EFF               	movlw	255
  3549   00070E  6E3D               	movwf	___lldiv@divisor^0,c
  3550   000710  0E03               	movlw	3
  3551   000712  6E3E               	movwf	(___lldiv@divisor+1)^0,c
  3552   000714  0E00               	movlw	0
  3553   000716  6E3F               	movwf	(___lldiv@divisor+2)^0,c
  3554   000718  0E00               	movlw	0
  3555   00071A  6E40               	movwf	(___lldiv@divisor+3)^0,c
  3556   00071C  EC81  F005         	call	___lldiv	;wreg free
  3557   000720  C039  F01D         	movff	?___lldiv,_speed
  3558   000724  C03A  F01E         	movff	?___lldiv+1,_speed+1
  3559   000728                     
  3560                           ;newmain.c: 57:     speed_to_str(speed, arr);
  3561   000728  C01D  F039         	movff	_speed,speed_to_str@speed
  3562   00072C  C01E  F03A         	movff	_speed+1,speed_to_str@speed+1
  3563   000730  0E21               	movlw	low _arr
  3564   000732  6E3B               	movwf	speed_to_str@str^0,c
  3565   000734  ECBF  F004         	call	_speed_to_str	;wreg free
  3566   000738                     
  3567                           ;newmain.c: 61:     if (key == 1)
  3568   000738  044F               	decf	main@key^0,w,c
  3569   00073A  A4D8               	btfss	status,2,c
  3570   00073C  EFA2  F003         	goto	u761
  3571   000740  EFA4  F003         	goto	u760
  3572   000744                     u761:
  3573   000744  EFD1  F003         	goto	l1796
  3574   000748                     u760:
  3575   000748                     
  3576                           ;newmain.c: 62:     {;newmain.c: 64:       if (arr[4] == 'N')
  3577   000748  0E4E               	movlw	78
  3578   00074A  1825               	xorwf	(_arr+4)^0,w,c
  3579   00074C  A4D8               	btfss	status,2,c
  3580   00074E  EFAB  F003         	goto	u771
  3581   000752  EFAD  F003         	goto	u770
  3582   000756                     u771:
  3583   000756  EFB1  F003         	goto	l1784
  3584   00075A                     u770:
  3585   00075A                     
  3586                           ;newmain.c: 65:         arr[4]='1';
  3587   00075A  0E31               	movlw	49
  3588   00075C  6E25               	movwf	(_arr+4)^0,c
  3589   00075E  EFCF  F003         	goto	l1794
  3590   000762                     l1784:
  3591   000762  0E30               	movlw	48
  3592   000764  6425               	cpfsgt	(_arr+4)^0,c
  3593   000766  EFB7  F003         	goto	u781
  3594   00076A  EFB9  F003         	goto	u780
  3595   00076E                     u781:
  3596   00076E  EFC4  F003         	goto	l1790
  3597   000772                     u780:
  3598   000772  0E36               	movlw	54
  3599   000774  6025               	cpfslt	(_arr+4)^0,c
  3600   000776  EFBF  F003         	goto	u791
  3601   00077A  EFC1  F003         	goto	u790
  3602   00077E                     u791:
  3603   00077E  EFC4  F003         	goto	l1790
  3604   000782                     u790:
  3605   000782                     
  3606                           ;newmain.c: 67:         arr[4]++;
  3607   000782  2A25               	incf	(_arr+4)^0,f,c
  3608   000784  EFCF  F003         	goto	l1794
  3609   000788                     l1790:
  3610   000788  0E36               	movlw	54
  3611   00078A  1825               	xorwf	(_arr+4)^0,w,c
  3612   00078C  A4D8               	btfss	status,2,c
  3613   00078E  EFCB  F003         	goto	u801
  3614   000792  EFCD  F003         	goto	u800
  3615   000796                     u801:
  3616   000796  EFCF  F003         	goto	l1794
  3617   00079A                     u800:
  3618   00079A                     
  3619                           ;newmain.c: 69:         arr[4]='R';
  3620   00079A  0E52               	movlw	82
  3621   00079C  6E25               	movwf	(_arr+4)^0,c
  3622   00079E                     l1794:
  3623                           
  3624                           ;newmain.c: 71:     } else if (key == 2)
  3625   00079E  EF20  F004         	goto	l1820
  3626   0007A2                     l1796:
  3627   0007A2  0E02               	movlw	2
  3628   0007A4  184F               	xorwf	main@key^0,w,c
  3629   0007A6  A4D8               	btfss	status,2,c
  3630   0007A8  EFD8  F003         	goto	u811
  3631   0007AC  EFDA  F003         	goto	u810
  3632   0007B0                     u811:
  3633   0007B0  EF07  F004         	goto	l1814
  3634   0007B4                     u810:
  3635   0007B4                     
  3636                           ;newmain.c: 72:     {;newmain.c: 73:       if (arr[4] == 'R')
  3637   0007B4  0E52               	movlw	82
  3638   0007B6  1825               	xorwf	(_arr+4)^0,w,c
  3639   0007B8  A4D8               	btfss	status,2,c
  3640   0007BA  EFE1  F003         	goto	u821
  3641   0007BE  EFE3  F003         	goto	u820
  3642   0007C2                     u821:
  3643   0007C2  EFE7  F003         	goto	l1802
  3644   0007C6                     u820:
  3645   0007C6                     
  3646                           ;newmain.c: 74:         arr[4]='6';
  3647   0007C6  0E36               	movlw	54
  3648   0007C8  6E25               	movwf	(_arr+4)^0,c
  3649   0007CA  EFCF  F003         	goto	l1794
  3650   0007CE                     l1802:
  3651   0007CE  0E31               	movlw	49
  3652   0007D0  6425               	cpfsgt	(_arr+4)^0,c
  3653   0007D2  EFED  F003         	goto	u831
  3654   0007D6  EFEF  F003         	goto	u830
  3655   0007DA                     u831:
  3656   0007DA  EFFA  F003         	goto	l1808
  3657   0007DE                     u830:
  3658   0007DE  0E37               	movlw	55
  3659   0007E0  6025               	cpfslt	(_arr+4)^0,c
  3660   0007E2  EFF5  F003         	goto	u841
  3661   0007E6  EFF7  F003         	goto	u840
  3662   0007EA                     u841:
  3663   0007EA  EFFA  F003         	goto	l1808
  3664   0007EE                     u840:
  3665   0007EE                     
  3666                           ;newmain.c: 76:         arr[4]--;
  3667   0007EE  0625               	decf	(_arr+4)^0,f,c
  3668   0007F0  EFCF  F003         	goto	l1794
  3669   0007F4                     l1808:
  3670   0007F4  0E31               	movlw	49
  3671   0007F6  1825               	xorwf	(_arr+4)^0,w,c
  3672   0007F8  A4D8               	btfss	status,2,c
  3673   0007FA  EF01  F004         	goto	u851
  3674   0007FE  EF03  F004         	goto	u850
  3675   000802                     u851:
  3676   000802  EFCF  F003         	goto	l1794
  3677   000806                     u850:
  3678   000806                     
  3679                           ;newmain.c: 78:         arr[4]='N';
  3680   000806  0E4E               	movlw	78
  3681   000808  6E25               	movwf	(_arr+4)^0,c
  3682   00080A  EFCF  F003         	goto	l1794
  3683   00080E                     l1814:
  3684   00080E  0E03               	movlw	3
  3685   000810  184F               	xorwf	main@key^0,w,c
  3686   000812  A4D8               	btfss	status,2,c
  3687   000814  EF0E  F004         	goto	u861
  3688   000818  EF10  F004         	goto	u860
  3689   00081C                     u861:
  3690   00081C  EF20  F004         	goto	l1820
  3691   000820                     u860:
  3692   000820                     
  3693                           ;newmain.c: 81:     {;newmain.c: 82:       col=1;
  3694   000820  0E01               	movlw	1
  3695   000822  6E48               	movwf	main@col^0,c
  3696                           
  3697                           ;newmain.c: 83:             msgid=0x70;
  3698   000824  6A47               	clrf	(main@msgid+1)^0,c
  3699   000826  0E70               	movlw	112
  3700   000828  6E46               	movwf	main@msgid^0,c
  3701                           
  3702                           ;newmain.c: 90:       speed=0;
  3703   00082A  6A1E               	clrf	(_speed+1)^0,c
  3704   00082C  0E00               	movlw	0
  3705   00082E  6E1D               	movwf	_speed^0,c
  3706                           
  3707                           ;newmain.c: 91:       arr[4]='N';
  3708   000830  0E4E               	movlw	78
  3709   000832  6E25               	movwf	(_arr+4)^0,c
  3710   000834                     
  3711                           ;newmain.c: 92:       clcd_print("COLLISION MODE", (0x80 + (0)));
  3712   000834  0E01               	movlw	low STR_2
  3713   000836  6E2F               	movwf	clcd_print@data^0,c
  3714   000838  0E80               	movlw	128
  3715   00083A  6E30               	movwf	clcd_print@addr^0,c
  3716   00083C  EC4F  F007         	call	_clcd_print	;wreg free
  3717   000840                     l1820:
  3718                           
  3719                           ;newmain.c: 98:     if (col)
  3720   000840  5048               	movf	main@col^0,w,c
  3721   000842  B4D8               	btfsc	status,2,c
  3722   000844  EF26  F004         	goto	u871
  3723   000848  EF28  F004         	goto	u870
  3724   00084C                     u871:
  3725   00084C  EF2D  F004         	goto	l1824
  3726   000850                     u870:
  3727   000850                     
  3728                           ;newmain.c: 99:     {;newmain.c: 100:       speed=0;
  3729   000850  6A1E               	clrf	(_speed+1)^0,c
  3730   000852  0E00               	movlw	0
  3731   000854  6E1D               	movwf	_speed^0,c
  3732                           
  3733                           ;newmain.c: 101:       arr[4]='N';
  3734   000856  0E4E               	movlw	78
  3735   000858  6E25               	movwf	(_arr+4)^0,c
  3736   00085A                     l1824:
  3737                           
  3738                           ;newmain.c: 105:     can_transmit(msgid, speed, arr[4]);
  3739   00085A  C046  F02D         	movff	main@msgid,can_transmit@msgid
  3740   00085E  C047  F02E         	movff	main@msgid+1,can_transmit@msgid+1
  3741   000862  C01D  F02F         	movff	_speed,can_transmit@speed
  3742   000866  C025  F030         	movff	_arr+4,can_transmit@gear
  3743   00086A  ECB4  F006         	call	_can_transmit	;wreg free
  3744   00086E  EF26  F003         	goto	l1758
  3745   000872  EF07  F000         	goto	start
  3746   000876                     __end_of_main:
  3747                           	callstack 0
  3748                           
  3749 ;; *************** function _speed_to_str *****************
  3750 ;; Defined at:
  3751 ;;		line 112 in file "newmain.c"
  3752 ;; Parameters:    Size  Location     Type
  3753 ;;  speed           2   14[COMRAM] unsigned int 
  3754 ;;  str             1   16[COMRAM] PTR unsigned char 
  3755 ;;		 -> arr(10), 
  3756 ;; Auto vars:     Size  Location     Type
  3757 ;;  hundreds        1   19[COMRAM] unsigned char 
  3758 ;;  tens            1   18[COMRAM] unsigned char 
  3759 ;;  ones            1   17[COMRAM] unsigned char 
  3760 ;; Return value:  Size  Location     Type
  3761 ;;                  1    wreg      void 
  3762 ;; Registers used:
  3763 ;;		wreg, fsr2l, fsr2h, status,2, status,0, cstack
  3764 ;; Tracked objects:
  3765 ;;		On entry : 0/0
  3766 ;;		On exit  : 0/0
  3767 ;;		Unchanged: 0/0
  3768 ;; Data sizes:     COMRAM   BANK0   BANK1   BANK2   BANK3   BANK4   BANK5
  3769 ;;      Params:         3       0       0       0       0       0       0
  3770 ;;      Locals:         3       0       0       0       0       0       0
  3771 ;;      Temps:          0       0       0       0       0       0       0
  3772 ;;      Totals:         6       0       0       0       0       0       0
  3773 ;;Total ram usage:        6 bytes
  3774 ;; Hardware stack levels used: 1
  3775 ;; Hardware stack levels required when called: 2
  3776 ;; This function calls:
  3777 ;;		___lwdiv
  3778 ;;		___lwmod
  3779 ;; This function is called by:
  3780 ;;		_main
  3781 ;; This function uses a non-reentrant model
  3782 ;;
  3783                           
  3784                           	psect	text1
  3785   00097E                     __ptext1:
  3786                           	callstack 0
  3787   00097E                     _speed_to_str:
  3788                           	callstack 28
  3789   00097E                     
  3790                           ;newmain.c: 112: void speed_to_str(unsigned int speed, char *str);newmain.c: 113: {;newm
      +                          ain.c: 114:   unsigned char hundreds;;newmain.c: 115:   unsigned char tens;;newmain.c: 1
      +                          16:   unsigned char ones;;newmain.c: 118:   hundreds = speed / 100;
  3791   00097E  C039  F02D         	movff	speed_to_str@speed,___lwdiv@dividend
  3792   000982  C03A  F02E         	movff	speed_to_str@speed+1,___lwdiv@dividend+1
  3793   000986  6A30               	clrf	(___lwdiv@divisor+1)^0,c
  3794   000988  0E64               	movlw	100
  3795   00098A  6E2F               	movwf	___lwdiv@divisor^0,c
  3796   00098C  EC14  F006         	call	___lwdiv	;wreg free
  3797   000990  502D               	movf	?___lwdiv^0,w,c
  3798   000992  6E3E               	movwf	speed_to_str@hundreds^0,c
  3799                           
  3800                           ;newmain.c: 119:   tens = (speed / 10) % 10;
  3801   000994  6A30               	clrf	(___lwdiv@divisor+1)^0,c
  3802   000996  0E0A               	movlw	10
  3803   000998  6E2F               	movwf	___lwdiv@divisor^0,c
  3804   00099A  C039  F02D         	movff	speed_to_str@speed,___lwdiv@dividend
  3805   00099E  C03A  F02E         	movff	speed_to_str@speed+1,___lwdiv@dividend+1
  3806   0009A2  EC14  F006         	call	___lwdiv	;wreg free
  3807   0009A6  C02D  F034         	movff	?___lwdiv,___lwmod@dividend
  3808   0009AA  C02E  F035         	movff	?___lwdiv+1,___lwmod@dividend+1
  3809   0009AE  6A37               	clrf	(___lwmod@divisor+1)^0,c
  3810   0009B0  0E0A               	movlw	10
  3811   0009B2  6E36               	movwf	___lwmod@divisor^0,c
  3812   0009B4  EC82  F006         	call	___lwmod	;wreg free
  3813   0009B8  5034               	movf	?___lwmod^0,w,c
  3814   0009BA  6E3D               	movwf	speed_to_str@tens^0,c
  3815                           
  3816                           ;newmain.c: 120:   ones = speed % 10;
  3817   0009BC  C039  F034         	movff	speed_to_str@speed,___lwmod@dividend
  3818   0009C0  C03A  F035         	movff	speed_to_str@speed+1,___lwmod@dividend+1
  3819   0009C4  6A37               	clrf	(___lwmod@divisor+1)^0,c
  3820   0009C6  0E0A               	movlw	10
  3821   0009C8  6E36               	movwf	___lwmod@divisor^0,c
  3822   0009CA  EC82  F006         	call	___lwmod	;wreg free
  3823   0009CE  5034               	movf	?___lwmod^0,w,c
  3824   0009D0  6E3C               	movwf	speed_to_str@ones^0,c
  3825   0009D2                     
  3826                           ;newmain.c: 122:   if (hundreds == 0)
  3827   0009D2  503E               	movf	speed_to_str@hundreds^0,w,c
  3828   0009D4  A4D8               	btfss	status,2,c
  3829   0009D6  EFEF  F004         	goto	u661
  3830   0009DA  EFF1  F004         	goto	u660
  3831   0009DE                     u661:
  3832   0009DE  EFF8  F004         	goto	l1674
  3833   0009E2                     u660:
  3834   0009E2                     
  3835                           ;newmain.c: 123:     str[0] = ' ';
  3836   0009E2  503B               	movf	speed_to_str@str^0,w,c
  3837   0009E4  6ED9               	movwf	fsr2l,c
  3838   0009E6  6ADA               	clrf	fsr2h,c
  3839   0009E8  0E20               	movlw	32
  3840   0009EA  6EDF               	movwf	indf2,c
  3841   0009EC  EFFE  F004         	goto	l1676
  3842   0009F0                     l1674:
  3843                           
  3844                           ;newmain.c: 125:     str[0] = hundreds + '0';
  3845   0009F0  503B               	movf	speed_to_str@str^0,w,c
  3846   0009F2  6ED9               	movwf	fsr2l,c
  3847   0009F4  6ADA               	clrf	fsr2h,c
  3848   0009F6  503E               	movf	speed_to_str@hundreds^0,w,c
  3849   0009F8  0F30               	addlw	48
  3850   0009FA  6EDF               	movwf	indf2,c
  3851   0009FC                     l1676:
  3852                           
  3853                           ;newmain.c: 127:   if (hundreds == 0 && tens == 0)
  3854   0009FC  503E               	movf	speed_to_str@hundreds^0,w,c
  3855   0009FE  A4D8               	btfss	status,2,c
  3856   000A00  EF04  F005         	goto	u671
  3857   000A04  EF06  F005         	goto	u670
  3858   000A08                     u671:
  3859   000A08  EF17  F005         	goto	l1682
  3860   000A0C                     u670:
  3861   000A0C  503D               	movf	speed_to_str@tens^0,w,c
  3862   000A0E  A4D8               	btfss	status,2,c
  3863   000A10  EF0C  F005         	goto	u681
  3864   000A14  EF0E  F005         	goto	u680
  3865   000A18                     u681:
  3866   000A18  EF17  F005         	goto	l1682
  3867   000A1C                     u680:
  3868   000A1C                     
  3869                           ;newmain.c: 128:     str[1] = ' ';
  3870   000A1C  503B               	movf	speed_to_str@str^0,w,c
  3871   000A1E  6ED9               	movwf	fsr2l,c
  3872   000A20  6ADA               	clrf	fsr2h,c
  3873   000A22  0E01               	movlw	1
  3874   000A24  26D9               	addwf	fsr2l,f,c
  3875   000A26  0E20               	movlw	32
  3876   000A28  6EDF               	movwf	indf2,c
  3877   000A2A  EF1F  F005         	goto	l72
  3878   000A2E                     l1682:
  3879                           
  3880                           ;newmain.c: 130:     str[1] = tens + '0';
  3881   000A2E  503B               	movf	speed_to_str@str^0,w,c
  3882   000A30  6ED9               	movwf	fsr2l,c
  3883   000A32  6ADA               	clrf	fsr2h,c
  3884   000A34  0E01               	movlw	1
  3885   000A36  26D9               	addwf	fsr2l,f,c
  3886   000A38  503D               	movf	speed_to_str@tens^0,w,c
  3887   000A3A  0F30               	addlw	48
  3888   000A3C  6EDF               	movwf	indf2,c
  3889   000A3E                     l72:
  3890                           
  3891                           ;newmain.c: 132:   str[2] = ones + '0';
  3892   000A3E  503B               	movf	speed_to_str@str^0,w,c
  3893   000A40  6ED9               	movwf	fsr2l,c
  3894   000A42  6ADA               	clrf	fsr2h,c
  3895   000A44  0E02               	movlw	2
  3896   000A46  26D9               	addwf	fsr2l,f,c
  3897   000A48  503C               	movf	speed_to_str@ones^0,w,c
  3898   000A4A  0F30               	addlw	48
  3899   000A4C  6EDF               	movwf	indf2,c
  3900                           
  3901                           ;newmain.c: 133:   str[3] = '\0';
  3902   000A4E  503B               	movf	speed_to_str@str^0,w,c
  3903   000A50  6ED9               	movwf	fsr2l,c
  3904   000A52  6ADA               	clrf	fsr2h,c
  3905   000A54  0E03               	movlw	3
  3906   000A56  26D9               	addwf	fsr2l,f,c
  3907   000A58  6ADF               	clrf	indf2,c
  3908   000A5A  0012               	return		;funcret
  3909   000A5C                     __end_of_speed_to_str:
  3910                           	callstack 0
  3911                           
  3912 ;; *************** function ___lwmod *****************
  3913 ;; Defined at:
  3914 ;;		line 7 in file "C:\Program Files\Microchip\xc8\v3.10\pic\sources\c99\common\lwmod.c"
  3915 ;; Parameters:    Size  Location     Type
  3916 ;;  dividend        2    9[COMRAM] unsigned int 
  3917 ;;  divisor         2   11[COMRAM] unsigned int 
  3918 ;; Auto vars:     Size  Location     Type
  3919 ;;  counter         1   13[COMRAM] unsigned char 
  3920 ;; Return value:  Size  Location     Type
  3921 ;;                  2    9[COMRAM] unsigned int 
  3922 ;; Registers used:
  3923 ;;		wreg, status,2, status,0
  3924 ;; Tracked objects:
  3925 ;;		On entry : 0/0
  3926 ;;		On exit  : 0/0
  3927 ;;		Unchanged: 0/0
  3928 ;; Data sizes:     COMRAM   BANK0   BANK1   BANK2   BANK3   BANK4   BANK5
  3929 ;;      Params:         4       0       0       0       0       0       0
  3930 ;;      Locals:         1       0       0       0       0       0       0
  3931 ;;      Temps:          0       0       0       0       0       0       0
  3932 ;;      Totals:         5       0       0       0       0       0       0
  3933 ;;Total ram usage:        5 bytes
  3934 ;; Hardware stack levels used: 1
  3935 ;; Hardware stack levels required when called: 1
  3936 ;; This function calls:
  3937 ;;		Nothing
  3938 ;; This function is called by:
  3939 ;;		_speed_to_str
  3940 ;; This function uses a non-reentrant model
  3941 ;;
  3942                           
  3943                           	psect	text2
  3944   000D04                     __ptext2:
  3945                           	callstack 0
  3946   000D04                     ___lwmod:
  3947                           	callstack 28
  3948   000D04  5036               	movf	___lwmod@divisor^0,w,c
  3949   000D06  1037               	iorwf	(___lwmod@divisor+1)^0,w,c
  3950   000D08  B4D8               	btfsc	status,2,c
  3951   000D0A  EF89  F006         	goto	u611
  3952   000D0E  EF8B  F006         	goto	u610
  3953   000D12                     u611:
  3954   000D12  EFAF  F006         	goto	l950
  3955   000D16                     u610:
  3956   000D16  0E01               	movlw	1
  3957   000D18  6E38               	movwf	___lwmod@counter^0,c
  3958   000D1A  EF93  F006         	goto	l1604
  3959   000D1E                     l1602:
  3960   000D1E  90D8               	bcf	status,0,c
  3961   000D20  3636               	rlcf	___lwmod@divisor^0,f,c
  3962   000D22  3637               	rlcf	(___lwmod@divisor+1)^0,f,c
  3963   000D24  2A38               	incf	___lwmod@counter^0,f,c
  3964   000D26                     l1604:
  3965   000D26  AE37               	btfss	(___lwmod@divisor+1)^0,7,c
  3966   000D28  EF98  F006         	goto	u621
  3967   000D2C  EF9A  F006         	goto	u620
  3968   000D30                     u621:
  3969   000D30  EF8F  F006         	goto	l1602
  3970   000D34                     u620:
  3971   000D34                     l1606:
  3972   000D34  5036               	movf	___lwmod@divisor^0,w,c
  3973   000D36  5C34               	subwf	___lwmod@dividend^0,w,c
  3974   000D38  5037               	movf	(___lwmod@divisor+1)^0,w,c
  3975   000D3A  5835               	subwfb	(___lwmod@dividend+1)^0,w,c
  3976   000D3C  A0D8               	btfss	status,0,c
  3977   000D3E  EFA3  F006         	goto	u631
  3978   000D42  EFA5  F006         	goto	u630
  3979   000D46                     u631:
  3980   000D46  EFA9  F006         	goto	l1610
  3981   000D4A                     u630:
  3982   000D4A  5036               	movf	___lwmod@divisor^0,w,c
  3983   000D4C  5E34               	subwf	___lwmod@dividend^0,f,c
  3984   000D4E  5037               	movf	(___lwmod@divisor+1)^0,w,c
  3985   000D50  5A35               	subwfb	(___lwmod@dividend+1)^0,f,c
  3986   000D52                     l1610:
  3987   000D52  90D8               	bcf	status,0,c
  3988   000D54  3237               	rrcf	(___lwmod@divisor+1)^0,f,c
  3989   000D56  3236               	rrcf	___lwmod@divisor^0,f,c
  3990   000D58  2E38               	decfsz	___lwmod@counter^0,f,c
  3991   000D5A  EF9A  F006         	goto	l1606
  3992   000D5E                     l950:
  3993   000D5E  C034  F034         	movff	___lwmod@dividend,?___lwmod
  3994   000D62  C035  F035         	movff	___lwmod@dividend+1,?___lwmod+1
  3995   000D66  0012               	return		;funcret
  3996   000D68                     __end_of___lwmod:
  3997                           	callstack 0
  3998                           
  3999 ;; *************** function ___lwdiv *****************
  4000 ;; Defined at:
  4001 ;;		line 7 in file "C:\Program Files\Microchip\xc8\v3.10\pic\sources\c99\common\lwdiv.c"
  4002 ;; Parameters:    Size  Location     Type
  4003 ;;  dividend        2    2[COMRAM] unsigned int 
  4004 ;;  divisor         2    4[COMRAM] unsigned int 
  4005 ;; Auto vars:     Size  Location     Type
  4006 ;;  quotient        2    6[COMRAM] unsigned int 
  4007 ;;  counter         1    8[COMRAM] unsigned char 
  4008 ;; Return value:  Size  Location     Type
  4009 ;;                  2    2[COMRAM] unsigned int 
  4010 ;; Registers used:
  4011 ;;		wreg, status,2, status,0
  4012 ;; Tracked objects:
  4013 ;;		On entry : 0/0
  4014 ;;		On exit  : 0/0
  4015 ;;		Unchanged: 0/0
  4016 ;; Data sizes:     COMRAM   BANK0   BANK1   BANK2   BANK3   BANK4   BANK5
  4017 ;;      Params:         4       0       0       0       0       0       0
  4018 ;;      Locals:         3       0       0       0       0       0       0
  4019 ;;      Temps:          0       0       0       0       0       0       0
  4020 ;;      Totals:         7       0       0       0       0       0       0
  4021 ;;Total ram usage:        7 bytes
  4022 ;; Hardware stack levels used: 1
  4023 ;; Hardware stack levels required when called: 1
  4024 ;; This function calls:
  4025 ;;		Nothing
  4026 ;; This function is called by:
  4027 ;;		_speed_to_str
  4028 ;; This function uses a non-reentrant model
  4029 ;;
  4030                           
  4031                           	psect	text3
  4032   000C28                     __ptext3:
  4033                           	callstack 0
  4034   000C28                     ___lwdiv:
  4035                           	callstack 28
  4036   000C28  6A32               	clrf	(___lwdiv@quotient+1)^0,c
  4037   000C2A  0E00               	movlw	0
  4038   000C2C  6E31               	movwf	___lwdiv@quotient^0,c
  4039   000C2E  502F               	movf	___lwdiv@divisor^0,w,c
  4040   000C30  1030               	iorwf	(___lwdiv@divisor+1)^0,w,c
  4041   000C32  B4D8               	btfsc	status,2,c
  4042   000C34  EF1E  F006         	goto	u581
  4043   000C38  EF20  F006         	goto	u580
  4044   000C3C                     u581:
  4045   000C3C  EF48  F006         	goto	l940
  4046   000C40                     u580:
  4047   000C40  0E01               	movlw	1
  4048   000C42  6E33               	movwf	___lwdiv@counter^0,c
  4049   000C44  EF28  F006         	goto	l1584
  4050   000C48                     l1582:
  4051   000C48  90D8               	bcf	status,0,c
  4052   000C4A  362F               	rlcf	___lwdiv@divisor^0,f,c
  4053   000C4C  3630               	rlcf	(___lwdiv@divisor+1)^0,f,c
  4054   000C4E  2A33               	incf	___lwdiv@counter^0,f,c
  4055   000C50                     l1584:
  4056   000C50  AE30               	btfss	(___lwdiv@divisor+1)^0,7,c
  4057   000C52  EF2D  F006         	goto	u591
  4058   000C56  EF2F  F006         	goto	u590
  4059   000C5A                     u591:
  4060   000C5A  EF24  F006         	goto	l1582
  4061   000C5E                     u590:
  4062   000C5E                     l1586:
  4063   000C5E  90D8               	bcf	status,0,c
  4064   000C60  3631               	rlcf	___lwdiv@quotient^0,f,c
  4065   000C62  3632               	rlcf	(___lwdiv@quotient+1)^0,f,c
  4066   000C64  502F               	movf	___lwdiv@divisor^0,w,c
  4067   000C66  5C2D               	subwf	___lwdiv@dividend^0,w,c
  4068   000C68  5030               	movf	(___lwdiv@divisor+1)^0,w,c
  4069   000C6A  582E               	subwfb	(___lwdiv@dividend+1)^0,w,c
  4070   000C6C  A0D8               	btfss	status,0,c
  4071   000C6E  EF3B  F006         	goto	u601
  4072   000C72  EF3D  F006         	goto	u600
  4073   000C76                     u601:
  4074   000C76  EF42  F006         	goto	l1594
  4075   000C7A                     u600:
  4076   000C7A  502F               	movf	___lwdiv@divisor^0,w,c
  4077   000C7C  5E2D               	subwf	___lwdiv@dividend^0,f,c
  4078   000C7E  5030               	movf	(___lwdiv@divisor+1)^0,w,c
  4079   000C80  5A2E               	subwfb	(___lwdiv@dividend+1)^0,f,c
  4080   000C82  8031               	bsf	___lwdiv@quotient^0,0,c
  4081   000C84                     l1594:
  4082   000C84  90D8               	bcf	status,0,c
  4083   000C86  3230               	rrcf	(___lwdiv@divisor+1)^0,f,c
  4084   000C88  322F               	rrcf	___lwdiv@divisor^0,f,c
  4085   000C8A  2E33               	decfsz	___lwdiv@counter^0,f,c
  4086   000C8C  EF2F  F006         	goto	l1586
  4087   000C90                     l940:
  4088   000C90  C031  F02D         	movff	___lwdiv@quotient,?___lwdiv
  4089   000C94  C032  F02E         	movff	___lwdiv@quotient+1,?___lwdiv+1
  4090   000C98  0012               	return		;funcret
  4091   000C9A                     __end_of___lwdiv:
  4092                           	callstack 0
  4093                           
  4094 ;; *************** function _read_switches *****************
  4095 ;; Defined at:
  4096 ;;		line 88 in file "matrix_keypad.c"
  4097 ;; Parameters:    Size  Location     Type
  4098 ;;  detection_ty    1    wreg     unsigned char 
  4099 ;; Auto vars:     Size  Location     Type
  4100 ;;  detection_ty    1    3[COMRAM] unsigned char 
  4101 ;; Return value:  Size  Location     Type
  4102 ;;                  1    wreg      unsigned char 
  4103 ;; Registers used:
  4104 ;;		wreg, status,2, status,0, cstack
  4105 ;; Tracked objects:
  4106 ;;		On entry : 0/0
  4107 ;;		On exit  : 0/0
  4108 ;;		Unchanged: 0/0
  4109 ;; Data sizes:     COMRAM   BANK0   BANK1   BANK2   BANK3   BANK4   BANK5
  4110 ;;      Params:         0       0       0       0       0       0       0
  4111 ;;      Locals:         1       0       0       0       0       0       0
  4112 ;;      Temps:          1       0       0       0       0       0       0
  4113 ;;      Totals:         2       0       0       0       0       0       0
  4114 ;;Total ram usage:        2 bytes
  4115 ;; Hardware stack levels used: 1
  4116 ;; Hardware stack levels required when called: 2
  4117 ;; This function calls:
  4118 ;;		_scan_key
  4119 ;; This function is called by:
  4120 ;;		_main
  4121 ;; This function uses a non-reentrant model
  4122 ;;
  4123                           
  4124                           	psect	text4
  4125   000BA6                     __ptext4:
  4126                           	callstack 0
  4127   000BA6                     _read_switches:
  4128                           	callstack 28
  4129                           
  4130                           ;incstack = 0
  4131                           ;read_switches@detection_type stored from wreg
  4132   000BA6  6E2E               	movwf	read_switches@detection_type^0,c
  4133   000BA8                     
  4134                           ;matrix_keypad.c: 88: unsigned char read_switches(unsigned char detection_type);matrix_k
      +                          eypad.c: 89: {;matrix_keypad.c: 90:  static unsigned char once = 1, key;;matrix_keypad.c
      +                          : 92:  if (detection_type == 1)
  4135   000BA8  042E               	decf	read_switches@detection_type^0,w,c
  4136   000BAA  A4D8               	btfss	status,2,c
  4137   000BAC  EFDA  F005         	goto	u251
  4138   000BB0  EFDC  F005         	goto	u250
  4139   000BB4                     u251:
  4140   000BB4  EF06  F006         	goto	l1372
  4141   000BB8                     u250:
  4142   000BB8                     
  4143                           ;matrix_keypad.c: 93:  {;matrix_keypad.c: 94:           _delay((unsigned long)((200)*(20
      +                          00000/4000.0)));
  4144   000BB8  0E82               	movlw	130
  4145   000BBA  6E2D               	movwf	??_read_switches^0,c
  4146   000BBC  0EDE               	movlw	222
  4147   000BBE                     u887:
  4148   000BBE  2EE8               	decfsz	wreg,f,c
  4149   000BC0  D7FE               	bra	u887
  4150   000BC2  2E2D               	decfsz	??_read_switches^0,f,c
  4151   000BC4  D7FC               	bra	u887
  4152   000BC6                     
  4153                           ;matrix_keypad.c: 95:   key = scan_key();
  4154   000BC6  EC3B  F004         	call	_scan_key	;wreg free
  4155   000BCA  6E1F               	movwf	read_switches@key^0,c
  4156   000BCC                     
  4157                           ;matrix_keypad.c: 96:   if(key != 0xFF && once )
  4158   000BCC  281F               	incf	read_switches@key^0,w,c
  4159   000BCE  B4D8               	btfsc	status,2,c
  4160   000BD0  EFEC  F005         	goto	u261
  4161   000BD4  EFEE  F005         	goto	u260
  4162   000BD8                     u261:
  4163   000BD8  EFFA  F005         	goto	l1368
  4164   000BDC                     u260:
  4165   000BDC  5050               	movf	read_switches@once^0,w,c
  4166   000BDE  B4D8               	btfsc	status,2,c
  4167   000BE0  EFF4  F005         	goto	u271
  4168   000BE4  EFF6  F005         	goto	u270
  4169   000BE8                     u271:
  4170   000BE8  EFFA  F005         	goto	l1368
  4171   000BEC                     u270:
  4172   000BEC                     
  4173                           ;matrix_keypad.c: 97:   {;matrix_keypad.c: 98:    once = 0;
  4174   000BEC  6A50               	clrf	read_switches@once^0,c
  4175   000BEE                     
  4176                           ;matrix_keypad.c: 99:    return key;
  4177   000BEE  501F               	movf	read_switches@key^0,w,c
  4178   000BF0  EF13  F006         	goto	l121
  4179   000BF4                     l1368:
  4180   000BF4  281F               	incf	read_switches@key^0,w,c
  4181   000BF6  A4D8               	btfss	status,2,c
  4182   000BF8  EF00  F006         	goto	u281
  4183   000BFC  EF02  F006         	goto	u280
  4184   000C00                     u281:
  4185   000C00  EF12  F006         	goto	l1378
  4186   000C04                     u280:
  4187   000C04                     
  4188                           ;matrix_keypad.c: 102:   {;matrix_keypad.c: 103:    once = 1;
  4189   000C04  0E01               	movlw	1
  4190   000C06  6E50               	movwf	read_switches@once^0,c
  4191   000C08  EF12  F006         	goto	l1378
  4192   000C0C                     l1372:
  4193   000C0C  502E               	movf	read_switches@detection_type^0,w,c
  4194   000C0E  A4D8               	btfss	status,2,c
  4195   000C10  EF0C  F006         	goto	u291
  4196   000C14  EF0E  F006         	goto	u290
  4197   000C18                     u291:
  4198   000C18  EF12  F006         	goto	l1378
  4199   000C1C                     u290:
  4200   000C1C                     
  4201                           ;matrix_keypad.c: 107:  {;matrix_keypad.c: 108:   return scan_key();
  4202   000C1C  EC3B  F004         	call	_scan_key	;wreg free
  4203   000C20  EF13  F006         	goto	l121
  4204   000C24                     l1378:
  4205                           
  4206                           ;matrix_keypad.c: 111:  return 0xFF;
  4207   000C24  0EFF               	movlw	255
  4208   000C26                     l121:
  4209   000C26  0012               	return		;funcret
  4210   000C28                     __end_of_read_switches:
  4211                           	callstack 0
  4212                           
  4213 ;; *************** function _scan_key *****************
  4214 ;; Defined at:
  4215 ;;		line 18 in file "matrix_keypad.c"
  4216 ;; Parameters:    Size  Location     Type
  4217 ;;		None
  4218 ;; Auto vars:     Size  Location     Type
  4219 ;;		None
  4220 ;; Return value:  Size  Location     Type
  4221 ;;                  1    wreg      unsigned char 
  4222 ;; Registers used:
  4223 ;;		wreg
  4224 ;; Tracked objects:
  4225 ;;		On entry : 0/0
  4226 ;;		On exit  : 0/0
  4227 ;;		Unchanged: 0/0
  4228 ;; Data sizes:     COMRAM   BANK0   BANK1   BANK2   BANK3   BANK4   BANK5
  4229 ;;      Params:         0       0       0       0       0       0       0
  4230 ;;      Locals:         0       0       0       0       0       0       0
  4231 ;;      Temps:          0       0       0       0       0       0       0
  4232 ;;      Totals:         0       0       0       0       0       0       0
  4233 ;;Total ram usage:        0 bytes
  4234 ;; Hardware stack levels used: 1
  4235 ;; Hardware stack levels required when called: 1
  4236 ;; This function calls:
  4237 ;;		Nothing
  4238 ;; This function is called by:
  4239 ;;		_read_switches
  4240 ;; This function uses a non-reentrant model
  4241 ;;
  4242                           
  4243                           	psect	text5
  4244   000876                     __ptext5:
  4245                           	callstack 0
  4246   000876                     _scan_key:
  4247                           	callstack 28
  4248   000876                     
  4249                           ;matrix_keypad.c: 20:  PORTBbits.RB5 = 0;
  4250   000876  9A81               	bcf	129,5,c	;volatile
  4251                           
  4252                           ;matrix_keypad.c: 21:  PORTBbits.RB6 = 1;
  4253   000878  8C81               	bsf	129,6,c	;volatile
  4254                           
  4255                           ;matrix_keypad.c: 22:  PORTBbits.RB7 = 1;
  4256   00087A  8E81               	bsf	129,7,c	;volatile
  4257                           
  4258                           ;matrix_keypad.c: 24:  if (PORTBbits.RB1 == 0)
  4259   00087C  B281               	btfsc	129,1,c	;volatile
  4260   00087E  EF43  F004         	goto	u11
  4261   000882  EF45  F004         	goto	u10
  4262   000886                     u11:
  4263   000886  EF48  F004         	goto	l91
  4264   00088A                     u10:
  4265   00088A                     
  4266                           ;matrix_keypad.c: 25:  {;matrix_keypad.c: 26:   return 1;
  4267   00088A  0E01               	movlw	1
  4268   00088C  EFBE  F004         	goto	l92
  4269   000890                     l91:
  4270   000890  B481               	btfsc	129,2,c	;volatile
  4271   000892  EF4D  F004         	goto	u21
  4272   000896  EF4F  F004         	goto	u20
  4273   00089A                     u21:
  4274   00089A  EF52  F004         	goto	l94
  4275   00089E                     u20:
  4276   00089E                     
  4277                           ;matrix_keypad.c: 29:  {;matrix_keypad.c: 30:   return 4;
  4278   00089E  0E04               	movlw	4
  4279   0008A0  EFBE  F004         	goto	l92
  4280   0008A4                     l94:
  4281   0008A4  B681               	btfsc	129,3,c	;volatile
  4282   0008A6  EF57  F004         	goto	u31
  4283   0008AA  EF59  F004         	goto	u30
  4284   0008AE                     u31:
  4285   0008AE  EF5C  F004         	goto	l96
  4286   0008B2                     u30:
  4287   0008B2                     
  4288                           ;matrix_keypad.c: 33:  {;matrix_keypad.c: 34:   return 7;
  4289   0008B2  0E07               	movlw	7
  4290   0008B4  EFBE  F004         	goto	l92
  4291   0008B8                     l96:
  4292   0008B8  B881               	btfsc	129,4,c	;volatile
  4293   0008BA  EF61  F004         	goto	u41
  4294   0008BE  EF63  F004         	goto	u40
  4295   0008C2                     u41:
  4296   0008C2  EF66  F004         	goto	l93
  4297   0008C6                     u40:
  4298   0008C6                     
  4299                           ;matrix_keypad.c: 37:  {;matrix_keypad.c: 38:   return 10;
  4300   0008C6  0E0A               	movlw	10
  4301   0008C8  EFBE  F004         	goto	l92
  4302   0008CC                     l93:
  4303                           
  4304                           ;matrix_keypad.c: 41:  PORTBbits.RB5 = 1;
  4305   0008CC  8A81               	bsf	129,5,c	;volatile
  4306                           
  4307                           ;matrix_keypad.c: 42:  PORTBbits.RB6 = 0;
  4308   0008CE  9C81               	bcf	129,6,c	;volatile
  4309                           
  4310                           ;matrix_keypad.c: 43:  PORTBbits.RB7 = 1;
  4311   0008D0  8E81               	bsf	129,7,c	;volatile
  4312                           
  4313                           ;matrix_keypad.c: 45:  if (PORTBbits.RB1 == 0)
  4314   0008D2  B281               	btfsc	129,1,c	;volatile
  4315   0008D4  EF6E  F004         	goto	u51
  4316   0008D8  EF70  F004         	goto	u50
  4317   0008DC                     u51:
  4318   0008DC  EF73  F004         	goto	l99
  4319   0008E0                     u50:
  4320   0008E0                     
  4321                           ;matrix_keypad.c: 46:  {;matrix_keypad.c: 47:   return 2;
  4322   0008E0  0E02               	movlw	2
  4323   0008E2  EFBE  F004         	goto	l92
  4324   0008E6                     l99:
  4325   0008E6  B481               	btfsc	129,2,c	;volatile
  4326   0008E8  EF78  F004         	goto	u61
  4327   0008EC  EF7A  F004         	goto	u60
  4328   0008F0                     u61:
  4329   0008F0  EF7D  F004         	goto	l101
  4330   0008F4                     u60:
  4331   0008F4                     
  4332                           ;matrix_keypad.c: 50:  {;matrix_keypad.c: 51:   return 5;
  4333   0008F4  0E05               	movlw	5
  4334   0008F6  EFBE  F004         	goto	l92
  4335   0008FA                     l101:
  4336   0008FA  B681               	btfsc	129,3,c	;volatile
  4337   0008FC  EF82  F004         	goto	u71
  4338   000900  EF84  F004         	goto	u70
  4339   000904                     u71:
  4340   000904  EF87  F004         	goto	l103
  4341   000908                     u70:
  4342   000908                     
  4343                           ;matrix_keypad.c: 54:  {;matrix_keypad.c: 55:   return 8;
  4344   000908  0E08               	movlw	8
  4345   00090A  EFBE  F004         	goto	l92
  4346   00090E                     l103:
  4347   00090E  B881               	btfsc	129,4,c	;volatile
  4348   000910  EF8C  F004         	goto	u81
  4349   000914  EF8E  F004         	goto	u80
  4350   000918                     u81:
  4351   000918  EF91  F004         	goto	l100
  4352   00091C                     u80:
  4353   00091C                     
  4354                           ;matrix_keypad.c: 58:  {;matrix_keypad.c: 59:   return 11;
  4355   00091C  0E0B               	movlw	11
  4356   00091E  EFBE  F004         	goto	l92
  4357   000922                     l100:
  4358                           
  4359                           ;matrix_keypad.c: 62:  PORTBbits.RB5 = 1;
  4360   000922  8A81               	bsf	129,5,c	;volatile
  4361                           
  4362                           ;matrix_keypad.c: 63:  PORTBbits.RB6 = 1;
  4363   000924  8C81               	bsf	129,6,c	;volatile
  4364                           
  4365                           ;matrix_keypad.c: 64:  PORTBbits.RB7 = 0;
  4366   000926  9E81               	bcf	129,7,c	;volatile
  4367                           
  4368                           ;matrix_keypad.c: 66:  PORTBbits.RB7 = 0;
  4369   000928  9E81               	bcf	129,7,c	;volatile
  4370                           
  4371                           ;matrix_keypad.c: 68:  if (PORTBbits.RB1 == 0)
  4372   00092A  B281               	btfsc	129,1,c	;volatile
  4373   00092C  EF9A  F004         	goto	u91
  4374   000930  EF9C  F004         	goto	u90
  4375   000934                     u91:
  4376   000934  EF9F  F004         	goto	l106
  4377   000938                     u90:
  4378   000938                     
  4379                           ;matrix_keypad.c: 69:  {;matrix_keypad.c: 70:   return 3;
  4380   000938  0E03               	movlw	3
  4381   00093A  EFBE  F004         	goto	l92
  4382   00093E                     l106:
  4383   00093E  B481               	btfsc	129,2,c	;volatile
  4384   000940  EFA4  F004         	goto	u101
  4385   000944  EFA6  F004         	goto	u100
  4386   000948                     u101:
  4387   000948  EFA9  F004         	goto	l108
  4388   00094C                     u100:
  4389   00094C                     
  4390                           ;matrix_keypad.c: 73:  {;matrix_keypad.c: 74:   return 6;
  4391   00094C  0E06               	movlw	6
  4392   00094E  EFBE  F004         	goto	l92
  4393   000952                     l108:
  4394   000952  B681               	btfsc	129,3,c	;volatile
  4395   000954  EFAE  F004         	goto	u111
  4396   000958  EFB0  F004         	goto	u110
  4397   00095C                     u111:
  4398   00095C  EFB3  F004         	goto	l110
  4399   000960                     u110:
  4400   000960                     
  4401                           ;matrix_keypad.c: 77:  {;matrix_keypad.c: 78:   return 9;
  4402   000960  0E09               	movlw	9
  4403   000962  EFBE  F004         	goto	l92
  4404   000966                     l110:
  4405   000966  B881               	btfsc	129,4,c	;volatile
  4406   000968  EFB8  F004         	goto	u121
  4407   00096C  EFBA  F004         	goto	u120
  4408   000970                     u121:
  4409   000970  EFBD  F004         	goto	l1190
  4410   000974                     u120:
  4411   000974                     
  4412                           ;matrix_keypad.c: 81:  {;matrix_keypad.c: 82:   return 12;
  4413   000974  0E0C               	movlw	12
  4414   000976  EFBE  F004         	goto	l92
  4415   00097A                     l1190:
  4416                           
  4417                           ;matrix_keypad.c: 85:  return 0xFF;
  4418   00097A  0EFF               	movlw	255
  4419   00097C                     l92:
  4420   00097C  0012               	return		;funcret
  4421   00097E                     __end_of_scan_key:
  4422                           	callstack 0
  4423                           
  4424 ;; *************** function _read_adc *****************
  4425 ;; Defined at:
  4426 ;;		line 46 in file "adc.c"
  4427 ;; Parameters:    Size  Location     Type
  4428 ;;  channel         1    wreg     unsigned char 
  4429 ;; Auto vars:     Size  Location     Type
  4430 ;;  channel         1    8[COMRAM] unsigned char 
  4431 ;;  reg_val         2    6[COMRAM] unsigned short 
  4432 ;; Return value:  Size  Location     Type
  4433 ;;                  2    2[COMRAM] unsigned short 
  4434 ;; Registers used:
  4435 ;;		wreg, status,2, status,0
  4436 ;; Tracked objects:
  4437 ;;		On entry : 0/0
  4438 ;;		On exit  : 0/0
  4439 ;;		Unchanged: 0/0
  4440 ;; Data sizes:     COMRAM   BANK0   BANK1   BANK2   BANK3   BANK4   BANK5
  4441 ;;      Params:         2       0       0       0       0       0       0
  4442 ;;      Locals:         3       0       0       0       0       0       0
  4443 ;;      Temps:          2       0       0       0       0       0       0
  4444 ;;      Totals:         7       0       0       0       0       0       0
  4445 ;;Total ram usage:        7 bytes
  4446 ;; Hardware stack levels used: 1
  4447 ;; Hardware stack levels required when called: 1
  4448 ;; This function calls:
  4449 ;;		Nothing
  4450 ;; This function is called by:
  4451 ;;		_main
  4452 ;; This function uses a non-reentrant model
  4453 ;;
  4454                           
  4455                           	psect	text6
  4456   000E58                     __ptext6:
  4457                           	callstack 0
  4458   000E58                     _read_adc:
  4459                           	callstack 29
  4460                           
  4461                           ;incstack = 0
  4462                           ;read_adc@channel stored from wreg
  4463   000E58  6E33               	movwf	read_adc@channel^0,c
  4464   000E5A                     
  4465                           ;adc.c: 46: unsigned short read_adc(unsigned char channel);adc.c: 47: {;adc.c: 48:  unsi
      +                          gned short reg_val;;adc.c: 51:  ADCON0 = (ADCON0 & 0xC3) | (channel << 2);
  4466   000E5A  C033  F02F         	movff	read_adc@channel,??_read_adc
  4467   000E5E  90D8               	bcf	status,0,c
  4468   000E60  362F               	rlcf	??_read_adc^0,f,c
  4469   000E62  90D8               	bcf	status,0,c
  4470   000E64  362F               	rlcf	??_read_adc^0,f,c
  4471   000E66  50C2               	movf	194,w,c	;volatile
  4472   000E68  0BC3               	andlw	195
  4473   000E6A  102F               	iorwf	??_read_adc^0,w,c
  4474   000E6C  6EC2               	movwf	194,c	;volatile
  4475   000E6E                     
  4476                           ;adc.c: 54:  GO = 1;
  4477   000E6E  82C2               	bsf	4034,1,c	;volatile
  4478   000E70                     l228:
  4479   000E70  B2C2               	btfsc	4034,1,c	;volatile
  4480   000E72  EF3D  F007         	goto	u651
  4481   000E76  EF3F  F007         	goto	u650
  4482   000E7A                     u651:
  4483   000E7A  EF38  F007         	goto	l228
  4484   000E7E                     u650:
  4485   000E7E                     
  4486                           ;adc.c: 56:  reg_val = (ADRESH << 8) | ADRESL;
  4487   000E7E  50C3               	movf	195,w,c	;volatile
  4488   000E80  CFC4 F02F          	movff	4036,??_read_adc	;volatile
  4489   000E84  6A30               	clrf	(??_read_adc+1)^0,c
  4490   000E86  C02F  F030         	movff	??_read_adc,??_read_adc+1
  4491   000E8A  6A2F               	clrf	??_read_adc^0,c
  4492   000E8C  102F               	iorwf	??_read_adc^0,w,c
  4493   000E8E  6E31               	movwf	read_adc@reg_val^0,c
  4494   000E90  5030               	movf	(??_read_adc+1)^0,w,c
  4495   000E92  6E32               	movwf	(read_adc@reg_val+1)^0,c
  4496   000E94                     
  4497                           ;adc.c: 58:  return reg_val;
  4498   000E94  C031  F02D         	movff	read_adc@reg_val,?_read_adc
  4499   000E98  C032  F02E         	movff	read_adc@reg_val+1,?_read_adc+1
  4500   000E9C  0012               	return		;funcret
  4501   000E9E                     __end_of_read_adc:
  4502                           	callstack 0
  4503                           
  4504 ;; *************** function _init_timer0 *****************
  4505 ;; Defined at:
  4506 ;;		line 4 in file "timer0.c"
  4507 ;; Parameters:    Size  Location     Type
  4508 ;;		None
  4509 ;; Auto vars:     Size  Location     Type
  4510 ;;		None
  4511 ;; Return value:  Size  Location     Type
  4512 ;;                  1    wreg      void 
  4513 ;; Registers used:
  4514 ;;		wreg, status,2
  4515 ;; Tracked objects:
  4516 ;;		On entry : 0/0
  4517 ;;		On exit  : 0/0
  4518 ;;		Unchanged: 0/0
  4519 ;; Data sizes:     COMRAM   BANK0   BANK1   BANK2   BANK3   BANK4   BANK5
  4520 ;;      Params:         0       0       0       0       0       0       0
  4521 ;;      Locals:         0       0       0       0       0       0       0
  4522 ;;      Temps:          0       0       0       0       0       0       0
  4523 ;;      Totals:         0       0       0       0       0       0       0
  4524 ;;Total ram usage:        0 bytes
  4525 ;; Hardware stack levels used: 1
  4526 ;; Hardware stack levels required when called: 1
  4527 ;; This function calls:
  4528 ;;		Nothing
  4529 ;; This function is called by:
  4530 ;;		_main
  4531 ;; This function uses a non-reentrant model
  4532 ;;
  4533                           
  4534                           	psect	text7
  4535   000F62                     __ptext7:
  4536                           	callstack 0
  4537   000F62                     _init_timer0:
  4538                           	callstack 29
  4539   000F62                     
  4540                           ;timer0.c: 12:  T08BIT = 1;
  4541   000F62  8CD5               	bsf	4053,6,c	;volatile
  4542                           
  4543                           ;timer0.c: 15:  T0CS = 0;
  4544   000F64  9AD5               	bcf	4053,5,c	;volatile
  4545                           
  4546                           ;timer0.c: 18:  TMR0ON = 1;
  4547   000F66  8ED5               	bsf	4053,7,c	;volatile
  4548                           
  4549                           ;timer0.c: 21:  PSA = 1;
  4550   000F68  86D5               	bsf	4053,3,c	;volatile
  4551   000F6A                     
  4552                           ;timer0.c: 23:  TMR0 = 6;
  4553   000F6A  6AD7               	clrf	215,c	;volatile
  4554   000F6C  0E06               	movlw	6
  4555   000F6E  6ED6               	movwf	214,c	;volatile
  4556   000F70                     
  4557                           ;timer0.c: 26:  TMR0IF = 0;
  4558   000F70  94F2               	bcf	4082,2,c	;volatile
  4559   000F72                     
  4560                           ;timer0.c: 29:  TMR0IE = 1;
  4561   000F72  8AF2               	bsf	4082,5,c	;volatile
  4562   000F74  0012               	return		;funcret
  4563   000F76                     __end_of_init_timer0:
  4564                           	callstack 0
  4565                           
  4566 ;; *************** function _init_matrix_keypad *****************
  4567 ;; Defined at:
  4568 ;;		line 4 in file "matrix_keypad.c"
  4569 ;; Parameters:    Size  Location     Type
  4570 ;;		None
  4571 ;; Auto vars:     Size  Location     Type
  4572 ;;		None
  4573 ;; Return value:  Size  Location     Type
  4574 ;;                  1    wreg      void 
  4575 ;; Registers used:
  4576 ;;		wreg, status,2, status,0
  4577 ;; Tracked objects:
  4578 ;;		On entry : 0/0
  4579 ;;		On exit  : 0/0
  4580 ;;		Unchanged: 0/0
  4581 ;; Data sizes:     COMRAM   BANK0   BANK1   BANK2   BANK3   BANK4   BANK5
  4582 ;;      Params:         0       0       0       0       0       0       0
  4583 ;;      Locals:         0       0       0       0       0       0       0
  4584 ;;      Temps:          0       0       0       0       0       0       0
  4585 ;;      Totals:         0       0       0       0       0       0       0
  4586 ;;Total ram usage:        0 bytes
  4587 ;; Hardware stack levels used: 1
  4588 ;; Hardware stack levels required when called: 1
  4589 ;; This function calls:
  4590 ;;		Nothing
  4591 ;; This function is called by:
  4592 ;;		_main
  4593 ;; This function uses a non-reentrant model
  4594 ;;
  4595                           
  4596                           	psect	text8
  4597   000F76                     __ptext8:
  4598                           	callstack 0
  4599   000F76                     _init_matrix_keypad:
  4600                           	callstack 29
  4601   000F76                     
  4602                           ;matrix_keypad.c: 7:  ADCON1 = 0x0F;
  4603   000F76  0E0F               	movlw	15
  4604   000F78  6EC1               	movwf	193,c	;volatile
  4605                           
  4606                           ;matrix_keypad.c: 10:  TRISB = 0x1E;
  4607   000F7A  0E1E               	movlw	30
  4608   000F7C  6E93               	movwf	147,c	;volatile
  4609   000F7E                     
  4610                           ;matrix_keypad.c: 13:  RBPU = 0;
  4611   000F7E  9EF1               	bcf	4081,7,c	;volatile
  4612   000F80                     
  4613                           ;matrix_keypad.c: 15:  PORTB = PORTB | 0xE0;
  4614   000F80  5081               	movf	129,w,c	;volatile
  4615   000F82  09E0               	iorlw	224
  4616   000F84  6E81               	movwf	129,c	;volatile
  4617   000F86  0012               	return		;funcret
  4618   000F88                     __end_of_init_matrix_keypad:
  4619                           	callstack 0
  4620                           
  4621 ;; *************** function _init_clcd *****************
  4622 ;; Defined at:
  4623 ;;		line 27 in file "clcd.c"
  4624 ;; Parameters:    Size  Location     Type
  4625 ;;		None
  4626 ;; Auto vars:     Size  Location     Type
  4627 ;;		None
  4628 ;; Return value:  Size  Location     Type
  4629 ;;                  1    wreg      void 
  4630 ;; Registers used:
  4631 ;;		wreg, status,2, status,0, cstack
  4632 ;; Tracked objects:
  4633 ;;		On entry : 0/0
  4634 ;;		On exit  : 0/0
  4635 ;;		Unchanged: 0/0
  4636 ;; Data sizes:     COMRAM   BANK0   BANK1   BANK2   BANK3   BANK4   BANK5
  4637 ;;      Params:         0       0       0       0       0       0       0
  4638 ;;      Locals:         0       0       0       0       0       0       0
  4639 ;;      Temps:          1       0       0       0       0       0       0
  4640 ;;      Totals:         1       0       0       0       0       0       0
  4641 ;;Total ram usage:        1 bytes
  4642 ;; Hardware stack levels used: 1
  4643 ;; Hardware stack levels required when called: 2
  4644 ;; This function calls:
  4645 ;;		_clcd_write
  4646 ;; This function is called by:
  4647 ;;		_main
  4648 ;; This function uses a non-reentrant model
  4649 ;;
  4650                           
  4651                           	psect	text9
  4652   000A5C                     __ptext9:
  4653                           	callstack 0
  4654   000A5C                     _init_clcd:
  4655                           	callstack 28
  4656   000A5C                     
  4657                           ;clcd.c: 30:  TRISD = 0x00;
  4658   000A5C  6A95               	clrf	149,c	;volatile
  4659   000A5E                     
  4660                           ;clcd.c: 32:  TRISC = TRISC & 0xF8;
  4661   000A5E  5094               	movf	148,w,c	;volatile
  4662   000A60  0BF8               	andlw	248
  4663   000A62  6E94               	movwf	148,c	;volatile
  4664   000A64                     
  4665                           ;clcd.c: 34:  RC0 = 0;
  4666   000A64  9082               	bcf	3970,0,c	;volatile
  4667   000A66                     
  4668                           ;clcd.c: 38:     _delay((unsigned long)((30)*(20000000/4000.0)));
  4669   000A66  0EC3               	movlw	195
  4670   000A68  6E2F               	movwf	??_init_clcd^0,c
  4671   000A6A  0ECD               	movlw	205
  4672   000A6C                     u897:
  4673   000A6C  2EE8               	decfsz	wreg,f,c
  4674   000A6E  D7FE               	bra	u897
  4675   000A70  2E2F               	decfsz	??_init_clcd^0,f,c
  4676   000A72  D7FC               	bra	u897
  4677   000A74  0000               	nop	
  4678   000A76                     
  4679                           ;clcd.c: 41:     clcd_write(0x33, 0 );
  4680   000A76  0E00               	movlw	0
  4681   000A78  6E2D               	movwf	clcd_write@control_bit^0,c
  4682   000A7A  0E33               	movlw	51
  4683   000A7C  EC6C  F007         	call	_clcd_write
  4684   000A80                     
  4685                           ;clcd.c: 42:     _delay((unsigned long)((4100)*(20000000/4000000.0)));
  4686   000A80  0E1B               	movlw	27
  4687   000A82  6E2F               	movwf	??_init_clcd^0,c
  4688   000A84  0E9E               	movlw	158
  4689   000A86                     u907:
  4690   000A86  2EE8               	decfsz	wreg,f,c
  4691   000A88  D7FE               	bra	u907
  4692   000A8A  2E2F               	decfsz	??_init_clcd^0,f,c
  4693   000A8C  D7FC               	bra	u907
  4694   000A8E  D000               	nop2	
  4695   000A90                     
  4696                           ;clcd.c: 43:     clcd_write(0x33, 0 );
  4697   000A90  0E00               	movlw	0
  4698   000A92  6E2D               	movwf	clcd_write@control_bit^0,c
  4699   000A94  0E33               	movlw	51
  4700   000A96  EC6C  F007         	call	_clcd_write
  4701   000A9A                     
  4702                           ;clcd.c: 44:     _delay((unsigned long)((100)*(20000000/4000000.0)));
  4703   000A9A  0EA6               	movlw	166
  4704   000A9C                     u917:
  4705   000A9C  2EE8               	decfsz	wreg,f,c
  4706   000A9E  D7FE               	bra	u917
  4707   000AA0  D000               	nop2	
  4708   000AA2                     
  4709                           ;clcd.c: 45:     clcd_write(0x33, 0 );
  4710   000AA2  0E00               	movlw	0
  4711   000AA4  6E2D               	movwf	clcd_write@control_bit^0,c
  4712   000AA6  0E33               	movlw	51
  4713   000AA8  EC6C  F007         	call	_clcd_write
  4714   000AAC                     
  4715                           ;clcd.c: 46:     _delay((unsigned long)((1)*(20000000/4000000.0)));
  4716   000AAC  D000               	nop2		;2 cycle nop
  4717   000AAE  D000               	nop2		;2 cycle nop
  4718   000AB0  0000               	nop	
  4719   000AB2                     
  4720                           ;clcd.c: 48:     clcd_write(0x02, 0);
  4721   000AB2  0E00               	movlw	0
  4722   000AB4  6E2D               	movwf	clcd_write@control_bit^0,c
  4723   000AB6  0E02               	movlw	2
  4724   000AB8  EC6C  F007         	call	_clcd_write
  4725   000ABC                     
  4726                           ;clcd.c: 49:     _delay((unsigned long)((100)*(20000000/4000000.0)));
  4727   000ABC  0EA6               	movlw	166
  4728   000ABE                     u927:
  4729   000ABE  2EE8               	decfsz	wreg,f,c
  4730   000AC0  D7FE               	bra	u927
  4731   000AC2  D000               	nop2	
  4732   000AC4                     
  4733                           ;clcd.c: 50:     clcd_write(0x38, 0);
  4734   000AC4  0E00               	movlw	0
  4735   000AC6  6E2D               	movwf	clcd_write@control_bit^0,c
  4736   000AC8  0E38               	movlw	56
  4737   000ACA  EC6C  F007         	call	_clcd_write
  4738   000ACE                     
  4739                           ;clcd.c: 51:     _delay((unsigned long)((100)*(20000000/4000000.0)));
  4740   000ACE  0EA6               	movlw	166
  4741   000AD0                     u937:
  4742   000AD0  2EE8               	decfsz	wreg,f,c
  4743   000AD2  D7FE               	bra	u937
  4744   000AD4  D000               	nop2	
  4745   000AD6                     
  4746                           ;clcd.c: 52:     clcd_write(0x01, 0);
  4747   000AD6  0E00               	movlw	0
  4748   000AD8  6E2D               	movwf	clcd_write@control_bit^0,c
  4749   000ADA  0E01               	movlw	1
  4750   000ADC  EC6C  F007         	call	_clcd_write
  4751   000AE0                     
  4752                           ;clcd.c: 53:     _delay((unsigned long)((500)*(20000000/4000000.0)));
  4753   000AE0  0E04               	movlw	4
  4754   000AE2  6E2F               	movwf	??_init_clcd^0,c
  4755   000AE4  0E3E               	movlw	62
  4756   000AE6                     u947:
  4757   000AE6  2EE8               	decfsz	wreg,f,c
  4758   000AE8  D7FE               	bra	u947
  4759   000AEA  2E2F               	decfsz	??_init_clcd^0,f,c
  4760   000AEC  D7FC               	bra	u947
  4761   000AEE                     
  4762                           ;clcd.c: 54:     clcd_write(0x0C, 0);
  4763   000AEE  0E00               	movlw	0
  4764   000AF0  6E2D               	movwf	clcd_write@control_bit^0,c
  4765   000AF2  0E0C               	movlw	12
  4766   000AF4  EC6C  F007         	call	_clcd_write
  4767   000AF8                     
  4768                           ;clcd.c: 55:     _delay((unsigned long)((100)*(20000000/4000000.0)));
  4769   000AF8  0EA6               	movlw	166
  4770   000AFA                     u957:
  4771   000AFA  2EE8               	decfsz	wreg,f,c
  4772   000AFC  D7FE               	bra	u957
  4773   000AFE  D000               	nop2	
  4774   000B00  0012               	return		;funcret
  4775   000B02                     __end_of_init_clcd:
  4776                           	callstack 0
  4777                           
  4778 ;; *************** function _init_can *****************
  4779 ;; Defined at:
  4780 ;;		line 20 in file "can.c"
  4781 ;; Parameters:    Size  Location     Type
  4782 ;;		None
  4783 ;; Auto vars:     Size  Location     Type
  4784 ;;		None
  4785 ;; Return value:  Size  Location     Type
  4786 ;;                  1    wreg      void 
  4787 ;; Registers used:
  4788 ;;		wreg, status,2, status,0
  4789 ;; Tracked objects:
  4790 ;;		On entry : 0/0
  4791 ;;		On exit  : 0/0
  4792 ;;		Unchanged: 0/0
  4793 ;; Data sizes:     COMRAM   BANK0   BANK1   BANK2   BANK3   BANK4   BANK5
  4794 ;;      Params:         0       0       0       0       0       0       0
  4795 ;;      Locals:         0       0       0       0       0       0       0
  4796 ;;      Temps:          0       0       0       0       0       0       0
  4797 ;;      Totals:         0       0       0       0       0       0       0
  4798 ;;Total ram usage:        0 bytes
  4799 ;; Hardware stack levels used: 1
  4800 ;; Hardware stack levels required when called: 1
  4801 ;; This function calls:
  4802 ;;		Nothing
  4803 ;; This function is called by:
  4804 ;;		_main
  4805 ;; This function uses a non-reentrant model
  4806 ;;
  4807                           
  4808                           	psect	text10
  4809   000E10                     __ptext10:
  4810                           	callstack 0
  4811   000E10                     _init_can:
  4812                           	callstack 29
  4813   000E10                     
  4814                           ;can.c: 23:   TRISB2 = 0;
  4815   000E10  9493               	bcf	3987,2,c	;volatile
  4816                           
  4817                           ;can.c: 24:   TRISB3 = 1;
  4818   000E12  8693               	bsf	3987,3,c	;volatile
  4819   000E14                     
  4820                           ;can.c: 28:   { CANCON &= 0x1F; CANCON |= e_can_op_mode_config; };
  4821   000E14  0E1F               	movlw	31
  4822   000E16  166F               	andwf	111,f,c	;volatile
  4823   000E18  8E6F               	bsf	111,7,c	;volatile
  4824   000E1A                     l1258:
  4825   000E1A  0E80               	movlw	128
  4826   000E1C  186E               	xorwf	110,w,c	;volatile
  4827   000E1E  A4D8               	btfss	status,2,c
  4828   000E20  EF14  F007         	goto	u221
  4829   000E24  EF16  F007         	goto	u220
  4830   000E28                     u221:
  4831   000E28  EF0D  F007         	goto	l1258
  4832   000E2C                     u220:
  4833   000E2C                     
  4834                           ;can.c: 34:   ECANCON = 0x00;
  4835   000E2C  6A77               	clrf	119,c	;volatile
  4836   000E2E                     
  4837                           ;can.c: 37:   BRGCON1 = 0xE1;
  4838   000E2E  0EE1               	movlw	225
  4839   000E30  6E70               	movwf	112,c	;volatile
  4840                           
  4841                           ;can.c: 38:   BRGCON2 = 0x1B;
  4842   000E32  0E1B               	movlw	27
  4843   000E34  6E71               	movwf	113,c	;volatile
  4844                           
  4845                           ;can.c: 39:   BRGCON3 = 0x03;
  4846   000E36  0E03               	movlw	3
  4847   000E38  6E72               	movwf	114,c	;volatile
  4848                           
  4849                           ;can.c: 45:   RXFCON0 = 0x01;
  4850   000E3A  0E01               	movlw	1
  4851   000E3C  010D               	movlb	13	; () banked
  4852   000E3E  6FD4               	movwf	212,b	;volatile
  4853   000E40                     
  4854                           ; BSR set to: 13
  4855                           ;can.c: 51:   RXF0EIDH = 0x00;
  4856   000E40  010F               	movlb	15	; () banked
  4857   000E42  6B02               	clrf	2,b	;volatile
  4858   000E44                     
  4859                           ; BSR set to: 15
  4860                           ;can.c: 52:   RXF0EIDL = 0x00;
  4861   000E44  6B03               	clrf	3,b	;volatile
  4862                           
  4863                           ;can.c: 53:   RXF0SIDH = 0x6B;
  4864   000E46  0E6B               	movlw	107
  4865   000E48  6F00               	movwf	0,b	;volatile
  4866                           
  4867                           ;can.c: 54:   RXF0SIDL = 0xC0;
  4868   000E4A  0EC0               	movlw	192
  4869   000E4C  6F01               	movwf	1,b	;volatile
  4870   000E4E                     
  4871                           ; BSR set to: 15
  4872                           ;can.c: 57:   { CANCON &= 0x1F; CANCON |= e_can_op_mode_normal; };
  4873   000E4E  0E1F               	movlw	31
  4874   000E50  166F               	andwf	111,f,c	;volatile
  4875   000E52                     
  4876                           ; BSR set to: 15
  4877   000E52  506F               	movf	111,w,c	;volatile
  4878   000E54                     
  4879                           ; BSR set to: 15
  4880                           ;can.c: 60:   RXB0CON = 0x00;
  4881   000E54  6A60               	clrf	96,c	;volatile
  4882   000E56                     
  4883                           ; BSR set to: 15
  4884   000E56  0012               	return		;funcret
  4885   000E58                     __end_of_init_can:
  4886                           	callstack 0
  4887                           
  4888 ;; *************** function _init_adc *****************
  4889 ;; Defined at:
  4890 ;;		line 4 in file "adc.c"
  4891 ;; Parameters:    Size  Location     Type
  4892 ;;		None
  4893 ;; Auto vars:     Size  Location     Type
  4894 ;;		None
  4895 ;; Return value:  Size  Location     Type
  4896 ;;                  1    wreg      void 
  4897 ;; Registers used:
  4898 ;;		wreg, status,2
  4899 ;; Tracked objects:
  4900 ;;		On entry : 0/0
  4901 ;;		On exit  : 0/0
  4902 ;;		Unchanged: 0/0
  4903 ;; Data sizes:     COMRAM   BANK0   BANK1   BANK2   BANK3   BANK4   BANK5
  4904 ;;      Params:         0       0       0       0       0       0       0
  4905 ;;      Locals:         0       0       0       0       0       0       0
  4906 ;;      Temps:          0       0       0       0       0       0       0
  4907 ;;      Totals:         0       0       0       0       0       0       0
  4908 ;;Total ram usage:        0 bytes
  4909 ;; Hardware stack levels used: 1
  4910 ;; Hardware stack levels required when called: 1
  4911 ;; This function calls:
  4912 ;;		Nothing
  4913 ;; This function is called by:
  4914 ;;		_main
  4915 ;; This function uses a non-reentrant model
  4916 ;;
  4917                           
  4918                           	psect	text11
  4919   000F42                     __ptext11:
  4920                           	callstack 0
  4921   000F42                     _init_adc:
  4922                           	callstack 29
  4923   000F42                     
  4924                           ;adc.c: 7:  ADFM = 1;
  4925   000F42  8EC0               	bsf	4032,7,c	;volatile
  4926                           
  4927                           ;adc.c: 13:  ACQT2 = 0;
  4928   000F44  9AC0               	bcf	4032,5,c	;volatile
  4929                           
  4930                           ;adc.c: 14:  ACQT1 = 1;
  4931   000F46  88C0               	bsf	4032,4,c	;volatile
  4932                           
  4933                           ;adc.c: 15:  ACQT0 = 0;
  4934   000F48  96C0               	bcf	4032,3,c	;volatile
  4935                           
  4936                           ;adc.c: 21:  ADCS0 = 0;
  4937   000F4A  90C0               	bcf	4032,0,c	;volatile
  4938                           
  4939                           ;adc.c: 22:  ADCS1 = 1;
  4940   000F4C  82C0               	bsf	4032,1,c	;volatile
  4941                           
  4942                           ;adc.c: 23:  ADCS2 = 0;
  4943   000F4E  94C0               	bcf	4032,2,c	;volatile
  4944                           
  4945                           ;adc.c: 26:  GODONE = 0;
  4946   000F50  92C2               	bcf	4034,1,c	;volatile
  4947                           
  4948                           ;adc.c: 31:  VCFG1 = 0;
  4949   000F52  9AC1               	bcf	4033,5,c	;volatile
  4950                           
  4951                           ;adc.c: 33:  VCFG0 = 0;
  4952   000F54  98C1               	bcf	4033,4,c	;volatile
  4953   000F56                     
  4954                           ;adc.c: 36:  ADCON1 = 0x0B;
  4955   000F56  0E0B               	movlw	11
  4956   000F58  6EC1               	movwf	193,c	;volatile
  4957   000F5A                     
  4958                           ;adc.c: 39:  ADRESH = 0;
  4959   000F5A  6AC4               	clrf	196,c	;volatile
  4960   000F5C                     
  4961                           ;adc.c: 40:  ADRESL = 0;
  4962   000F5C  6AC3               	clrf	195,c	;volatile
  4963   000F5E                     
  4964                           ;adc.c: 43:  ADON = 1;
  4965   000F5E  80C2               	bsf	4034,0,c	;volatile
  4966   000F60  0012               	return		;funcret
  4967   000F62                     __end_of_init_adc:
  4968                           	callstack 0
  4969                           
  4970 ;; *************** function _clcd_print *****************
  4971 ;; Defined at:
  4972 ;;		line 58 in file "clcd.c"
  4973 ;; Parameters:    Size  Location     Type
  4974 ;;  data            1    4[COMRAM] PTR const unsigned char 
  4975 ;;		 -> STR_2(15), STR_1(12), 
  4976 ;;  addr            1    5[COMRAM] unsigned char 
  4977 ;; Auto vars:     Size  Location     Type
  4978 ;;		None
  4979 ;; Return value:  Size  Location     Type
  4980 ;;                  1    wreg      void 
  4981 ;; Registers used:
  4982 ;;		wreg, status,2, status,0, tblptrl, tblptrh, tblptru, cstack
  4983 ;; Tracked objects:
  4984 ;;		On entry : 0/0
  4985 ;;		On exit  : 0/0
  4986 ;;		Unchanged: 0/0
  4987 ;; Data sizes:     COMRAM   BANK0   BANK1   BANK2   BANK3   BANK4   BANK5
  4988 ;;      Params:         2       0       0       0       0       0       0
  4989 ;;      Locals:         0       0       0       0       0       0       0
  4990 ;;      Temps:          0       0       0       0       0       0       0
  4991 ;;      Totals:         2       0       0       0       0       0       0
  4992 ;;Total ram usage:        2 bytes
  4993 ;; Hardware stack levels used: 1
  4994 ;; Hardware stack levels required when called: 2
  4995 ;; This function calls:
  4996 ;;		_clcd_write
  4997 ;; This function is called by:
  4998 ;;		_main
  4999 ;; This function uses a non-reentrant model
  5000 ;;
  5001                           
  5002                           	psect	text12
  5003   000E9E                     __ptext12:
  5004                           	callstack 0
  5005   000E9E                     _clcd_print:
  5006                           	callstack 28
  5007   000E9E                     
  5008                           ;clcd.c: 58: void clcd_print(const unsigned char *data, unsigned char addr);clcd.c: 59: 
      +                          {;clcd.c: 60:  clcd_write(addr, 0);
  5009   000E9E  0E00               	movlw	0
  5010   000EA0  6E2D               	movwf	clcd_write@control_bit^0,c
  5011   000EA2  5030               	movf	clcd_print@addr^0,w,c
  5012   000EA4  EC6C  F007         	call	_clcd_write
  5013                           
  5014                           ;clcd.c: 61:  while (*data != '\0')
  5015   000EA8  EF5F  F007         	goto	l1656
  5016   000EAC                     l1652:
  5017                           
  5018                           ;clcd.c: 62:  {;clcd.c: 63:   clcd_write(*data++, 1);
  5019   000EAC  0E01               	movlw	1
  5020   000EAE  6E2D               	movwf	clcd_write@control_bit^0,c
  5021   000EB0  C02F  FFF6         	movff	clcd_print@data,tblptrl
  5022   000EB4                     	if	0	;There is only one active tblptr byte
  5023   000EB4                     	endif
  5024   000EB4                     	if	0	;tblptru may be non-zero
  5025   000EB4                     	endif
  5026   000EB4                     	if	0	;tblptru may be non-zero
  5027   000EB4                     	endif
  5028   000EB4  0008               	tblrd		*
  5029   000EB6  50F5               	movf	tablat,w,c
  5030   000EB8  EC6C  F007         	call	_clcd_write
  5031   000EBC  2A2F               	incf	clcd_print@data^0,f,c
  5032   000EBE                     l1656:
  5033                           
  5034                           ;clcd.c: 61:  while (*data != '\0')
  5035   000EBE  C02F  FFF6         	movff	clcd_print@data,tblptrl
  5036   000EC2                     	if	0	;There is only one active tblptr byte
  5037   000EC2                     	endif
  5038   000EC2                     	if	0	;tblptru may be non-zero
  5039   000EC2                     	endif
  5040   000EC2                     	if	0	;tblptru may be non-zero
  5041   000EC2                     	endif
  5042   000EC2  0008               	tblrd		*
  5043   000EC4  50F5               	movf	tablat,w,c
  5044   000EC6  0900               	iorlw	0
  5045   000EC8  A4D8               	btfss	status,2,c
  5046   000ECA  EF69  F007         	goto	u641
  5047   000ECE  EF6B  F007         	goto	u640
  5048   000ED2                     u641:
  5049   000ED2  EF56  F007         	goto	l1652
  5050   000ED6                     u640:
  5051   000ED6  0012               	return		;funcret
  5052   000ED8                     __end_of_clcd_print:
  5053                           	callstack 0
  5054                           
  5055 ;; *************** function _clcd_write *****************
  5056 ;; Defined at:
  5057 ;;		line 4 in file "clcd.c"
  5058 ;; Parameters:    Size  Location     Type
  5059 ;;  byte            1    wreg     unsigned char 
  5060 ;;  control_bit     1    2[COMRAM] unsigned char 
  5061 ;; Auto vars:     Size  Location     Type
  5062 ;;  byte            1    3[COMRAM] unsigned char 
  5063 ;; Return value:  Size  Location     Type
  5064 ;;                  1    wreg      void 
  5065 ;; Registers used:
  5066 ;;		wreg
  5067 ;; Tracked objects:
  5068 ;;		On entry : 0/0
  5069 ;;		On exit  : 0/0
  5070 ;;		Unchanged: 0/0
  5071 ;; Data sizes:     COMRAM   BANK0   BANK1   BANK2   BANK3   BANK4   BANK5
  5072 ;;      Params:         1       0       0       0       0       0       0
  5073 ;;      Locals:         1       0       0       0       0       0       0
  5074 ;;      Temps:          0       0       0       0       0       0       0
  5075 ;;      Totals:         2       0       0       0       0       0       0
  5076 ;;Total ram usage:        2 bytes
  5077 ;; Hardware stack levels used: 1
  5078 ;; Hardware stack levels required when called: 1
  5079 ;; This function calls:
  5080 ;;		Nothing
  5081 ;; This function is called by:
  5082 ;;		_init_clcd
  5083 ;;		_clcd_print
  5084 ;;		_clcd_putch
  5085 ;; This function uses a non-reentrant model
  5086 ;;
  5087                           
  5088                           	psect	text13
  5089   000ED8                     __ptext13:
  5090                           	callstack 0
  5091   000ED8                     _clcd_write:
  5092                           	callstack 28
  5093                           
  5094                           ;incstack = 0
  5095                           ;clcd_write@byte stored from wreg
  5096   000ED8  6E2E               	movwf	clcd_write@byte^0,c
  5097   000EDA                     
  5098                           ;clcd.c: 4: void clcd_write(unsigned char byte, unsigned char control_bit);clcd.c: 5: {;
      +                          clcd.c: 6:  RC1 = control_bit;
  5099   000EDA  B02D               	btfsc	clcd_write@control_bit^0,0,c
  5100   000EDC  EF72  F007         	goto	u551
  5101   000EE0  EF75  F007         	goto	u550
  5102   000EE4                     u551:
  5103   000EE4  8282               	bsf	3970,1,c	;volatile
  5104   000EE6  EF76  F007         	goto	u565
  5105   000EEA                     u550:
  5106   000EEA  9282               	bcf	3970,1,c	;volatile
  5107   000EEC                     u565:
  5108   000EEC                     
  5109                           ;clcd.c: 7:  PORTD = byte;
  5110   000EEC  C02E  FF83         	movff	clcd_write@byte,3971	;volatile
  5111   000EF0                     
  5112                           ;clcd.c: 10:  RC2 = 1;
  5113   000EF0  8482               	bsf	3970,2,c	;volatile
  5114   000EF2                     
  5115                           ;clcd.c: 11:  RC2 = 0;
  5116   000EF2  9482               	bcf	3970,2,c	;volatile
  5117   000EF4                     
  5118                           ;clcd.c: 13:  TRISD7 = 0xFF;
  5119   000EF4  8E95               	bsf	3989,7,c	;volatile
  5120   000EF6                     
  5121                           ;clcd.c: 14:  RC0 = 1;
  5122   000EF6  8082               	bsf	3970,0,c	;volatile
  5123   000EF8                     
  5124                           ;clcd.c: 15:  RC1 = 0;
  5125   000EF8  9282               	bcf	3970,1,c	;volatile
  5126   000EFA                     l1570:
  5127                           
  5128                           ;clcd.c: 18:  {;clcd.c: 19:   RC2 = 1;
  5129   000EFA  8482               	bsf	3970,2,c	;volatile
  5130   000EFC                     
  5131                           ;clcd.c: 20:   RC2 = 0;
  5132   000EFC  9482               	bcf	3970,2,c	;volatile
  5133   000EFE                     
  5134                           ;clcd.c: 21:  } while (RD7);
  5135   000EFE  BE83               	btfsc	3971,7,c	;volatile
  5136   000F00  EF84  F007         	goto	u571
  5137   000F04  EF86  F007         	goto	u570
  5138   000F08                     u571:
  5139   000F08  EF7D  F007         	goto	l1570
  5140   000F0C                     u570:
  5141   000F0C                     
  5142                           ;clcd.c: 23:  RC0 = 0;
  5143   000F0C  9082               	bcf	3970,0,c	;volatile
  5144                           
  5145                           ;clcd.c: 24:  TRISD7 = 0x00;
  5146   000F0E  9E95               	bcf	3989,7,c	;volatile
  5147   000F10  0012               	return		;funcret
  5148   000F12                     __end_of_clcd_write:
  5149                           	callstack 0
  5150                           
  5151 ;; *************** function _can_transmit *****************
  5152 ;; Defined at:
  5153 ;;		line 95 in file "can.c"
  5154 ;; Parameters:    Size  Location     Type
  5155 ;;  msgid           2    2[COMRAM] unsigned int 
  5156 ;;  speed           1    4[COMRAM] unsigned char 
  5157 ;;  gear            1    5[COMRAM] unsigned char 
  5158 ;; Auto vars:     Size  Location     Type
  5159 ;;		None
  5160 ;; Return value:  Size  Location     Type
  5161 ;;                  1    wreg      void 
  5162 ;; Registers used:
  5163 ;;		wreg, status,2, status,0
  5164 ;; Tracked objects:
  5165 ;;		On entry : 0/0
  5166 ;;		On exit  : 0/0
  5167 ;;		Unchanged: 0/0
  5168 ;; Data sizes:     COMRAM   BANK0   BANK1   BANK2   BANK3   BANK4   BANK5
  5169 ;;      Params:         4       0       0       0       0       0       0
  5170 ;;      Locals:         0       0       0       0       0       0       0
  5171 ;;      Temps:          2       0       0       0       0       0       0
  5172 ;;      Totals:         6       0       0       0       0       0       0
  5173 ;;Total ram usage:        6 bytes
  5174 ;; Hardware stack levels used: 1
  5175 ;; Hardware stack levels required when called: 1
  5176 ;; This function calls:
  5177 ;;		Nothing
  5178 ;; This function is called by:
  5179 ;;		_main
  5180 ;; This function uses a non-reentrant model
  5181 ;;
  5182                           
  5183                           	psect	text14
  5184   000D68                     __ptext14:
  5185                           	callstack 0
  5186   000D68                     _can_transmit:
  5187                           	callstack 29
  5188   000D68                     
  5189                           ;can.c: 95: void can_transmit(unsigned int msgid,unsigned char speed , unsigned char gea
      +                          r);can.c: 96: {;can.c: 98:   TXB0EIDH = 0x00;
  5190   000D68  010F               	movlb	15	; () banked
  5191   000D6A  6B43               	clrf	67,b	;volatile
  5192                           
  5193                           ;can.c: 99:   TXB0EIDL = 0x00;
  5194   000D6C  6B44               	clrf	68,b	;volatile
  5195   000D6E                     
  5196                           ; BSR set to: 15
  5197                           ;can.c: 102:   TXB0SIDH = msgid>>3;
  5198   000D6E  C02D  F031         	movff	can_transmit@msgid,??_can_transmit
  5199   000D72  C02E  F032         	movff	can_transmit@msgid+1,??_can_transmit+1
  5200   000D76  90D8               	bcf	status,0,c
  5201   000D78  3232               	rrcf	(??_can_transmit+1)^0,f,c
  5202   000D7A  3231               	rrcf	??_can_transmit^0,f,c
  5203   000D7C  90D8               	bcf	status,0,c
  5204   000D7E  3232               	rrcf	(??_can_transmit+1)^0,f,c
  5205   000D80  3231               	rrcf	??_can_transmit^0,f,c
  5206   000D82  90D8               	bcf	status,0,c
  5207   000D84  3232               	rrcf	(??_can_transmit+1)^0,f,c
  5208   000D86  3231               	rrcf	??_can_transmit^0,f,c
  5209   000D88  5031               	movf	??_can_transmit^0,w,c
  5210   000D8A  6F41               	movwf	65,b	;volatile
  5211                           
  5212                           ;can.c: 103:   TXB0SIDL = msgid<<5;
  5213   000D8C  382D               	swapf	can_transmit@msgid^0,w,c
  5214   000D8E  46E8               	rlncf	wreg,f,c
  5215   000D90  0BE0               	andlw	224
  5216   000D92  6F42               	movwf	66,b	;volatile
  5217   000D94                     
  5218                           ; BSR set to: 15
  5219                           ;can.c: 105:   TXB0DLC = 0x04;
  5220   000D94  0E04               	movlw	4
  5221   000D96  6F45               	movwf	69,b	;volatile
  5222   000D98                     
  5223                           ; BSR set to: 15
  5224                           ;can.c: 106:   TXB0D0 = 0;
  5225   000D98  6B46               	clrf	70,b	;volatile
  5226   000D9A                     
  5227                           ; BSR set to: 15
  5228                           ;can.c: 107:   TXB0D1 = 0;
  5229   000D9A  6B47               	clrf	71,b	;volatile
  5230   000D9C                     
  5231                           ; BSR set to: 15
  5232                           ;can.c: 108:   TXB0D2 = speed;
  5233   000D9C  C02F  FF48         	movff	can_transmit@speed,3912	;volatile
  5234   000DA0                     
  5235                           ; BSR set to: 15
  5236                           ;can.c: 109:   TXB0D3 = gear;
  5237   000DA0  C030  FF49         	movff	can_transmit@gear,3913	;volatile
  5238   000DA4                     
  5239                           ; BSR set to: 15
  5240                           ;can.c: 110:   TXB0D4 = 'E';
  5241   000DA4  0E45               	movlw	69
  5242   000DA6  6F4A               	movwf	74,b	;volatile
  5243   000DA8                     
  5244                           ; BSR set to: 15
  5245                           ;can.c: 111:   TXB0D5 = 'F';
  5246   000DA8  0E46               	movlw	70
  5247   000DAA  6F4B               	movwf	75,b	;volatile
  5248   000DAC                     
  5249                           ; BSR set to: 15
  5250                           ;can.c: 112:   TXB0D6 = 'G';
  5251   000DAC  0E47               	movlw	71
  5252   000DAE  6F4C               	movwf	76,b	;volatile
  5253   000DB0                     
  5254                           ; BSR set to: 15
  5255                           ;can.c: 113:   TXB0D7 = 'H';
  5256   000DB0  0E48               	movlw	72
  5257   000DB2  6F4D               	movwf	77,b	;volatile
  5258   000DB4                     l333:
  5259                           
  5260                           ; BSR set to: 15
  5261   000DB4  B740               	btfsc	64,3,b	;volatile
  5262   000DB6  EFDF  F006         	goto	u691
  5263   000DBA  EFE1  F006         	goto	u690
  5264   000DBE                     u691:
  5265   000DBE  EFDA  F006         	goto	l333
  5266   000DC2                     u690:
  5267   000DC2                     
  5268                           ; BSR set to: 15
  5269                           ;can.c: 117:   TXB0REQ = 1;
  5270   000DC2  8740               	bsf	64,3,b	;volatile
  5271   000DC4                     
  5272                           ; BSR set to: 15
  5273   000DC4  0012               	return		;funcret
  5274   000DC6                     __end_of_can_transmit:
  5275                           	callstack 0
  5276                           
  5277 ;; *************** function ___lmul *****************
  5278 ;; Defined at:
  5279 ;;		line 15 in file "C:\Program Files\Microchip\xc8\v3.10\pic\sources\c99\common\Umul32.c"
  5280 ;; Parameters:    Size  Location     Type
  5281 ;;  multiplier      4    2[COMRAM] unsigned long 
  5282 ;;  multiplicand    4    6[COMRAM] unsigned long 
  5283 ;; Auto vars:     Size  Location     Type
  5284 ;;  product         4   10[COMRAM] unsigned long 
  5285 ;; Return value:  Size  Location     Type
  5286 ;;                  4    2[COMRAM] unsigned long 
  5287 ;; Registers used:
  5288 ;;		wreg, status,2, status,0
  5289 ;; Tracked objects:
  5290 ;;		On entry : 0/0
  5291 ;;		On exit  : 0/0
  5292 ;;		Unchanged: 0/0
  5293 ;; Data sizes:     COMRAM   BANK0   BANK1   BANK2   BANK3   BANK4   BANK5
  5294 ;;      Params:         8       0       0       0       0       0       0
  5295 ;;      Locals:         4       0       0       0       0       0       0
  5296 ;;      Temps:          0       0       0       0       0       0       0
  5297 ;;      Totals:        12       0       0       0       0       0       0
  5298 ;;Total ram usage:       12 bytes
  5299 ;; Hardware stack levels used: 1
  5300 ;; Hardware stack levels required when called: 1
  5301 ;; This function calls:
  5302 ;;		Nothing
  5303 ;; This function is called by:
  5304 ;;		_main
  5305 ;; This function uses a non-reentrant model
  5306 ;;
  5307                           
  5308                           	psect	text15
  5309   000C9A                     __ptext15:
  5310                           	callstack 0
  5311   000C9A                     ___lmul:
  5312                           	callstack 29
  5313   000C9A  0E00               	movlw	0
  5314   000C9C  6E35               	movwf	___lmul@product^0,c
  5315   000C9E  0E00               	movlw	0
  5316   000CA0  6E36               	movwf	(___lmul@product+1)^0,c
  5317   000CA2  0E00               	movlw	0
  5318   000CA4  6E37               	movwf	(___lmul@product+2)^0,c
  5319   000CA6  0E00               	movlw	0
  5320   000CA8  6E38               	movwf	(___lmul@product+3)^0,c
  5321   000CAA                     l1708:
  5322   000CAA  A02D               	btfss	___lmul@multiplier^0,0,c
  5323   000CAC  EF5A  F006         	goto	u701
  5324   000CB0  EF5C  F006         	goto	u700
  5325   000CB4                     u701:
  5326   000CB4  EF64  F006         	goto	l1712
  5327   000CB8                     u700:
  5328   000CB8  5031               	movf	___lmul@multiplicand^0,w,c
  5329   000CBA  2635               	addwf	___lmul@product^0,f,c
  5330   000CBC  5032               	movf	(___lmul@multiplicand+1)^0,w,c
  5331   000CBE  2236               	addwfc	(___lmul@product+1)^0,f,c
  5332   000CC0  5033               	movf	(___lmul@multiplicand+2)^0,w,c
  5333   000CC2  2237               	addwfc	(___lmul@product+2)^0,f,c
  5334   000CC4  5034               	movf	(___lmul@multiplicand+3)^0,w,c
  5335   000CC6  2238               	addwfc	(___lmul@product+3)^0,f,c
  5336   000CC8                     l1712:
  5337   000CC8  90D8               	bcf	status,0,c
  5338   000CCA  3631               	rlcf	___lmul@multiplicand^0,f,c
  5339   000CCC  3632               	rlcf	(___lmul@multiplicand+1)^0,f,c
  5340   000CCE  3633               	rlcf	(___lmul@multiplicand+2)^0,f,c
  5341   000CD0  3634               	rlcf	(___lmul@multiplicand+3)^0,f,c
  5342   000CD2  90D8               	bcf	status,0,c
  5343   000CD4  3230               	rrcf	(___lmul@multiplier+3)^0,f,c
  5344   000CD6  322F               	rrcf	(___lmul@multiplier+2)^0,f,c
  5345   000CD8  322E               	rrcf	(___lmul@multiplier+1)^0,f,c
  5346   000CDA  322D               	rrcf	___lmul@multiplier^0,f,c
  5347   000CDC  502D               	movf	___lmul@multiplier^0,w,c
  5348   000CDE  102E               	iorwf	(___lmul@multiplier+1)^0,w,c
  5349   000CE0  102F               	iorwf	(___lmul@multiplier+2)^0,w,c
  5350   000CE2  1030               	iorwf	(___lmul@multiplier+3)^0,w,c
  5351   000CE4  A4D8               	btfss	status,2,c
  5352   000CE6  EF77  F006         	goto	u711
  5353   000CEA  EF79  F006         	goto	u710
  5354   000CEE                     u711:
  5355   000CEE  EF55  F006         	goto	l1708
  5356   000CF2                     u710:
  5357   000CF2  C035  F02D         	movff	___lmul@product,?___lmul
  5358   000CF6  C036  F02E         	movff	___lmul@product+1,?___lmul+1
  5359   000CFA  C037  F02F         	movff	___lmul@product+2,?___lmul+2
  5360   000CFE  C038  F030         	movff	___lmul@product+3,?___lmul+3
  5361   000D02  0012               	return		;funcret
  5362   000D04                     __end_of___lmul:
  5363                           	callstack 0
  5364                           
  5365 ;; *************** function ___lldiv *****************
  5366 ;; Defined at:
  5367 ;;		line 7 in file "C:\Program Files\Microchip\xc8\v3.10\pic\sources\c99\common\__lldiv.c"
  5368 ;; Parameters:    Size  Location     Type
  5369 ;;  dividend        4   14[COMRAM] unsigned long 
  5370 ;;  divisor         4   18[COMRAM] unsigned long 
  5371 ;; Auto vars:     Size  Location     Type
  5372 ;;  quotient        4   22[COMRAM] unsigned long 
  5373 ;;  counter         1   26[COMRAM] unsigned char 
  5374 ;; Return value:  Size  Location     Type
  5375 ;;                  4   14[COMRAM] unsigned long 
  5376 ;; Registers used:
  5377 ;;		wreg, status,2, status,0
  5378 ;; Tracked objects:
  5379 ;;		On entry : 0/0
  5380 ;;		On exit  : 0/0
  5381 ;;		Unchanged: 0/0
  5382 ;; Data sizes:     COMRAM   BANK0   BANK1   BANK2   BANK3   BANK4   BANK5
  5383 ;;      Params:         8       0       0       0       0       0       0
  5384 ;;      Locals:         5       0       0       0       0       0       0
  5385 ;;      Temps:          0       0       0       0       0       0       0
  5386 ;;      Totals:        13       0       0       0       0       0       0
  5387 ;;Total ram usage:       13 bytes
  5388 ;; Hardware stack levels used: 1
  5389 ;; Hardware stack levels required when called: 1
  5390 ;; This function calls:
  5391 ;;		Nothing
  5392 ;; This function is called by:
  5393 ;;		_main
  5394 ;; This function uses a non-reentrant model
  5395 ;;
  5396                           
  5397                           	psect	text16
  5398   000B02                     __ptext16:
  5399                           	callstack 0
  5400   000B02                     ___lldiv:
  5401                           	callstack 29
  5402   000B02  0E00               	movlw	0
  5403   000B04  6E41               	movwf	___lldiv@quotient^0,c
  5404   000B06  0E00               	movlw	0
  5405   000B08  6E42               	movwf	(___lldiv@quotient+1)^0,c
  5406   000B0A  0E00               	movlw	0
  5407   000B0C  6E43               	movwf	(___lldiv@quotient+2)^0,c
  5408   000B0E  0E00               	movlw	0
  5409   000B10  6E44               	movwf	(___lldiv@quotient+3)^0,c
  5410   000B12  503D               	movf	___lldiv@divisor^0,w,c
  5411   000B14  103E               	iorwf	(___lldiv@divisor+1)^0,w,c
  5412   000B16  103F               	iorwf	(___lldiv@divisor+2)^0,w,c
  5413   000B18  1040               	iorwf	(___lldiv@divisor+3)^0,w,c
  5414   000B1A  B4D8               	btfsc	status,2,c
  5415   000B1C  EF92  F005         	goto	u721
  5416   000B20  EF94  F005         	goto	u720
  5417   000B24                     u721:
  5418   000B24  EFCA  F005         	goto	l366
  5419   000B28                     u720:
  5420   000B28  0E01               	movlw	1
  5421   000B2A  6E45               	movwf	___lldiv@counter^0,c
  5422   000B2C  EF9E  F005         	goto	l1724
  5423   000B30                     l1722:
  5424   000B30  90D8               	bcf	status,0,c
  5425   000B32  363D               	rlcf	___lldiv@divisor^0,f,c
  5426   000B34  363E               	rlcf	(___lldiv@divisor+1)^0,f,c
  5427   000B36  363F               	rlcf	(___lldiv@divisor+2)^0,f,c
  5428   000B38  3640               	rlcf	(___lldiv@divisor+3)^0,f,c
  5429   000B3A  2A45               	incf	___lldiv@counter^0,f,c
  5430   000B3C                     l1724:
  5431   000B3C  AE40               	btfss	(___lldiv@divisor+3)^0,7,c
  5432   000B3E  EFA3  F005         	goto	u731
  5433   000B42  EFA5  F005         	goto	u730
  5434   000B46                     u731:
  5435   000B46  EF98  F005         	goto	l1722
  5436   000B4A                     u730:
  5437   000B4A                     l1726:
  5438   000B4A  90D8               	bcf	status,0,c
  5439   000B4C  3641               	rlcf	___lldiv@quotient^0,f,c
  5440   000B4E  3642               	rlcf	(___lldiv@quotient+1)^0,f,c
  5441   000B50  3643               	rlcf	(___lldiv@quotient+2)^0,f,c
  5442   000B52  3644               	rlcf	(___lldiv@quotient+3)^0,f,c
  5443   000B54  503D               	movf	___lldiv@divisor^0,w,c
  5444   000B56  5C39               	subwf	___lldiv@dividend^0,w,c
  5445   000B58  503E               	movf	(___lldiv@divisor+1)^0,w,c
  5446   000B5A  583A               	subwfb	(___lldiv@dividend+1)^0,w,c
  5447   000B5C  503F               	movf	(___lldiv@divisor+2)^0,w,c
  5448   000B5E  583B               	subwfb	(___lldiv@dividend+2)^0,w,c
  5449   000B60  5040               	movf	(___lldiv@divisor+3)^0,w,c
  5450   000B62  583C               	subwfb	(___lldiv@dividend+3)^0,w,c
  5451   000B64  A0D8               	btfss	status,0,c
  5452   000B66  EFB7  F005         	goto	u741
  5453   000B6A  EFB9  F005         	goto	u740
  5454   000B6E                     u741:
  5455   000B6E  EFC2  F005         	goto	l1734
  5456   000B72                     u740:
  5457   000B72  503D               	movf	___lldiv@divisor^0,w,c
  5458   000B74  5E39               	subwf	___lldiv@dividend^0,f,c
  5459   000B76  503E               	movf	(___lldiv@divisor+1)^0,w,c
  5460   000B78  5A3A               	subwfb	(___lldiv@dividend+1)^0,f,c
  5461   000B7A  503F               	movf	(___lldiv@divisor+2)^0,w,c
  5462   000B7C  5A3B               	subwfb	(___lldiv@dividend+2)^0,f,c
  5463   000B7E  5040               	movf	(___lldiv@divisor+3)^0,w,c
  5464   000B80  5A3C               	subwfb	(___lldiv@dividend+3)^0,f,c
  5465   000B82  8041               	bsf	___lldiv@quotient^0,0,c
  5466   000B84                     l1734:
  5467   000B84  90D8               	bcf	status,0,c
  5468   000B86  3240               	rrcf	(___lldiv@divisor+3)^0,f,c
  5469   000B88  323F               	rrcf	(___lldiv@divisor+2)^0,f,c
  5470   000B8A  323E               	rrcf	(___lldiv@divisor+1)^0,f,c
  5471   000B8C  323D               	rrcf	___lldiv@divisor^0,f,c
  5472   000B8E  2E45               	decfsz	___lldiv@counter^0,f,c
  5473   000B90  EFA5  F005         	goto	l1726
  5474   000B94                     l366:
  5475   000B94  C041  F039         	movff	___lldiv@quotient,?___lldiv
  5476   000B98  C042  F03A         	movff	___lldiv@quotient+1,?___lldiv+1
  5477   000B9C  C043  F03B         	movff	___lldiv@quotient+2,?___lldiv+2
  5478   000BA0  C044  F03C         	movff	___lldiv@quotient+3,?___lldiv+3
  5479   000BA4  0012               	return		;funcret
  5480   000BA6                     __end_of___lldiv:
  5481                           	callstack 0
  5482                           
  5483 ;; *************** function _isr *****************
  5484 ;; Defined at:
  5485 ;;		line 5 in file "isr.c"
  5486 ;; Parameters:    Size  Location     Type
  5487 ;;		None
  5488 ;; Auto vars:     Size  Location     Type
  5489 ;;		None
  5490 ;; Return value:  Size  Location     Type
  5491 ;;                  1    wreg      void 
  5492 ;; Registers used:
  5493 ;;		wreg, status,2, status,0
  5494 ;; Tracked objects:
  5495 ;;		On entry : 0/0
  5496 ;;		On exit  : 0/0
  5497 ;;		Unchanged: 0/0
  5498 ;; Data sizes:     COMRAM   BANK0   BANK1   BANK2   BANK3   BANK4   BANK5
  5499 ;;      Params:         0       0       0       0       0       0       0
  5500 ;;      Locals:         0       0       0       0       0       0       0
  5501 ;;      Temps:          2       0       0       0       0       0       0
  5502 ;;      Totals:         2       0       0       0       0       0       0
  5503 ;;Total ram usage:        2 bytes
  5504 ;; Hardware stack levels used: 1
  5505 ;; This function calls:
  5506 ;;		Nothing
  5507 ;; This function is called by:
  5508 ;;		Interrupt level 2
  5509 ;; This function uses a non-reentrant model
  5510 ;;
  5511                           
  5512                           	psect	intcode
  5513   000008                     __pintcode:
  5514                           	callstack 0
  5515   000008                     _isr:
  5516                           	callstack 28
  5517                           
  5518                           ;incstack = 0
  5519   000008  8201               	bsf	int$flags,1,c	;set compiler interrupt flag (level 2)
  5520   00000A  EDE3  F006         	call	int_func,f	;refresh shadow registers
  5521                           
  5522                           	psect	intcode_body
  5523   000DC6                     __pintcode_body:
  5524                           	callstack 28
  5525   000DC6                     int_func:
  5526                           	callstack 28
  5527   000DC6  0006               	pop		; remove dummy address from shadow register refresh
  5528   000DC8                     
  5529                           ;isr.c: 7:   if (TMR0IF)
  5530   000DC8  A4F2               	btfss	4082,2,c	;volatile
  5531   000DCA  EFE9  F006         	goto	i2u52_41
  5532   000DCE  EFEB  F006         	goto	i2u52_40
  5533   000DD2                     i2u52_41:
  5534   000DD2  EF06  F007         	goto	i2l173
  5535   000DD6                     i2u52_40:
  5536   000DD6                     
  5537                           ;isr.c: 8:   {;isr.c: 9:     TMR0 = TMR0 + 8;
  5538   000DD6  0E08               	movlw	8
  5539   000DD8  24D6               	addwf	214,w,c	;volatile
  5540   000DDA  6ED6               	movwf	214,c	;volatile
  5541   000DDC  0E00               	movlw	0
  5542   000DDE  20D7               	addwfc	215,w,c	;volatile
  5543   000DE0  6ED7               	movwf	215,c	;volatile
  5544                           
  5545                           ;isr.c: 11:     if (pwmcount++ >=100)
  5546   000DE2  5019               	movf	_pwmcount^0,w,c
  5547   000DE4  6E2B               	movwf	??_isr^0,c
  5548   000DE6  501A               	movf	(_pwmcount+1)^0,w,c
  5549   000DE8  6E2C               	movwf	(??_isr+1)^0,c
  5550   000DEA  4A19               	infsnz	_pwmcount^0,f,c
  5551   000DEC  2A1A               	incf	(_pwmcount+1)^0,f,c
  5552   000DEE  502C               	movf	(??_isr+1)^0,w,c
  5553   000DF0  E109               	bnz	i2u53_40
  5554   000DF2  0E64               	movlw	100
  5555   000DF4  5C2B               	subwf	??_isr^0,w,c
  5556   000DF6  A0D8               	btfss	status,0,c
  5557   000DF8  EF00  F007         	goto	i2u53_41
  5558   000DFC  EF02  F007         	goto	i2u53_40
  5559   000E00                     i2u53_41:
  5560   000E00  EF05  F007         	goto	i2l1548
  5561   000E04                     i2u53_40:
  5562   000E04                     
  5563                           ;isr.c: 12:       pwmcount=0;
  5564   000E04  6A1A               	clrf	(_pwmcount+1)^0,c
  5565   000E06  0E00               	movlw	0
  5566   000E08  6E19               	movwf	_pwmcount^0,c
  5567   000E0A                     i2l1548:
  5568                           
  5569                           ;isr.c: 13:     TMR0IF = 0;
  5570   000E0A  94F2               	bcf	4082,2,c	;volatile
  5571   000E0C                     i2l173:
  5572   000E0C  9201               	bcf	int$flags,1,c	;clear compiler interrupt flag (level 2)
  5573   000E0E  0011               	retfie		f
  5574   000E10                     __end_of_isr:
  5575                           	callstack 0
  5576                           
  5577                           	psect	rparam
  5578   000001                     ___rparam_used  equ	1
  5579   000000                     ___param_bank   equ	0
  5580   000000                     __Lparam        equ	__Lrparam
  5581   000000                     __Hparam        equ	__Hrparam
  5582   000001                     btemp           set	1	;btemp
  5583   000001                     int$flags       set	1
  5584   000001                     btemp0          set	1
  5585   000002                     btemp1          set	2
  5586                           tosu	equ	0xFFF
  5587                           tosh	equ	0xFFE
  5588                           tosl	equ	0xFFD
  5589                           stkptr	equ	0xFFC
  5590                           pclatu	equ	0xFFB
  5591                           pclath	equ	0xFFA
  5592                           pcl	equ	0xFF9
  5593                           tblptru	equ	0xFF8
  5594                           tblptrh	equ	0xFF7
  5595                           tblptrl	equ	0xFF6
  5596                           tablat	equ	0xFF5
  5597                           prodh	equ	0xFF4
  5598                           prodl	equ	0xFF3
  5599                           indf0	equ	0xFEF
  5600                           postinc0	equ	0xFEE
  5601                           postdec0	equ	0xFED
  5602                           preinc0	equ	0xFEC
  5603                           plusw0	equ	0xFEB
  5604                           fsr0h	equ	0xFEA
  5605                           fsr0l	equ	0xFE9
  5606                           wreg	equ	0xFE8
  5607                           indf1	equ	0xFE7
  5608                           postinc1	equ	0xFE6
  5609                           postdec1	equ	0xFE5
  5610                           preinc1	equ	0xFE4
  5611                           plusw1	equ	0xFE3
  5612                           fsr1h	equ	0xFE2
  5613                           fsr1l	equ	0xFE1
  5614                           bsr	equ	0xFE0
  5615                           indf2	equ	0xFDF
  5616                           postinc2	equ	0xFDE
  5617                           postdec2	equ	0xFDD
  5618                           preinc2	equ	0xFDC
  5619                           plusw2	equ	0xFDB
  5620                           fsr2h	equ	0xFDA
  5621                           fsr2l	equ	0xFD9
  5622                           status	equ	0xFD8

Data Sizes:
    Strings     27
    Constant    0
    Data        1
    BSS         41
    Persistent  0
    Stack       0

Auto Spaces:
    Space          Size  Autos    Used
    COMRAM           94     37      79
    BANK0           160      0       0
    BANK1           256      0       0
    BANK2           256      0       0
    BANK3           256      0       0
    BANK4           256      0       0
    BANK5           256      0       0

Pointer List with Targets:

    clcd_print@data	PTR const unsigned char  size(1) Largest target is 15
		 -> STR_1(CODE[12]), STR_2(CODE[15]), 

    speed_to_str@str	PTR unsigned char  size(1) Largest target is 10
		 -> arr(COMRAM[10]), 


Critical Paths under _main in COMRAM

    _main->___lldiv
    _speed_to_str->___lwmod
    ___lwmod->___lwdiv
    _init_clcd->_clcd_write
    _clcd_print->_clcd_write
    ___lldiv->___lmul

Critical Paths under _isr in COMRAM

    None.

Critical Paths under _main in BANK0

    None.

Critical Paths under _isr in BANK0

    None.

Critical Paths under _main in BANK1

    None.

Critical Paths under _isr in BANK1

    None.

Critical Paths under _main in BANK2

    None.

Critical Paths under _isr in BANK2

    None.

Critical Paths under _main in BANK3

    None.

Critical Paths under _isr in BANK3

    None.

Critical Paths under _main in BANK4

    None.

Critical Paths under _isr in BANK4

    None.

Critical Paths under _main in BANK5

    None.

Critical Paths under _isr in BANK5

    None.

Call Graph Tables:

 ---------------------------------------------------------------------------------
 (Depth) Function   	        Calls       Base Space   Used Autos Params    Refs
 ---------------------------------------------------------------------------------
 (0) _main                                                10    10      0    1501
                                             27 COMRAM    10    10      0
                            ___lldiv
                             ___lmul
                       _can_transmit
                         _clcd_print
                           _init_adc
                           _init_can
                          _init_clcd
                 _init_matrix_keypad
                        _init_timer0
                           _read_adc
                      _read_switches
                       _speed_to_str
 ---------------------------------------------------------------------------------
 (1) _speed_to_str                                         6     3      3     664
                                             14 COMRAM     6     3      3
                            ___lwdiv
                            ___lwmod
 ---------------------------------------------------------------------------------
 (2) ___lwmod                                              5     1      4     163
                                              9 COMRAM     5     1      4
                            ___lwdiv (ARG)
 ---------------------------------------------------------------------------------
 (2) ___lwdiv                                              7     3      4     166
                                              2 COMRAM     7     3      4
 ---------------------------------------------------------------------------------
 (1) _read_switches                                        2     2      0      30
                                              2 COMRAM     2     2      0
                           _scan_key
 ---------------------------------------------------------------------------------
 (2) _scan_key                                             0     0      0       0
 ---------------------------------------------------------------------------------
 (1) _read_adc                                             7     5      2      52
                                              2 COMRAM     7     5      2
 ---------------------------------------------------------------------------------
 (1) _init_timer0                                          0     0      0       0
 ---------------------------------------------------------------------------------
 (1) _init_matrix_keypad                                   0     0      0       0
 ---------------------------------------------------------------------------------
 (1) _init_clcd                                            1     1      0      62
                                              4 COMRAM     1     1      0
                         _clcd_write
 ---------------------------------------------------------------------------------
 (1) _init_can                                             0     0      0       0
 ---------------------------------------------------------------------------------
 (1) _init_adc                                             0     0      0       0
 ---------------------------------------------------------------------------------
 (1) _clcd_print                                           2     0      2     133
                                              4 COMRAM     2     0      2
                         _clcd_write
 ---------------------------------------------------------------------------------
 (2) _clcd_write                                           2     1      1      62
                                              2 COMRAM     2     1      1
 ---------------------------------------------------------------------------------
 (1) _can_transmit                                         6     2      4      91
                                              2 COMRAM     6     2      4
 ---------------------------------------------------------------------------------
 (1) ___lmul                                              12     4      8      94
                                              2 COMRAM    12     4      8
 ---------------------------------------------------------------------------------
 (1) ___lldiv                                             13     5      8     166
                                             14 COMRAM    13     5      8
                             ___lmul (ARG)
 ---------------------------------------------------------------------------------
 Estimated maximum stack depth 2
 ---------------------------------------------------------------------------------
 (Depth) Function   	        Calls       Base Space   Used Autos Params    Refs
 ---------------------------------------------------------------------------------
 (3) _isr                                                  2     2      0       0
                                              0 COMRAM     2     2      0
 ---------------------------------------------------------------------------------
 Estimated maximum stack depth 3
 ---------------------------------------------------------------------------------

 Call Graph Graphs:

 _main (ROOT)
   ___lldiv
     ___lmul (ARG)
   ___lmul
   _can_transmit
   _clcd_print
     _clcd_write
   _init_adc
   _init_can
   _init_clcd
     _clcd_write
   _init_matrix_keypad
   _init_timer0
   _read_adc
   _read_switches
     _scan_key
   _speed_to_str
     ___lwdiv
     ___lwmod
       ___lwdiv (ARG)

 _isr (ROOT)

Address spaces:
Name               Size   Autos  Total    Usage
BIGRAM            1535      0       0      0.0%
BITBIGSFRlh        410      0       0      0.0%
BITBANK5           256      0       0      0.0%
BANK5              256      0       0      0.0%
BITBANK4           256      0       0      0.0%
BANK4              256      0       0      0.0%
BITBANK3           256      0       0      0.0%
BANK3              256      0       0      0.0%
BITBANK2           256      0       0      0.0%
BANK2              256      0       0      0.0%
BITBANK1           256      0       0      0.0%
BANK1              256      0       0      0.0%
BITBIGSFRll        212      0       0      0.0%
BITBANK0           160      0       0      0.0%
BANK0              160      0       0      0.0%
BITBIGSFRh         144      0       0      0.0%
BITCOMRAM           94      0       0      0.0%
COMRAM              94     37      79     84.0%
STACK                0      0       0      0.0%
DATA                 0      0      79      0.0%


Microchip Technology PIC18 Macro Assembler V3.10 build 20250813170317 
Symbol Table                                                                                   Mon Jun  8 17:06:24 2026

             clcd_print@addr 0030               clcd_print@data 002F                           l72 0A3E  
                         l73 0A5A                           l91 0890                           l92 097C  
                         l93 08CC                           l94 08A4                           l88 0F86  
                         l96 08B8                           _GO 7E11                           l99 08E6  
                         u10 088A                           u11 0886                           u20 089E  
                         u21 089A                           u30 08B2                           u31 08AE  
                         u40 08C6                           u41 08C2                           u50 08E0  
                         u51 08DC                           u60 08F4                           u61 08F0  
                         u70 0908                           u71 0904                           u80 091C  
                         u81 0918                           u90 0938                           u91 0934  
         _init_matrix_keypad 0F76                          l100 0922                          l101 08FA  
                        l110 0966                          l103 090E                          l121 0C26  
                        l106 093E                          l108 0952                          l151 0B00  
                        l231 0E9C                          l225 0F60                          l147 0F0C  
                        l148 0F10                          l324 0E2C                          l228 0E70  
                        l333 0DB4                          l157 0ED6                          l325 0E56  
                        l350 0CF2                          l190 0F74                          l351 0D02  
                        l335 0DC2                          l336 0DC4                          l373 0BA4  
                        l366 0B94                          l940 0C90                          l950 0D5E  
                        l947 0C98                          l957 0D66                          _GIE 7F97  
                        _RC0 7C10                          _RC1 7C11                          _RC2 7C12  
                        u100 094C                          u101 0948                          u110 0960  
                        u111 095C                          _RD7 7C1F                          u120 0974  
                        u121 0970                          u220 0E2C                          u221 0E28  
                        u250 0BB8                          u251 0BB4                          u260 0BDC  
                        u261 0BD8                          u270 0BEC                          u271 0BE8  
                        u280 0C04                          u600 0C7A                          u281 0C00  
                        u601 0C76                          u290 0C1C                          u610 0D16  
                        u291 0C18                          u611 0D12                          u700 0CB8  
                        u620 0D34                          u701 0CB4                          u621 0D30  
                        u710 0CF2                          u550 0EEA                          u630 0D4A  
                        u711 0CEE                          u551 0EE4                          u631 0D46  
                        u720 0B28                          u640 0ED6                          u800 079A  
                        u721 0B24                          u641 0ED2                          u801 0796  
                        u730 0B4A                          u570 0F0C                          u650 0E7E  
                        u810 07B4                          u731 0B46                          u571 0F08  
                        u651 0E7A                          u811 07B0                          u740 0B72  
                        u580 0C40                          u660 09E2                          u820 07C6  
                        u741 0B6E                          u565 0EEC                          u581 0C3C  
                        u661 09DE                          u821 07C2                          u590 0C5E  
                        u670 0A0C                          u830 07DE                          u750 06A8  
                        u591 0C5A                          u671 0A08                          u831 07DA  
                        u751 06A4                          _PSA 7EAB                          u680 0A1C  
                        u840 07EE                          u760 0748                          u681 0A18  
                        u841 07EA                          u761 0744                          u690 0DC2  
                        u850 0806                          u770 075A                          u691 0DBE  
                        u907 0A86                          u851 0802                          u771 0756  
                        u860 0820                          u780 0772                          u917 0A9C  
                        u861 081C                          u781 076E                          u870 0850  
                        u790 0782                          u927 0ABE                          u871 084C  
                        u791 077E                          u937 0AD0                          u947 0AE6  
                        u957 0AFA                          u887 0BBE                          u897 0A6C  
                        _arr 0021              speed_to_str@str 003B                          _isr 0008  
                        _val 001B                          wreg 0FE8          ?_init_matrix_keypad 002B  
                       l1130 089E                         l1122 0876                         l1124 088A  
                       l1142 08C6                         l1152 08F4                         l1136 08B2  
                       l1146 08E0                         l1260 0E2E                         l1252 0E10  
                       l1180 0960                         l1164 091C                         l1270 0E54  
                       l1262 0E40                         l1254 0E14                         l1190 097A  
                       l1174 094C                         l1158 0908                         l1350 0BA8  
                       l1280 0F42                         l1264 0E44                         l1256 0E18  
                       l1272 0F62                         l1168 0938                         l1360 0BEC  
                       l1352 0BB8                         l1600 0D16                         l1282 0F56  
                       l1266 0E4E                         l1258 0E1A                         l1290 0F76  
                       l1274 0F6A                         l1186 0974                         l1370 0C04  
                       l1362 0BEE                         l1354 0BC6                         l1610 0D52  
                       l1602 0D1E                         l1700 0DA8                         l1284 0F5A  
                       l1268 0E52                         l1620 0A66                         l1292 0F7E  
                       l1276 0F70                         l1356 0BCC                         l1372 0C0C  
                       l1612 0D58                         l1604 0D26                         l1710 0CB8  
                       l1702 0DAC                         l1286 0F5C                         l1630 0AA2  
                       l1622 0A76                         l1614 0A5C                         l1294 0F80  
                       l1278 0F72                         l1374 0C1C                         l1358 0BDC  
                       l1606 0D34                         l1720 0B28                         l1712 0CC8  
                       l1704 0DB0                         l1560 0EF0                         l1288 0F5E  
                       l1640 0ACE                         l1632 0AAC                         l1624 0A80  
                       l1616 0A5E                         l1368 0BF4                         l1608 0D4A  
                       l1800 07C6                         l1730 0B72                         l1722 0B30  
                       l1714 0CD2                         l1706 0C9A                         l1570 0EFA  
                       l1562 0EF2                         l1650 0E9E                         l1642 0AD6  
                       l1634 0AB2                         l1626 0A90                         l1618 0A64  
                       l1378 0C24                         l1810 0806                         l1802 07CE  
                       l1732 0B82                         l1724 0B3C                         l1716 0B02  
                       l1708 0CAA                         l1572 0EFC                         l1564 0EF4  
                       l1556 0EDA                         l1652 0EAC                         l1644 0AE0  
                       l1636 0ABC                         l1628 0A9A                         l1660 0E6E  
                       l1580 0C40                         l1804 07DE                         l1820 0840  
                       l1740 0622                         l1734 0B84                         l1726 0B4A  
                       l1718 0B12                         l1574 0EFE                         l1566 0EF6  
                       l1558 0EEC                         l1654 0EBC                         l1646 0AEE  
                       l1638 0AC4                         l1662 0E7E                         l1590 0C7A  
                       l1582 0C48                         l1670 09D2                         l1822 0850  
                       l1806 07EE                         l1814 080E                         l1750 0638  
                       l1742 0626                         l1736 0B8E                         l1728 0B54  
                       l1568 0EF8                         l1656 0EBE                         l1648 0AF8  
                       l1664 0E94                         l1592 0C82                         l1584 0C50  
                       l1576 0C28                         l1680 0A1C                         l1672 09E2  
                       l1824 085A                         l1816 0820                         l1808 07F4  
                       l1760 0654                         l1752 063A                         l1744 0632  
                       l1690 0D98                         l1658 0E5A                         l1594 0C84  
                       l1586 0C5E                         l1578 0C2E                         l1682 0A2E  
                       l1674 09F0                         l1818 0834                         l1770 0688  
                       l1762 0664                         l1754 063C                         l1746 0634  
                       l1738 061E                         l1692 0D9A                         l1684 0D68  
                       l1596 0C8A                         l1588 0C64                         l1676 09FC  
                       l1668 097E                         l1780 0748                         l1772 068C  
                       l1756 0640                         l1748 0636                         l1694 0D9C  
                       l1686 0D6E                         l1598 0D04                         l1678 0A0C  
                       l1790 0788                         l1782 075A                         l1774 06A8  
                       l1758 064C                         l1696 0DA0                         l1688 0D94  
                       l1792 079A                         l1784 0762                         l1776 0728  
                       l1768 066A                         l1698 0DA4                         l1786 0772  
                       l1794 079E                         l1778 0738                         l1788 0782  
                       l1796 07A2                         l1798 07B4                         _ADFM 7E07  
                       ?_isr 002B                         _ADON 7E10                         STR_1 0610  
                       STR_2 0601                         _T0CS 7EAD                         _PEIE 7F96  
                       _RBPU 7F8F                         _TMR0 0FD6             speed_to_str@ones 003C  
           speed_to_str@tens 003D                         _main 061E                         fsr2h 0FDA  
                       indf2 0FDF                         fsr2l 0FD9                         btemp 0001  
                       start 000E         ??_init_matrix_keypad 002D                 ___param_bank 0000  
             clcd_write@byte 002E                        ??_isr 002B                        _ADCS0 7E00  
                      _ADCS1 7E01                        _ADCS2 7E02                        ?_main 002B  
                      _ACQT0 7E03                        _ACQT1 7E04                        _ACQT2 7E05  
            __end_of___lldiv 0BA6              __end_of___lwdiv 0C9A              __end_of___lwmod 0D68  
                      i2l173 0E0C                        _VCFG0 7E0C                        _VCFG1 7E0D  
                      _PORTB 0F81                        _PORTD 0F83                        _TRISB 0F93  
                      _TRISC 0F94                        _TRISD 0F95                 ?_init_timer0 002B  
        ___lmul@multiplicand 0031            speed_to_str@speed 0039                        _speed 001D  
                      btemp0 0001                        btemp1 0002                        main@i 004D  
                      tablat 0FF5                        status 0FD8              __initialization 0F12  
               __end_of_main 0876                       ??_main 0046                __activetblptr 0001  
                     _ADCON0 0FC2                       _ADCON1 0FC1             read_switches@key 001F  
                     _CANCON 0F6F                       _ADRESH 0FC4                       _ADRESL 0FC3  
                     _T08BIT 7EAE                       _GODONE 7E11                       i2l1542 0DC8  
                     i2l1544 0DD6                       i2l1546 0E04                       i2l1548 0E0A  
                     _RXB0D0 0F66                       _RXB0D1 0F67                       _RXB0D2 0F68  
                     _RXB0D3 0F69                       _RXB0D4 0F6A                       _RXB0D5 0F6B  
                     _RXB0D6 0F6C                       _RXB0D7 0F6D                       _RXB0IF 7D20  
                     _TMR0IE 7F95                       _TMR0IF 7F92                       _TXB0D0 0F46  
                     _TXB0D1 0F47                       _TXB0D2 0F48                       _TXB0D3 0F49  
                     _TMR0ON 7EAF                       _TXB0D4 0F4A                       _TXB0D5 0F4B  
                     _TXB0D6 0F4C                       _TXB0D7 0F4D                       _TRISB2 7C9A  
                     _TRISA5 7C95                       _TRISB3 7C9B                       _TRISD7 7CAF  
                     ___lmul 0C9A                       _canspd 000F                    ??___lldiv 0041  
                  ??___lwdiv 0031                    ??___lwmod 0038             __end_of_init_adc 0F62  
           __end_of_init_can 0E58             __end_of_read_adc 0E9E                       clear_0 0F2A  
                     isa$std 0001             __end_of_scan_key 097E                 __pdataCOMRAM 0050  
               __mediumconst 0600                       tblptrh 0FF7                       tblptrl 0FF6  
                     tblptru 0FF8                 _can_transmit 0D68                   __accesstop 0060  
    __end_of__initialization 0F30                ___rparam_used 0001               __pcstackCOMRAM 002B  
                 _clcd_print 0E9E                   _clcd_write 0ED8                      ?___lmul 002D  
          read_switches@once 0050                      _ECANCON 0F77               ___lmul@product 0035  
                    _CANSTAT 0F6E                      _BRGCON1 0F70                      _BRGCON2 0F71  
                    _BRGCON3 0F72            can_transmit@msgid 002D            can_transmit@speed 002F  
                    _RXB0DLC 0F65                      i2u52_40 0DD6                      i2u52_41 0DD2  
                    _RXB0CON 0F60                      i2u53_40 0E04                      i2u53_41 0E00  
                    _RXB0FUL 7B07                      _TXB0DLC 0F45                      _TXB0REQ 7A03  
                    _RXFCON0 0DD4                _read_switches 0BA6                    ?_init_adc 002B  
                  ?_init_can 002B                    ?_read_adc 002D                    ?_scan_key 002B  
                    __Hparam 0000                      __Lparam 0000                      ___lldiv 0B02  
                    ___lwdiv 0C28                      ___lwmod 0D04                 __psmallconst 0600  
                    _cangear 0020                      __pcinit 0F12                      __ramtop 0600  
                    __ptext0 061E                      __ptext1 097E                      __ptext2 0D04  
                    __ptext3 0C28                      __ptext4 0BA6                      __ptext5 0876  
                    __ptext6 0E58                      __ptext7 0F62                      __ptext8 0F76  
                    __ptext9 0A5C            __end_of_init_clcd 0B02               ?_read_switches 002B  
                    main@col 0048                      main@key 004F                      main@sum 0049  
             __pintcode_body 0DC6         end_of_initialization 0F30                   ??_init_adc 002D  
                 ??_init_can 002D                   ??_read_adc 002F                      int_func 0DC6  
                 ??_scan_key 002D                  ?_clcd_print 002F              ___lldiv@divisor 003D  
                ?_clcd_write 002D              ___lldiv@counter 0045                ?_speed_to_str 0039  
                    postinc0 0FEE                    _PORTBbits 0F81              read_adc@channel 0033  
            read_adc@reg_val 0031               ??_speed_to_str 003C               __end_of___lmul 0D04  
              __pidataCOMRAM 0F88          start_initialization 0F12              ??_read_switches 002D  
                __end_of_isr 0E10                     ??___lmul 0035                  _can_payload 0002  
read_switches@detection_type 002E                ??_init_timer0 002D                  __pbssCOMRAM 0002  
           ___lwdiv@dividend 002D                    __pintcode 0008             can_transmit@gear 0030  
                   ?___lldiv 0039                     ?___lwdiv 002D                     ?___lwmod 0034  
                __smallconst 0600         __end_of_speed_to_str 0A5C             ___lwdiv@quotient 0031  
                  _init_clcd 0A5C          __end_of_init_timer0 0F76                 ??_clcd_print 0031  
 __end_of_init_matrix_keypad 0F88                 ??_clcd_write 002E                     _RXB0EIDH 0F63  
                   _RXB0EIDL 0F64                     _RXB0SIDH 0F61                     _RXB0SIDL 0F62  
                   _RXF0EIDH 0F02                     _RXF0EIDL 0F03                     _RXF0SIDH 0F00  
                   _RXF0SIDL 0F01                     _TXB0EIDH 0F43                     _TXB0EIDL 0F44  
                   _TXB0SIDH 0F41                     _TXB0SIDL 0F42        clcd_write@control_bit 002D  
                  main@msgid 0046                ?_can_transmit 002D           __end_of_clcd_print 0ED8  
         __end_of_clcd_write 0F12                   ?_init_clcd 002B            ___lmul@multiplier 002D  
                   __Hrparam 0000                     __Lrparam 0000                 __Lsmallconst 0600  
             ??_can_transmit 0031                  _init_timer0 0F62              ___lwdiv@divisor 002F  
       speed_to_str@hundreds 003E              ___lwdiv@counter 0033                     __ptext10 0E10  
                   __ptext11 0F42                     __ptext12 0E9E                     __ptext13 0ED8  
                   __ptext14 0D68                     __ptext15 0C9A                     __ptext16 0B02  
                   _init_adc 0F42                     _init_can 0E10                     _read_adc 0E58  
                   _scan_key 0876                     isa$xinst 0000                     int$flags 0001  
                   _pwmcount 0019                  ??_init_clcd 002F        __end_of_read_switches 0C28  
                   intlevel2 0000             ___lwmod@dividend 0034             ___lldiv@dividend 0039  
               _speed_to_str 097E             ___lldiv@quotient 0041              ___lwmod@divisor 0036  
            ___lwmod@counter 0038         __end_of_can_transmit 0DC6  
