

Microchip MPLAB XC8 Assembler V3.10 build 20250813170317 
                                                                                               Mon Jun  8 12:37:18 2026

Microchip MPLAB XC8 C Compiler v3.10 (Free license) build 20250813170317 Og1 
     1                           	processor	18F4580
     2                           	fnconf	rparam,??,?,0
     3                           	pagewidth 120
     4                           	opt	flic
     5                           	psect	idataCOMRAM,global,class=CODE,space=0,delta=1,noexec
     6                           	psect	smallconst,global,reloc=2,class=SMALLCONST,space=0,delta=1,noexec
     7                           	psect	cinit,global,reloc=2,class=CODE,space=0,delta=1
     8                           	psect	bssCOMRAM,global,class=COMRAM,space=1,delta=1,lowdata,noexec
     9                           	psect	dataCOMRAM,global,class=COMRAM,space=1,delta=1,lowdata,noexec
    10                           	psect	bssBANK0,global,class=BANK0,space=1,delta=1,lowdata,noexec
    11                           	psect	cstackCOMRAM,global,class=COMRAM,space=1,delta=1,lowdata,noexec
    12                           	psect	text0,global,reloc=2,class=CODE,space=0,delta=1
    13                           	psect	text1,global,reloc=2,class=CODE,space=0,delta=1
    14                           	psect	text2,global,reloc=2,class=CODE,space=0,delta=1
    15                           	psect	text3,global,reloc=2,class=CODE,space=0,delta=1
    16                           	psect	text4,global,reloc=2,class=CODE,space=0,delta=1,group=1
    17                           	psect	text5,global,reloc=2,class=CODE,space=0,delta=1,group=1
    18                           	psect	text6,global,reloc=2,class=CODE,space=0,delta=1
    19                           	psect	text7,global,reloc=2,class=CODE,space=0,delta=1
    20                           	psect	text8,global,reloc=2,class=CODE,space=0,delta=1
    21                           	psect	text9,global,reloc=2,class=CODE,space=0,delta=1
    22                           	psect	text10,global,reloc=2,class=CODE,space=0,delta=1
    23                           	psect	text11,global,reloc=2,class=CODE,space=0,delta=1
    24                           	psect	text12,global,reloc=2,class=CODE,space=0,delta=1
    25                           	psect	text13,global,reloc=2,class=CODE,space=0,delta=1
    26                           	psect	text14,global,reloc=2,class=CODE,space=0,delta=1
    27                           	psect	intcode,global,reloc=2,class=CODE,space=0,delta=1
    28                           	psect	intcode_body,global,reloc=2,class=CODE,space=0,delta=1
    29                           	psect	intsave_regs,global,class=BIGRAM,space=1,delta=1,noexec
    30                           	psect	rparam,global,class=COMRAM,space=1,delta=1,noexec
    31                           	dabs	1,0x1,1
    32   000000                     
    33                           ; Generated 17/01/2025 GMT
    34                           ; 
    35                           ; Copyright © 2025, Microchip Technology Inc. and its subsidiaries ("Microchip")
    36                           ; All rights reserved.
    37                           ; 
    38                           ; This software is developed by Microchip Technology Inc. and its subsidiaries ("Microch
      +                          ip").
    39                           ; 
    40                           ; Redistribution and use in source and binary forms, with or without modification, are
    41                           ; permitted provided that the following conditions are met:
    42                           ; 
    43                           ;     1. Redistributions of source code must retain the above copyright notice, this lis
      +                          t of
    44                           ;        conditions and the following disclaimer.
    45                           ; 
    46                           ;     2. Redistributions in binary form must reproduce the above copyright notice, this 
      +                          list
    47                           ;        of conditions and the following disclaimer in the documentation and/or other
    48                           ;        materials provided with the distribution. Publication is not required when
    49                           ;        this file is used in an embedded application.
    50                           ; 
    51                           ;     3. Microchip's name may not be used to endorse or promote products derived from th
      +                          is
    52                           ;        software without specific prior written permission.
    53                           ; 
    54                           ; THIS SOFTWARE IS PROVIDED BY MICROCHIP "AS IS" AND ANY EXPRESS OR IMPLIED WARRANTIES,
    55                           ; INCLUDING, BUT NOT LIMITED TO, THE IMPLIED WARRANTIES OF MERCHANTABILITY AND FITNESS F
      +                          OR
    56                           ; PURPOSE ARE DISCLAIMED.  IN NO EVENT SHALL MICROCHIP BE LIABLE FOR ANY DIRECT, INDIREC
      +                          T,
    57                           ; INCIDENTAL, SPECIAL, EXEMPLARY, OR CONSEQUENTIAL DAMAGES (INCLUDING BUT NOT LIMITED TO
    58                           ; PROCUREMENT OF SUBSTITUTE GOODS OR SERVICES; LOSS OF USE, DATA OR PROFITS; OR BUSINESS
    59                           ; INTERRUPTION) HOWSOEVER CAUSED AND ON ANY THEORY OF LIABILITY, WHETHER IN CONTRACT, ST
      +                          RICT
    60                           ; LIABILITY, OR TORT (INCLUDING NEGLIGENCE OR OTHERWISE) ARISING IN ANY WAY OUT OF THE U
      +                          SE OF
    61                           ; THIS SOFTWARE, EVEN IF ADVISED OF THE POSSIBILITY OF SUCH DAMAGE.
    62                           ; 
    63                           ; 
    64                           ; Code-generator required, PIC18F4580 Definitions
    65                           ; 
    66                           ; SFR Addresses
    67   000FE0                     bsr             equ	4064
    68   000FE9                     fsr0            equ	4073
    69   000FEA                     fsr0h           equ	4074
    70   000FE9                     fsr0l           equ	4073
    71   000FE1                     fsr1            equ	4065
    72   000FE2                     fsr1h           equ	4066
    73   000FE1                     fsr1l           equ	4065
    74   000FD9                     fsr2            equ	4057
    75   000FDA                     fsr2h           equ	4058
    76   000FD9                     fsr2l           equ	4057
    77   000FEF                     indf0           equ	4079
    78   000FE7                     indf1           equ	4071
    79   000FDF                     indf2           equ	4063
    80   000FF2                     intcon          equ	4082
    81   000000                     nvmcon          equ	0
    82   000FF9                     pcl             equ	4089
    83   000FFA                     pclath          equ	4090
    84   000FFB                     pclatu          equ	4091
    85   000FEB                     plusw0          equ	4075
    86   000FE3                     plusw1          equ	4067
    87   000FDB                     plusw2          equ	4059
    88   000FED                     postdec0        equ	4077
    89   000FE5                     postdec1        equ	4069
    90   000FDD                     postdec2        equ	4061
    91   000FEE                     postinc0        equ	4078
    92   000FE6                     postinc1        equ	4070
    93   000FDE                     postinc2        equ	4062
    94   000FEC                     preinc0         equ	4076
    95   000FE4                     preinc1         equ	4068
    96   000FDC                     preinc2         equ	4060
    97   000FF3                     prod            equ	4083
    98   000FF4                     prodh           equ	4084
    99   000FF3                     prodl           equ	4083
   100   000FD8                     status          equ	4056
   101   000FF5                     tablat          equ	4085
   102   000FF6                     tblptr          equ	4086
   103   000FF7                     tblptrh         equ	4087
   104   000FF6                     tblptrl         equ	4086
   105   000FF8                     tblptru         equ	4088
   106   000FFD                     tosl            equ	4093
   107   000FE8                     wreg            equ	4072
   108   000D60                     RXF6SIDH        equ	3424	;# 
   109   000D61                     RXF6SIDL        equ	3425	;# 
   110   000D62                     RXF6EIDH        equ	3426	;# 
   111   000D63                     RXF6EIDL        equ	3427	;# 
   112   000D64                     RXF7SIDH        equ	3428	;# 
   113   000D65                     RXF7SIDL        equ	3429	;# 
   114   000D66                     RXF7EIDH        equ	3430	;# 
   115   000D67                     RXF7EIDL        equ	3431	;# 
   116   000D68                     RXF8SIDH        equ	3432	;# 
   117   000D69                     RXF8SIDL        equ	3433	;# 
   118   000D6A                     RXF8EIDH        equ	3434	;# 
   119   000D6B                     RXF8EIDL        equ	3435	;# 
   120   000D70                     RXF9SIDH        equ	3440	;# 
   121   000D71                     RXF9SIDL        equ	3441	;# 
   122   000D72                     RXF9EIDH        equ	3442	;# 
   123   000D73                     RXF9EIDL        equ	3443	;# 
   124   000D74                     RXF10SIDH       equ	3444	;# 
   125   000D75                     RXF10SIDL       equ	3445	;# 
   126   000D76                     RXF10EIDH       equ	3446	;# 
   127   000D77                     RXF10EIDL       equ	3447	;# 
   128   000D78                     RXF11SIDH       equ	3448	;# 
   129   000D79                     RXF11SIDL       equ	3449	;# 
   130   000D7A                     RXF11EIDH       equ	3450	;# 
   131   000D7B                     RXF11EIDL       equ	3451	;# 
   132   000D80                     RXF12SIDH       equ	3456	;# 
   133   000D81                     RXF12SIDL       equ	3457	;# 
   134   000D82                     RXF12EIDH       equ	3458	;# 
   135   000D83                     RXF12EIDL       equ	3459	;# 
   136   000D84                     RXF13SIDH       equ	3460	;# 
   137   000D85                     RXF13SIDL       equ	3461	;# 
   138   000D86                     RXF13EIDH       equ	3462	;# 
   139   000D87                     RXF13EIDL       equ	3463	;# 
   140   000D88                     RXF14SIDH       equ	3464	;# 
   141   000D89                     RXF14SIDL       equ	3465	;# 
   142   000D8A                     RXF14EIDH       equ	3466	;# 
   143   000D8B                     RXF14EIDL       equ	3467	;# 
   144   000D90                     RXF15SIDH       equ	3472	;# 
   145   000D91                     RXF15SIDL       equ	3473	;# 
   146   000D92                     RXF15EIDH       equ	3474	;# 
   147   000D93                     RXF15EIDL       equ	3475	;# 
   148   000DD4                     RXFCON0         equ	3540	;# 
   149   000DD5                     RXFCON1         equ	3541	;# 
   150   000DD8                     SDFLC           equ	3544	;# 
   151   000DE0                     RXFBCON0        equ	3552	;# 
   152   000DE1                     RXFBCON1        equ	3553	;# 
   153   000DE2                     RXFBCON2        equ	3554	;# 
   154   000DE3                     RXFBCON3        equ	3555	;# 
   155   000DE4                     RXFBCON4        equ	3556	;# 
   156   000DE5                     RXFBCON5        equ	3557	;# 
   157   000DE6                     RXFBCON6        equ	3558	;# 
   158   000DE7                     RXFBCON7        equ	3559	;# 
   159   000DF0                     MSEL0           equ	3568	;# 
   160   000DF1                     MSEL1           equ	3569	;# 
   161   000DF2                     MSEL2           equ	3570	;# 
   162   000DF3                     MSEL3           equ	3571	;# 
   163   000DF8                     BSEL0           equ	3576	;# 
   164   000DFA                     BIE0            equ	3578	;# 
   165   000DFC                     TXBIE           equ	3580	;# 
   166   000E20                     B0CON           equ	3616	;# 
   167   000E21                     B0SIDH          equ	3617	;# 
   168   000E22                     B0SIDL          equ	3618	;# 
   169   000E23                     B0EIDH          equ	3619	;# 
   170   000E24                     B0EIDL          equ	3620	;# 
   171   000E25                     B0DLC           equ	3621	;# 
   172   000E26                     B0D0            equ	3622	;# 
   173   000E27                     B0D1            equ	3623	;# 
   174   000E28                     B0D2            equ	3624	;# 
   175   000E29                     B0D3            equ	3625	;# 
   176   000E2A                     B0D4            equ	3626	;# 
   177   000E2B                     B0D5            equ	3627	;# 
   178   000E2C                     B0D6            equ	3628	;# 
   179   000E2D                     B0D7            equ	3629	;# 
   180   000E2E                     CANSTAT_RO9     equ	3630	;# 
   181   000E2F                     CANCON_RO9      equ	3631	;# 
   182   000E30                     B1CON           equ	3632	;# 
   183   000E31                     B1SIDH          equ	3633	;# 
   184   000E32                     B1SIDL          equ	3634	;# 
   185   000E33                     B1EIDH          equ	3635	;# 
   186   000E34                     B1EIDL          equ	3636	;# 
   187   000E35                     B1DLC           equ	3637	;# 
   188   000E36                     B1D0            equ	3638	;# 
   189   000E37                     B1D1            equ	3639	;# 
   190   000E38                     B1D2            equ	3640	;# 
   191   000E39                     B1D3            equ	3641	;# 
   192   000E3A                     B1D4            equ	3642	;# 
   193   000E3B                     B1D5            equ	3643	;# 
   194   000E3C                     B1D6            equ	3644	;# 
   195   000E3D                     B1D7            equ	3645	;# 
   196   000E3E                     CANSTAT_RO8     equ	3646	;# 
   197   000E3F                     CANCON_RO8      equ	3647	;# 
   198   000E40                     B2CON           equ	3648	;# 
   199   000E41                     B2SIDH          equ	3649	;# 
   200   000E42                     B2SIDL          equ	3650	;# 
   201   000E43                     B2EIDH          equ	3651	;# 
   202   000E44                     B2EIDL          equ	3652	;# 
   203   000E45                     B2DLC           equ	3653	;# 
   204   000E46                     B2D0            equ	3654	;# 
   205   000E47                     B2D1            equ	3655	;# 
   206   000E48                     B2D2            equ	3656	;# 
   207   000E49                     B2D3            equ	3657	;# 
   208   000E4A                     B2D4            equ	3658	;# 
   209   000E4B                     B2D5            equ	3659	;# 
   210   000E4C                     B2D6            equ	3660	;# 
   211   000E4D                     B2D7            equ	3661	;# 
   212   000E4E                     CANSTAT_RO7     equ	3662	;# 
   213   000E4F                     CANCON_RO7      equ	3663	;# 
   214   000E50                     B3CON           equ	3664	;# 
   215   000E51                     B3SIDH          equ	3665	;# 
   216   000E52                     B3SIDL          equ	3666	;# 
   217   000E53                     B3EIDH          equ	3667	;# 
   218   000E54                     B3EIDL          equ	3668	;# 
   219   000E55                     B3DLC           equ	3669	;# 
   220   000E56                     B3D0            equ	3670	;# 
   221   000E57                     B3D1            equ	3671	;# 
   222   000E58                     B3D2            equ	3672	;# 
   223   000E59                     B3D3            equ	3673	;# 
   224   000E5A                     B3D4            equ	3674	;# 
   225   000E5B                     B3D5            equ	3675	;# 
   226   000E5C                     B3D6            equ	3676	;# 
   227   000E5D                     B3D7            equ	3677	;# 
   228   000E5E                     CANSTAT_RO6     equ	3678	;# 
   229   000E5F                     CANCON_RO6      equ	3679	;# 
   230   000E60                     B4CON           equ	3680	;# 
   231   000E61                     B4SIDH          equ	3681	;# 
   232   000E62                     B4SIDL          equ	3682	;# 
   233   000E63                     B4EIDH          equ	3683	;# 
   234   000E64                     B4EIDL          equ	3684	;# 
   235   000E65                     B4DLC           equ	3685	;# 
   236   000E66                     B4D0            equ	3686	;# 
   237   000E67                     B4D1            equ	3687	;# 
   238   000E68                     B4D2            equ	3688	;# 
   239   000E69                     B4D3            equ	3689	;# 
   240   000E6A                     B4D4            equ	3690	;# 
   241   000E6B                     B4D5            equ	3691	;# 
   242   000E6C                     B4D6            equ	3692	;# 
   243   000E6D                     B4D7            equ	3693	;# 
   244   000E6E                     CANSTAT_RO5     equ	3694	;# 
   245   000E6F                     CANCON_RO5      equ	3695	;# 
   246   000E70                     B5CON           equ	3696	;# 
   247   000E71                     B5SIDH          equ	3697	;# 
   248   000E72                     B5SIDL          equ	3698	;# 
   249   000E73                     B5EIDH          equ	3699	;# 
   250   000E74                     B5EIDL          equ	3700	;# 
   251   000E75                     B5DLC           equ	3701	;# 
   252   000E76                     B5D0            equ	3702	;# 
   253   000E77                     B5D1            equ	3703	;# 
   254   000E78                     B5D2            equ	3704	;# 
   255   000E79                     B5D3            equ	3705	;# 
   256   000E7A                     B5D4            equ	3706	;# 
   257   000E7B                     B5D5            equ	3707	;# 
   258   000E7C                     B5D6            equ	3708	;# 
   259   000E7D                     B5D7            equ	3709	;# 
   260   000E7E                     CANSTAT_RO4     equ	3710	;# 
   261   000E7F                     CANCON_RO4      equ	3711	;# 
   262   000F00                     RXF0SIDH        equ	3840	;# 
   263   000F01                     RXF0SIDL        equ	3841	;# 
   264   000F02                     RXF0EIDH        equ	3842	;# 
   265   000F03                     RXF0EIDL        equ	3843	;# 
   266   000F04                     RXF1SIDH        equ	3844	;# 
   267   000F05                     RXF1SIDL        equ	3845	;# 
   268   000F06                     RXF1EIDH        equ	3846	;# 
   269   000F07                     RXF1EIDL        equ	3847	;# 
   270   000F08                     RXF2SIDH        equ	3848	;# 
   271   000F09                     RXF2SIDL        equ	3849	;# 
   272   000F0A                     RXF2EIDH        equ	3850	;# 
   273   000F0B                     RXF2EIDL        equ	3851	;# 
   274   000F0C                     RXF3SIDH        equ	3852	;# 
   275   000F0D                     RXF3SIDL        equ	3853	;# 
   276   000F0E                     RXF3EIDH        equ	3854	;# 
   277   000F0F                     RXF3EIDL        equ	3855	;# 
   278   000F10                     RXF4SIDH        equ	3856	;# 
   279   000F11                     RXF4SIDL        equ	3857	;# 
   280   000F12                     RXF4EIDH        equ	3858	;# 
   281   000F13                     RXF4EIDL        equ	3859	;# 
   282   000F14                     RXF5SIDH        equ	3860	;# 
   283   000F15                     RXF5SIDL        equ	3861	;# 
   284   000F16                     RXF5EIDH        equ	3862	;# 
   285   000F17                     RXF5EIDL        equ	3863	;# 
   286   000F18                     RXM0SIDH        equ	3864	;# 
   287   000F19                     RXM0SIDL        equ	3865	;# 
   288   000F1A                     RXM0EIDH        equ	3866	;# 
   289   000F1B                     RXM0EIDL        equ	3867	;# 
   290   000F1C                     RXM1SIDH        equ	3868	;# 
   291   000F1D                     RXM1SIDL        equ	3869	;# 
   292   000F1E                     RXM1EIDH        equ	3870	;# 
   293   000F1F                     RXM1EIDL        equ	3871	;# 
   294   000F20                     TXB2CON         equ	3872	;# 
   295   000F21                     TXB2SIDH        equ	3873	;# 
   296   000F22                     TXB2SIDL        equ	3874	;# 
   297   000F23                     TXB2EIDH        equ	3875	;# 
   298   000F24                     TXB2EIDL        equ	3876	;# 
   299   000F25                     TXB2DLC         equ	3877	;# 
   300   000F26                     TXB2D0          equ	3878	;# 
   301   000F27                     TXB2D1          equ	3879	;# 
   302   000F28                     TXB2D2          equ	3880	;# 
   303   000F29                     TXB2D3          equ	3881	;# 
   304   000F2A                     TXB2D4          equ	3882	;# 
   305   000F2B                     TXB2D5          equ	3883	;# 
   306   000F2C                     TXB2D6          equ	3884	;# 
   307   000F2D                     TXB2D7          equ	3885	;# 
   308   000F2E                     CANSTAT_RO3     equ	3886	;# 
   309   000F2F                     CANCON_RO3      equ	3887	;# 
   310   000F30                     TXB1CON         equ	3888	;# 
   311   000F31                     TXB1SIDH        equ	3889	;# 
   312   000F32                     TXB1SIDL        equ	3890	;# 
   313   000F33                     TXB1EIDH        equ	3891	;# 
   314   000F34                     TXB1EIDL        equ	3892	;# 
   315   000F35                     TXB1DLC         equ	3893	;# 
   316   000F36                     TXB1D0          equ	3894	;# 
   317   000F37                     TXB1D1          equ	3895	;# 
   318   000F38                     TXB1D2          equ	3896	;# 
   319   000F39                     TXB1D3          equ	3897	;# 
   320   000F3A                     TXB1D4          equ	3898	;# 
   321   000F3B                     TXB1D5          equ	3899	;# 
   322   000F3C                     TXB1D6          equ	3900	;# 
   323   000F3D                     TXB1D7          equ	3901	;# 
   324   000F3E                     CANSTAT_RO2     equ	3902	;# 
   325   000F3F                     CANCON_RO2      equ	3903	;# 
   326   000F40                     TXB0CON         equ	3904	;# 
   327   000F41                     TXB0SIDH        equ	3905	;# 
   328   000F42                     TXB0SIDL        equ	3906	;# 
   329   000F43                     TXB0EIDH        equ	3907	;# 
   330   000F44                     TXB0EIDL        equ	3908	;# 
   331   000F45                     TXB0DLC         equ	3909	;# 
   332   000F46                     TXB0D0          equ	3910	;# 
   333   000F47                     TXB0D1          equ	3911	;# 
   334   000F48                     TXB0D2          equ	3912	;# 
   335   000F49                     TXB0D3          equ	3913	;# 
   336   000F4A                     TXB0D4          equ	3914	;# 
   337   000F4B                     TXB0D5          equ	3915	;# 
   338   000F4C                     TXB0D6          equ	3916	;# 
   339   000F4D                     TXB0D7          equ	3917	;# 
   340   000F4E                     CANSTAT_RO1     equ	3918	;# 
   341   000F4F                     CANCON_RO1      equ	3919	;# 
   342   000F50                     RXB1CON         equ	3920	;# 
   343   000F51                     RXB1SIDH        equ	3921	;# 
   344   000F52                     RXB1SIDL        equ	3922	;# 
   345   000F53                     RXB1EIDH        equ	3923	;# 
   346   000F54                     RXB1EIDL        equ	3924	;# 
   347   000F55                     RXB1DLC         equ	3925	;# 
   348   000F56                     RXB1D0          equ	3926	;# 
   349   000F57                     RXB1D1          equ	3927	;# 
   350   000F58                     RXB1D2          equ	3928	;# 
   351   000F59                     RXB1D3          equ	3929	;# 
   352   000F5A                     RXB1D4          equ	3930	;# 
   353   000F5B                     RXB1D5          equ	3931	;# 
   354   000F5C                     RXB1D6          equ	3932	;# 
   355   000F5D                     RXB1D7          equ	3933	;# 
   356   000F5E                     CANSTAT_RO0     equ	3934	;# 
   357   000F5F                     CANCON_RO0      equ	3935	;# 
   358   000F60                     RXB0CON         equ	3936	;# 
   359   000F61                     RXB0SIDH        equ	3937	;# 
   360   000F62                     RXB0SIDL        equ	3938	;# 
   361   000F63                     RXB0EIDH        equ	3939	;# 
   362   000F64                     RXB0EIDL        equ	3940	;# 
   363   000F65                     RXB0DLC         equ	3941	;# 
   364   000F66                     RXB0D0          equ	3942	;# 
   365   000F67                     RXB0D1          equ	3943	;# 
   366   000F68                     RXB0D2          equ	3944	;# 
   367   000F69                     RXB0D3          equ	3945	;# 
   368   000F6A                     RXB0D4          equ	3946	;# 
   369   000F6B                     RXB0D5          equ	3947	;# 
   370   000F6C                     RXB0D6          equ	3948	;# 
   371   000F6D                     RXB0D7          equ	3949	;# 
   372   000F6E                     CANSTAT         equ	3950	;# 
   373   000F6F                     CANCON          equ	3951	;# 
   374   000F70                     BRGCON1         equ	3952	;# 
   375   000F71                     BRGCON2         equ	3953	;# 
   376   000F72                     BRGCON3         equ	3954	;# 
   377   000F73                     CIOCON          equ	3955	;# 
   378   000F74                     COMSTAT         equ	3956	;# 
   379   000F75                     RXERRCNT        equ	3957	;# 
   380   000F76                     TXERRCNT        equ	3958	;# 
   381   000F77                     ECANCON         equ	3959	;# 
   382   000F80                     PORTA           equ	3968	;# 
   383   000F81                     PORTB           equ	3969	;# 
   384   000F82                     PORTC           equ	3970	;# 
   385   000F83                     PORTD           equ	3971	;# 
   386   000F84                     PORTE           equ	3972	;# 
   387   000F89                     LATA            equ	3977	;# 
   388   000F8A                     LATB            equ	3978	;# 
   389   000F8B                     LATC            equ	3979	;# 
   390   000F8C                     LATD            equ	3980	;# 
   391   000F8D                     LATE            equ	3981	;# 
   392   000F92                     TRISA           equ	3986	;# 
   393   000F92                     DDRA            equ	3986	;# 
   394   000F93                     TRISB           equ	3987	;# 
   395   000F93                     DDRB            equ	3987	;# 
   396   000F94                     TRISC           equ	3988	;# 
   397   000F94                     DDRC            equ	3988	;# 
   398   000F95                     TRISD           equ	3989	;# 
   399   000F95                     DDRD            equ	3989	;# 
   400   000F96                     TRISE           equ	3990	;# 
   401   000F96                     DDRE            equ	3990	;# 
   402   000F9B                     OSCTUNE         equ	3995	;# 
   403   000F9D                     PIE1            equ	3997	;# 
   404   000F9E                     PIR1            equ	3998	;# 
   405   000F9F                     IPR1            equ	3999	;# 
   406   000FA0                     PIE2            equ	4000	;# 
   407   000FA1                     PIR2            equ	4001	;# 
   408   000FA2                     IPR2            equ	4002	;# 
   409   000FA3                     PIE3            equ	4003	;# 
   410   000FA4                     PIR3            equ	4004	;# 
   411   000FA5                     IPR3            equ	4005	;# 
   412   000FA6                     EECON1          equ	4006	;# 
   413   000FA7                     EECON2          equ	4007	;# 
   414   000FA8                     EEDATA          equ	4008	;# 
   415   000FA9                     EEADR           equ	4009	;# 
   416   000FAB                     RCSTA           equ	4011	;# 
   417   000FAB                     RCSTA1          equ	4011	;# 
   418   000FAC                     TXSTA           equ	4012	;# 
   419   000FAC                     TXSTA1          equ	4012	;# 
   420   000FAD                     TXREG           equ	4013	;# 
   421   000FAD                     TXREG1          equ	4013	;# 
   422   000FAE                     RCREG           equ	4014	;# 
   423   000FAE                     RCREG1          equ	4014	;# 
   424   000FAF                     SPBRG           equ	4015	;# 
   425   000FAF                     SPBRG1          equ	4015	;# 
   426   000FB0                     SPBRGH          equ	4016	;# 
   427   000FB1                     T3CON           equ	4017	;# 
   428   000FB2                     TMR3            equ	4018	;# 
   429   000FB2                     TMR3L           equ	4018	;# 
   430   000FB3                     TMR3H           equ	4019	;# 
   431   000FB4                     CMCON           equ	4020	;# 
   432   000FB5                     CVRCON          equ	4021	;# 
   433   000FB6                     ECCP1AS         equ	4022	;# 
   434   000FB7                     ECCP1DEL        equ	4023	;# 
   435   000FB8                     BAUDCON         equ	4024	;# 
   436   000FB8                     BAUDCTL         equ	4024	;# 
   437   000FBA                     ECCP1CON        equ	4026	;# 
   438   000FBB                     ECCPR1          equ	4027	;# 
   439   000FBB                     ECCPR1L         equ	4027	;# 
   440   000FBC                     ECCPR1H         equ	4028	;# 
   441   000FBD                     CCP1CON         equ	4029	;# 
   442   000FBE                     CCPR1           equ	4030	;# 
   443   000FBE                     CCPR1L          equ	4030	;# 
   444   000FBF                     CCPR1H          equ	4031	;# 
   445   000FC0                     ADCON2          equ	4032	;# 
   446   000FC1                     ADCON1          equ	4033	;# 
   447   000FC2                     ADCON0          equ	4034	;# 
   448   000FC3                     ADRES           equ	4035	;# 
   449   000FC3                     ADRESL          equ	4035	;# 
   450   000FC4                     ADRESH          equ	4036	;# 
   451   000FC5                     SSPCON2         equ	4037	;# 
   452   000FC6                     SSPCON1         equ	4038	;# 
   453   000FC7                     SSPSTAT         equ	4039	;# 
   454   000FC8                     SSPADD          equ	4040	;# 
   455   000FC9                     SSPBUF          equ	4041	;# 
   456   000FCA                     T2CON           equ	4042	;# 
   457   000FCB                     PR2             equ	4043	;# 
   458   000FCB                     MEMCON          equ	4043	;# 
   459   000FCC                     TMR2            equ	4044	;# 
   460   000FCD                     T1CON           equ	4045	;# 
   461   000FCE                     TMR1            equ	4046	;# 
   462   000FCE                     TMR1L           equ	4046	;# 
   463   000FCF                     TMR1H           equ	4047	;# 
   464   000FD0                     RCON            equ	4048	;# 
   465   000FD1                     WDTCON          equ	4049	;# 
   466   000FD2                     HLVDCON         equ	4050	;# 
   467   000FD2                     LVDCON          equ	4050	;# 
   468   000FD3                     OSCCON          equ	4051	;# 
   469   000FD5                     T0CON           equ	4053	;# 
   470   000FD6                     TMR0            equ	4054	;# 
   471   000FD6                     TMR0L           equ	4054	;# 
   472   000FD7                     TMR0H           equ	4055	;# 
   473   000FD8                     STATUS          equ	4056	;# 
   474   000FD9                     FSR2            equ	4057	;# 
   475   000FD9                     FSR2L           equ	4057	;# 
   476   000FDA                     FSR2H           equ	4058	;# 
   477   000FDB                     PLUSW2          equ	4059	;# 
   478   000FDC                     PREINC2         equ	4060	;# 
   479   000FDD                     POSTDEC2        equ	4061	;# 
   480   000FDE                     POSTINC2        equ	4062	;# 
   481   000FDF                     INDF2           equ	4063	;# 
   482   000FE0                     BSR             equ	4064	;# 
   483   000FE1                     FSR1            equ	4065	;# 
   484   000FE1                     FSR1L           equ	4065	;# 
   485   000FE2                     FSR1H           equ	4066	;# 
   486   000FE3                     PLUSW1          equ	4067	;# 
   487   000FE4                     PREINC1         equ	4068	;# 
   488   000FE5                     POSTDEC1        equ	4069	;# 
   489   000FE6                     POSTINC1        equ	4070	;# 
   490   000FE7                     INDF1           equ	4071	;# 
   491   000FE8                     WREG            equ	4072	;# 
   492   000FE9                     FSR0            equ	4073	;# 
   493   000FE9                     FSR0L           equ	4073	;# 
   494   000FEA                     FSR0H           equ	4074	;# 
   495   000FEB                     PLUSW0          equ	4075	;# 
   496   000FEC                     PREINC0         equ	4076	;# 
   497   000FED                     POSTDEC0        equ	4077	;# 
   498   000FEE                     POSTINC0        equ	4078	;# 
   499   000FEF                     INDF0           equ	4079	;# 
   500   000FF0                     INTCON3         equ	4080	;# 
   501   000FF1                     INTCON2         equ	4081	;# 
   502   000FF2                     INTCON          equ	4082	;# 
   503   000FF3                     PROD            equ	4083	;# 
   504   000FF3                     PRODL           equ	4083	;# 
   505   000FF4                     PRODH           equ	4084	;# 
   506   000FF5                     TABLAT          equ	4085	;# 
   507   000FF6                     TBLPTR          equ	4086	;# 
   508   000FF6                     TBLPTRL         equ	4086	;# 
   509   000FF7                     TBLPTRH         equ	4087	;# 
   510   000FF8                     TBLPTRU         equ	4088	;# 
   511   000FF9                     PCLAT           equ	4089	;# 
   512   000FF9                     PC              equ	4089	;# 
   513   000FF9                     PCL             equ	4089	;# 
   514   000FFA                     PCLATH          equ	4090	;# 
   515   000FFB                     PCLATU          equ	4091	;# 
   516   000FFC                     STKPTR          equ	4092	;# 
   517   000FFD                     TOS             equ	4093	;# 
   518   000FFD                     TOSL            equ	4093	;# 
   519   000FFE                     TOSH            equ	4094	;# 
   520   000FFF                     TOSU            equ	4095	;# 
   521   000D60                     RXF6SIDH        equ	3424	;# 
   522   000D61                     RXF6SIDL        equ	3425	;# 
   523   000D62                     RXF6EIDH        equ	3426	;# 
   524   000D63                     RXF6EIDL        equ	3427	;# 
   525   000D64                     RXF7SIDH        equ	3428	;# 
   526   000D65                     RXF7SIDL        equ	3429	;# 
   527   000D66                     RXF7EIDH        equ	3430	;# 
   528   000D67                     RXF7EIDL        equ	3431	;# 
   529   000D68                     RXF8SIDH        equ	3432	;# 
   530   000D69                     RXF8SIDL        equ	3433	;# 
   531   000D6A                     RXF8EIDH        equ	3434	;# 
   532   000D6B                     RXF8EIDL        equ	3435	;# 
   533   000D70                     RXF9SIDH        equ	3440	;# 
   534   000D71                     RXF9SIDL        equ	3441	;# 
   535   000D72                     RXF9EIDH        equ	3442	;# 
   536   000D73                     RXF9EIDL        equ	3443	;# 
   537   000D74                     RXF10SIDH       equ	3444	;# 
   538   000D75                     RXF10SIDL       equ	3445	;# 
   539   000D76                     RXF10EIDH       equ	3446	;# 
   540   000D77                     RXF10EIDL       equ	3447	;# 
   541   000D78                     RXF11SIDH       equ	3448	;# 
   542   000D79                     RXF11SIDL       equ	3449	;# 
   543   000D7A                     RXF11EIDH       equ	3450	;# 
   544   000D7B                     RXF11EIDL       equ	3451	;# 
   545   000D80                     RXF12SIDH       equ	3456	;# 
   546   000D81                     RXF12SIDL       equ	3457	;# 
   547   000D82                     RXF12EIDH       equ	3458	;# 
   548   000D83                     RXF12EIDL       equ	3459	;# 
   549   000D84                     RXF13SIDH       equ	3460	;# 
   550   000D85                     RXF13SIDL       equ	3461	;# 
   551   000D86                     RXF13EIDH       equ	3462	;# 
   552   000D87                     RXF13EIDL       equ	3463	;# 
   553   000D88                     RXF14SIDH       equ	3464	;# 
   554   000D89                     RXF14SIDL       equ	3465	;# 
   555   000D8A                     RXF14EIDH       equ	3466	;# 
   556   000D8B                     RXF14EIDL       equ	3467	;# 
   557   000D90                     RXF15SIDH       equ	3472	;# 
   558   000D91                     RXF15SIDL       equ	3473	;# 
   559   000D92                     RXF15EIDH       equ	3474	;# 
   560   000D93                     RXF15EIDL       equ	3475	;# 
   561   000DD4                     RXFCON0         equ	3540	;# 
   562   000DD5                     RXFCON1         equ	3541	;# 
   563   000DD8                     SDFLC           equ	3544	;# 
   564   000DE0                     RXFBCON0        equ	3552	;# 
   565   000DE1                     RXFBCON1        equ	3553	;# 
   566   000DE2                     RXFBCON2        equ	3554	;# 
   567   000DE3                     RXFBCON3        equ	3555	;# 
   568   000DE4                     RXFBCON4        equ	3556	;# 
   569   000DE5                     RXFBCON5        equ	3557	;# 
   570   000DE6                     RXFBCON6        equ	3558	;# 
   571   000DE7                     RXFBCON7        equ	3559	;# 
   572   000DF0                     MSEL0           equ	3568	;# 
   573   000DF1                     MSEL1           equ	3569	;# 
   574   000DF2                     MSEL2           equ	3570	;# 
   575   000DF3                     MSEL3           equ	3571	;# 
   576   000DF8                     BSEL0           equ	3576	;# 
   577   000DFA                     BIE0            equ	3578	;# 
   578   000DFC                     TXBIE           equ	3580	;# 
   579   000E20                     B0CON           equ	3616	;# 
   580   000E21                     B0SIDH          equ	3617	;# 
   581   000E22                     B0SIDL          equ	3618	;# 
   582   000E23                     B0EIDH          equ	3619	;# 
   583   000E24                     B0EIDL          equ	3620	;# 
   584   000E25                     B0DLC           equ	3621	;# 
   585   000E26                     B0D0            equ	3622	;# 
   586   000E27                     B0D1            equ	3623	;# 
   587   000E28                     B0D2            equ	3624	;# 
   588   000E29                     B0D3            equ	3625	;# 
   589   000E2A                     B0D4            equ	3626	;# 
   590   000E2B                     B0D5            equ	3627	;# 
   591   000E2C                     B0D6            equ	3628	;# 
   592   000E2D                     B0D7            equ	3629	;# 
   593   000E2E                     CANSTAT_RO9     equ	3630	;# 
   594   000E2F                     CANCON_RO9      equ	3631	;# 
   595   000E30                     B1CON           equ	3632	;# 
   596   000E31                     B1SIDH          equ	3633	;# 
   597   000E32                     B1SIDL          equ	3634	;# 
   598   000E33                     B1EIDH          equ	3635	;# 
   599   000E34                     B1EIDL          equ	3636	;# 
   600   000E35                     B1DLC           equ	3637	;# 
   601   000E36                     B1D0            equ	3638	;# 
   602   000E37                     B1D1            equ	3639	;# 
   603   000E38                     B1D2            equ	3640	;# 
   604   000E39                     B1D3            equ	3641	;# 
   605   000E3A                     B1D4            equ	3642	;# 
   606   000E3B                     B1D5            equ	3643	;# 
   607   000E3C                     B1D6            equ	3644	;# 
   608   000E3D                     B1D7            equ	3645	;# 
   609   000E3E                     CANSTAT_RO8     equ	3646	;# 
   610   000E3F                     CANCON_RO8      equ	3647	;# 
   611   000E40                     B2CON           equ	3648	;# 
   612   000E41                     B2SIDH          equ	3649	;# 
   613   000E42                     B2SIDL          equ	3650	;# 
   614   000E43                     B2EIDH          equ	3651	;# 
   615   000E44                     B2EIDL          equ	3652	;# 
   616   000E45                     B2DLC           equ	3653	;# 
   617   000E46                     B2D0            equ	3654	;# 
   618   000E47                     B2D1            equ	3655	;# 
   619   000E48                     B2D2            equ	3656	;# 
   620   000E49                     B2D3            equ	3657	;# 
   621   000E4A                     B2D4            equ	3658	;# 
   622   000E4B                     B2D5            equ	3659	;# 
   623   000E4C                     B2D6            equ	3660	;# 
   624   000E4D                     B2D7            equ	3661	;# 
   625   000E4E                     CANSTAT_RO7     equ	3662	;# 
   626   000E4F                     CANCON_RO7      equ	3663	;# 
   627   000E50                     B3CON           equ	3664	;# 
   628   000E51                     B3SIDH          equ	3665	;# 
   629   000E52                     B3SIDL          equ	3666	;# 
   630   000E53                     B3EIDH          equ	3667	;# 
   631   000E54                     B3EIDL          equ	3668	;# 
   632   000E55                     B3DLC           equ	3669	;# 
   633   000E56                     B3D0            equ	3670	;# 
   634   000E57                     B3D1            equ	3671	;# 
   635   000E58                     B3D2            equ	3672	;# 
   636   000E59                     B3D3            equ	3673	;# 
   637   000E5A                     B3D4            equ	3674	;# 
   638   000E5B                     B3D5            equ	3675	;# 
   639   000E5C                     B3D6            equ	3676	;# 
   640   000E5D                     B3D7            equ	3677	;# 
   641   000E5E                     CANSTAT_RO6     equ	3678	;# 
   642   000E5F                     CANCON_RO6      equ	3679	;# 
   643   000E60                     B4CON           equ	3680	;# 
   644   000E61                     B4SIDH          equ	3681	;# 
   645   000E62                     B4SIDL          equ	3682	;# 
   646   000E63                     B4EIDH          equ	3683	;# 
   647   000E64                     B4EIDL          equ	3684	;# 
   648   000E65                     B4DLC           equ	3685	;# 
   649   000E66                     B4D0            equ	3686	;# 
   650   000E67                     B4D1            equ	3687	;# 
   651   000E68                     B4D2            equ	3688	;# 
   652   000E69                     B4D3            equ	3689	;# 
   653   000E6A                     B4D4            equ	3690	;# 
   654   000E6B                     B4D5            equ	3691	;# 
   655   000E6C                     B4D6            equ	3692	;# 
   656   000E6D                     B4D7            equ	3693	;# 
   657   000E6E                     CANSTAT_RO5     equ	3694	;# 
   658   000E6F                     CANCON_RO5      equ	3695	;# 
   659   000E70                     B5CON           equ	3696	;# 
   660   000E71                     B5SIDH          equ	3697	;# 
   661   000E72                     B5SIDL          equ	3698	;# 
   662   000E73                     B5EIDH          equ	3699	;# 
   663   000E74                     B5EIDL          equ	3700	;# 
   664   000E75                     B5DLC           equ	3701	;# 
   665   000E76                     B5D0            equ	3702	;# 
   666   000E77                     B5D1            equ	3703	;# 
   667   000E78                     B5D2            equ	3704	;# 
   668   000E79                     B5D3            equ	3705	;# 
   669   000E7A                     B5D4            equ	3706	;# 
   670   000E7B                     B5D5            equ	3707	;# 
   671   000E7C                     B5D6            equ	3708	;# 
   672   000E7D                     B5D7            equ	3709	;# 
   673   000E7E                     CANSTAT_RO4     equ	3710	;# 
   674   000E7F                     CANCON_RO4      equ	3711	;# 
   675   000F00                     RXF0SIDH        equ	3840	;# 
   676   000F01                     RXF0SIDL        equ	3841	;# 
   677   000F02                     RXF0EIDH        equ	3842	;# 
   678   000F03                     RXF0EIDL        equ	3843	;# 
   679   000F04                     RXF1SIDH        equ	3844	;# 
   680   000F05                     RXF1SIDL        equ	3845	;# 
   681   000F06                     RXF1EIDH        equ	3846	;# 
   682   000F07                     RXF1EIDL        equ	3847	;# 
   683   000F08                     RXF2SIDH        equ	3848	;# 
   684   000F09                     RXF2SIDL        equ	3849	;# 
   685   000F0A                     RXF2EIDH        equ	3850	;# 
   686   000F0B                     RXF2EIDL        equ	3851	;# 
   687   000F0C                     RXF3SIDH        equ	3852	;# 
   688   000F0D                     RXF3SIDL        equ	3853	;# 
   689   000F0E                     RXF3EIDH        equ	3854	;# 
   690   000F0F                     RXF3EIDL        equ	3855	;# 
   691   000F10                     RXF4SIDH        equ	3856	;# 
   692   000F11                     RXF4SIDL        equ	3857	;# 
   693   000F12                     RXF4EIDH        equ	3858	;# 
   694   000F13                     RXF4EIDL        equ	3859	;# 
   695   000F14                     RXF5SIDH        equ	3860	;# 
   696   000F15                     RXF5SIDL        equ	3861	;# 
   697   000F16                     RXF5EIDH        equ	3862	;# 
   698   000F17                     RXF5EIDL        equ	3863	;# 
   699   000F18                     RXM0SIDH        equ	3864	;# 
   700   000F19                     RXM0SIDL        equ	3865	;# 
   701   000F1A                     RXM0EIDH        equ	3866	;# 
   702   000F1B                     RXM0EIDL        equ	3867	;# 
   703   000F1C                     RXM1SIDH        equ	3868	;# 
   704   000F1D                     RXM1SIDL        equ	3869	;# 
   705   000F1E                     RXM1EIDH        equ	3870	;# 
   706   000F1F                     RXM1EIDL        equ	3871	;# 
   707   000F20                     TXB2CON         equ	3872	;# 
   708   000F21                     TXB2SIDH        equ	3873	;# 
   709   000F22                     TXB2SIDL        equ	3874	;# 
   710   000F23                     TXB2EIDH        equ	3875	;# 
   711   000F24                     TXB2EIDL        equ	3876	;# 
   712   000F25                     TXB2DLC         equ	3877	;# 
   713   000F26                     TXB2D0          equ	3878	;# 
   714   000F27                     TXB2D1          equ	3879	;# 
   715   000F28                     TXB2D2          equ	3880	;# 
   716   000F29                     TXB2D3          equ	3881	;# 
   717   000F2A                     TXB2D4          equ	3882	;# 
   718   000F2B                     TXB2D5          equ	3883	;# 
   719   000F2C                     TXB2D6          equ	3884	;# 
   720   000F2D                     TXB2D7          equ	3885	;# 
   721   000F2E                     CANSTAT_RO3     equ	3886	;# 
   722   000F2F                     CANCON_RO3      equ	3887	;# 
   723   000F30                     TXB1CON         equ	3888	;# 
   724   000F31                     TXB1SIDH        equ	3889	;# 
   725   000F32                     TXB1SIDL        equ	3890	;# 
   726   000F33                     TXB1EIDH        equ	3891	;# 
   727   000F34                     TXB1EIDL        equ	3892	;# 
   728   000F35                     TXB1DLC         equ	3893	;# 
   729   000F36                     TXB1D0          equ	3894	;# 
   730   000F37                     TXB1D1          equ	3895	;# 
   731   000F38                     TXB1D2          equ	3896	;# 
   732   000F39                     TXB1D3          equ	3897	;# 
   733   000F3A                     TXB1D4          equ	3898	;# 
   734   000F3B                     TXB1D5          equ	3899	;# 
   735   000F3C                     TXB1D6          equ	3900	;# 
   736   000F3D                     TXB1D7          equ	3901	;# 
   737   000F3E                     CANSTAT_RO2     equ	3902	;# 
   738   000F3F                     CANCON_RO2      equ	3903	;# 
   739   000F40                     TXB0CON         equ	3904	;# 
   740   000F41                     TXB0SIDH        equ	3905	;# 
   741   000F42                     TXB0SIDL        equ	3906	;# 
   742   000F43                     TXB0EIDH        equ	3907	;# 
   743   000F44                     TXB0EIDL        equ	3908	;# 
   744   000F45                     TXB0DLC         equ	3909	;# 
   745   000F46                     TXB0D0          equ	3910	;# 
   746   000F47                     TXB0D1          equ	3911	;# 
   747   000F48                     TXB0D2          equ	3912	;# 
   748   000F49                     TXB0D3          equ	3913	;# 
   749   000F4A                     TXB0D4          equ	3914	;# 
   750   000F4B                     TXB0D5          equ	3915	;# 
   751   000F4C                     TXB0D6          equ	3916	;# 
   752   000F4D                     TXB0D7          equ	3917	;# 
   753   000F4E                     CANSTAT_RO1     equ	3918	;# 
   754   000F4F                     CANCON_RO1      equ	3919	;# 
   755   000F50                     RXB1CON         equ	3920	;# 
   756   000F51                     RXB1SIDH        equ	3921	;# 
   757   000F52                     RXB1SIDL        equ	3922	;# 
   758   000F53                     RXB1EIDH        equ	3923	;# 
   759   000F54                     RXB1EIDL        equ	3924	;# 
   760   000F55                     RXB1DLC         equ	3925	;# 
   761   000F56                     RXB1D0          equ	3926	;# 
   762   000F57                     RXB1D1          equ	3927	;# 
   763   000F58                     RXB1D2          equ	3928	;# 
   764   000F59                     RXB1D3          equ	3929	;# 
   765   000F5A                     RXB1D4          equ	3930	;# 
   766   000F5B                     RXB1D5          equ	3931	;# 
   767   000F5C                     RXB1D6          equ	3932	;# 
   768   000F5D                     RXB1D7          equ	3933	;# 
   769   000F5E                     CANSTAT_RO0     equ	3934	;# 
   770   000F5F                     CANCON_RO0      equ	3935	;# 
   771   000F60                     RXB0CON         equ	3936	;# 
   772   000F61                     RXB0SIDH        equ	3937	;# 
   773   000F62                     RXB0SIDL        equ	3938	;# 
   774   000F63                     RXB0EIDH        equ	3939	;# 
   775   000F64                     RXB0EIDL        equ	3940	;# 
   776   000F65                     RXB0DLC         equ	3941	;# 
   777   000F66                     RXB0D0          equ	3942	;# 
   778   000F67                     RXB0D1          equ	3943	;# 
   779   000F68                     RXB0D2          equ	3944	;# 
   780   000F69                     RXB0D3          equ	3945	;# 
   781   000F6A                     RXB0D4          equ	3946	;# 
   782   000F6B                     RXB0D5          equ	3947	;# 
   783   000F6C                     RXB0D6          equ	3948	;# 
   784   000F6D                     RXB0D7          equ	3949	;# 
   785   000F6E                     CANSTAT         equ	3950	;# 
   786   000F6F                     CANCON          equ	3951	;# 
   787   000F70                     BRGCON1         equ	3952	;# 
   788   000F71                     BRGCON2         equ	3953	;# 
   789   000F72                     BRGCON3         equ	3954	;# 
   790   000F73                     CIOCON          equ	3955	;# 
   791   000F74                     COMSTAT         equ	3956	;# 
   792   000F75                     RXERRCNT        equ	3957	;# 
   793   000F76                     TXERRCNT        equ	3958	;# 
   794   000F77                     ECANCON         equ	3959	;# 
   795   000F80                     PORTA           equ	3968	;# 
   796   000F81                     PORTB           equ	3969	;# 
   797   000F82                     PORTC           equ	3970	;# 
   798   000F83                     PORTD           equ	3971	;# 
   799   000F84                     PORTE           equ	3972	;# 
   800   000F89                     LATA            equ	3977	;# 
   801   000F8A                     LATB            equ	3978	;# 
   802   000F8B                     LATC            equ	3979	;# 
   803   000F8C                     LATD            equ	3980	;# 
   804   000F8D                     LATE            equ	3981	;# 
   805   000F92                     TRISA           equ	3986	;# 
   806   000F92                     DDRA            equ	3986	;# 
   807   000F93                     TRISB           equ	3987	;# 
   808   000F93                     DDRB            equ	3987	;# 
   809   000F94                     TRISC           equ	3988	;# 
   810   000F94                     DDRC            equ	3988	;# 
   811   000F95                     TRISD           equ	3989	;# 
   812   000F95                     DDRD            equ	3989	;# 
   813   000F96                     TRISE           equ	3990	;# 
   814   000F96                     DDRE            equ	3990	;# 
   815   000F9B                     OSCTUNE         equ	3995	;# 
   816   000F9D                     PIE1            equ	3997	;# 
   817   000F9E                     PIR1            equ	3998	;# 
   818   000F9F                     IPR1            equ	3999	;# 
   819   000FA0                     PIE2            equ	4000	;# 
   820   000FA1                     PIR2            equ	4001	;# 
   821   000FA2                     IPR2            equ	4002	;# 
   822   000FA3                     PIE3            equ	4003	;# 
   823   000FA4                     PIR3            equ	4004	;# 
   824   000FA5                     IPR3            equ	4005	;# 
   825   000FA6                     EECON1          equ	4006	;# 
   826   000FA7                     EECON2          equ	4007	;# 
   827   000FA8                     EEDATA          equ	4008	;# 
   828   000FA9                     EEADR           equ	4009	;# 
   829   000FAB                     RCSTA           equ	4011	;# 
   830   000FAB                     RCSTA1          equ	4011	;# 
   831   000FAC                     TXSTA           equ	4012	;# 
   832   000FAC                     TXSTA1          equ	4012	;# 
   833   000FAD                     TXREG           equ	4013	;# 
   834   000FAD                     TXREG1          equ	4013	;# 
   835   000FAE                     RCREG           equ	4014	;# 
   836   000FAE                     RCREG1          equ	4014	;# 
   837   000FAF                     SPBRG           equ	4015	;# 
   838   000FAF                     SPBRG1          equ	4015	;# 
   839   000FB0                     SPBRGH          equ	4016	;# 
   840   000FB1                     T3CON           equ	4017	;# 
   841   000FB2                     TMR3            equ	4018	;# 
   842   000FB2                     TMR3L           equ	4018	;# 
   843   000FB3                     TMR3H           equ	4019	;# 
   844   000FB4                     CMCON           equ	4020	;# 
   845   000FB5                     CVRCON          equ	4021	;# 
   846   000FB6                     ECCP1AS         equ	4022	;# 
   847   000FB7                     ECCP1DEL        equ	4023	;# 
   848   000FB8                     BAUDCON         equ	4024	;# 
   849   000FB8                     BAUDCTL         equ	4024	;# 
   850   000FBA                     ECCP1CON        equ	4026	;# 
   851   000FBB                     ECCPR1          equ	4027	;# 
   852   000FBB                     ECCPR1L         equ	4027	;# 
   853   000FBC                     ECCPR1H         equ	4028	;# 
   854   000FBD                     CCP1CON         equ	4029	;# 
   855   000FBE                     CCPR1           equ	4030	;# 
   856   000FBE                     CCPR1L          equ	4030	;# 
   857   000FBF                     CCPR1H          equ	4031	;# 
   858   000FC0                     ADCON2          equ	4032	;# 
   859   000FC1                     ADCON1          equ	4033	;# 
   860   000FC2                     ADCON0          equ	4034	;# 
   861   000FC3                     ADRES           equ	4035	;# 
   862   000FC3                     ADRESL          equ	4035	;# 
   863   000FC4                     ADRESH          equ	4036	;# 
   864   000FC5                     SSPCON2         equ	4037	;# 
   865   000FC6                     SSPCON1         equ	4038	;# 
   866   000FC7                     SSPSTAT         equ	4039	;# 
   867   000FC8                     SSPADD          equ	4040	;# 
   868   000FC9                     SSPBUF          equ	4041	;# 
   869   000FCA                     T2CON           equ	4042	;# 
   870   000FCB                     PR2             equ	4043	;# 
   871   000FCB                     MEMCON          equ	4043	;# 
   872   000FCC                     TMR2            equ	4044	;# 
   873   000FCD                     T1CON           equ	4045	;# 
   874   000FCE                     TMR1            equ	4046	;# 
   875   000FCE                     TMR1L           equ	4046	;# 
   876   000FCF                     TMR1H           equ	4047	;# 
   877   000FD0                     RCON            equ	4048	;# 
   878   000FD1                     WDTCON          equ	4049	;# 
   879   000FD2                     HLVDCON         equ	4050	;# 
   880   000FD2                     LVDCON          equ	4050	;# 
   881   000FD3                     OSCCON          equ	4051	;# 
   882   000FD5                     T0CON           equ	4053	;# 
   883   000FD6                     TMR0            equ	4054	;# 
   884   000FD6                     TMR0L           equ	4054	;# 
   885   000FD7                     TMR0H           equ	4055	;# 
   886   000FD8                     STATUS          equ	4056	;# 
   887   000FD9                     FSR2            equ	4057	;# 
   888   000FD9                     FSR2L           equ	4057	;# 
   889   000FDA                     FSR2H           equ	4058	;# 
   890   000FDB                     PLUSW2          equ	4059	;# 
   891   000FDC                     PREINC2         equ	4060	;# 
   892   000FDD                     POSTDEC2        equ	4061	;# 
   893   000FDE                     POSTINC2        equ	4062	;# 
   894   000FDF                     INDF2           equ	4063	;# 
   895   000FE0                     BSR             equ	4064	;# 
   896   000FE1                     FSR1            equ	4065	;# 
   897   000FE1                     FSR1L           equ	4065	;# 
   898   000FE2                     FSR1H           equ	4066	;# 
   899   000FE3                     PLUSW1          equ	4067	;# 
   900   000FE4                     PREINC1         equ	4068	;# 
   901   000FE5                     POSTDEC1        equ	4069	;# 
   902   000FE6                     POSTINC1        equ	4070	;# 
   903   000FE7                     INDF1           equ	4071	;# 
   904   000FE8                     WREG            equ	4072	;# 
   905   000FE9                     FSR0            equ	4073	;# 
   906   000FE9                     FSR0L           equ	4073	;# 
   907   000FEA                     FSR0H           equ	4074	;# 
   908   000FEB                     PLUSW0          equ	4075	;# 
   909   000FEC                     PREINC0         equ	4076	;# 
   910   000FED                     POSTDEC0        equ	4077	;# 
   911   000FEE                     POSTINC0        equ	4078	;# 
   912   000FEF                     INDF0           equ	4079	;# 
   913   000FF0                     INTCON3         equ	4080	;# 
   914   000FF1                     INTCON2         equ	4081	;# 
   915   000FF2                     INTCON          equ	4082	;# 
   916   000FF3                     PROD            equ	4083	;# 
   917   000FF3                     PRODL           equ	4083	;# 
   918   000FF4                     PRODH           equ	4084	;# 
   919   000FF5                     TABLAT          equ	4085	;# 
   920   000FF6                     TBLPTR          equ	4086	;# 
   921   000FF6                     TBLPTRL         equ	4086	;# 
   922   000FF7                     TBLPTRH         equ	4087	;# 
   923   000FF8                     TBLPTRU         equ	4088	;# 
   924   000FF9                     PCLAT           equ	4089	;# 
   925   000FF9                     PC              equ	4089	;# 
   926   000FF9                     PCL             equ	4089	;# 
   927   000FFA                     PCLATH          equ	4090	;# 
   928   000FFB                     PCLATU          equ	4091	;# 
   929   000FFC                     STKPTR          equ	4092	;# 
   930   000FFD                     TOS             equ	4093	;# 
   931   000FFD                     TOSL            equ	4093	;# 
   932   000FFE                     TOSH            equ	4094	;# 
   933   000FFF                     TOSU            equ	4095	;# 
   934   000D60                     RXF6SIDH        equ	3424	;# 
   935   000D61                     RXF6SIDL        equ	3425	;# 
   936   000D62                     RXF6EIDH        equ	3426	;# 
   937   000D63                     RXF6EIDL        equ	3427	;# 
   938   000D64                     RXF7SIDH        equ	3428	;# 
   939   000D65                     RXF7SIDL        equ	3429	;# 
   940   000D66                     RXF7EIDH        equ	3430	;# 
   941   000D67                     RXF7EIDL        equ	3431	;# 
   942   000D68                     RXF8SIDH        equ	3432	;# 
   943   000D69                     RXF8SIDL        equ	3433	;# 
   944   000D6A                     RXF8EIDH        equ	3434	;# 
   945   000D6B                     RXF8EIDL        equ	3435	;# 
   946   000D70                     RXF9SIDH        equ	3440	;# 
   947   000D71                     RXF9SIDL        equ	3441	;# 
   948   000D72                     RXF9EIDH        equ	3442	;# 
   949   000D73                     RXF9EIDL        equ	3443	;# 
   950   000D74                     RXF10SIDH       equ	3444	;# 
   951   000D75                     RXF10SIDL       equ	3445	;# 
   952   000D76                     RXF10EIDH       equ	3446	;# 
   953   000D77                     RXF10EIDL       equ	3447	;# 
   954   000D78                     RXF11SIDH       equ	3448	;# 
   955   000D79                     RXF11SIDL       equ	3449	;# 
   956   000D7A                     RXF11EIDH       equ	3450	;# 
   957   000D7B                     RXF11EIDL       equ	3451	;# 
   958   000D80                     RXF12SIDH       equ	3456	;# 
   959   000D81                     RXF12SIDL       equ	3457	;# 
   960   000D82                     RXF12EIDH       equ	3458	;# 
   961   000D83                     RXF12EIDL       equ	3459	;# 
   962   000D84                     RXF13SIDH       equ	3460	;# 
   963   000D85                     RXF13SIDL       equ	3461	;# 
   964   000D86                     RXF13EIDH       equ	3462	;# 
   965   000D87                     RXF13EIDL       equ	3463	;# 
   966   000D88                     RXF14SIDH       equ	3464	;# 
   967   000D89                     RXF14SIDL       equ	3465	;# 
   968   000D8A                     RXF14EIDH       equ	3466	;# 
   969   000D8B                     RXF14EIDL       equ	3467	;# 
   970   000D90                     RXF15SIDH       equ	3472	;# 
   971   000D91                     RXF15SIDL       equ	3473	;# 
   972   000D92                     RXF15EIDH       equ	3474	;# 
   973   000D93                     RXF15EIDL       equ	3475	;# 
   974   000DD4                     RXFCON0         equ	3540	;# 
   975   000DD5                     RXFCON1         equ	3541	;# 
   976   000DD8                     SDFLC           equ	3544	;# 
   977   000DE0                     RXFBCON0        equ	3552	;# 
   978   000DE1                     RXFBCON1        equ	3553	;# 
   979   000DE2                     RXFBCON2        equ	3554	;# 
   980   000DE3                     RXFBCON3        equ	3555	;# 
   981   000DE4                     RXFBCON4        equ	3556	;# 
   982   000DE5                     RXFBCON5        equ	3557	;# 
   983   000DE6                     RXFBCON6        equ	3558	;# 
   984   000DE7                     RXFBCON7        equ	3559	;# 
   985   000DF0                     MSEL0           equ	3568	;# 
   986   000DF1                     MSEL1           equ	3569	;# 
   987   000DF2                     MSEL2           equ	3570	;# 
   988   000DF3                     MSEL3           equ	3571	;# 
   989   000DF8                     BSEL0           equ	3576	;# 
   990   000DFA                     BIE0            equ	3578	;# 
   991   000DFC                     TXBIE           equ	3580	;# 
   992   000E20                     B0CON           equ	3616	;# 
   993   000E21                     B0SIDH          equ	3617	;# 
   994   000E22                     B0SIDL          equ	3618	;# 
   995   000E23                     B0EIDH          equ	3619	;# 
   996   000E24                     B0EIDL          equ	3620	;# 
   997   000E25                     B0DLC           equ	3621	;# 
   998   000E26                     B0D0            equ	3622	;# 
   999   000E27                     B0D1            equ	3623	;# 
  1000   000E28                     B0D2            equ	3624	;# 
  1001   000E29                     B0D3            equ	3625	;# 
  1002   000E2A                     B0D4            equ	3626	;# 
  1003   000E2B                     B0D5            equ	3627	;# 
  1004   000E2C                     B0D6            equ	3628	;# 
  1005   000E2D                     B0D7            equ	3629	;# 
  1006   000E2E                     CANSTAT_RO9     equ	3630	;# 
  1007   000E2F                     CANCON_RO9      equ	3631	;# 
  1008   000E30                     B1CON           equ	3632	;# 
  1009   000E31                     B1SIDH          equ	3633	;# 
  1010   000E32                     B1SIDL          equ	3634	;# 
  1011   000E33                     B1EIDH          equ	3635	;# 
  1012   000E34                     B1EIDL          equ	3636	;# 
  1013   000E35                     B1DLC           equ	3637	;# 
  1014   000E36                     B1D0            equ	3638	;# 
  1015   000E37                     B1D1            equ	3639	;# 
  1016   000E38                     B1D2            equ	3640	;# 
  1017   000E39                     B1D3            equ	3641	;# 
  1018   000E3A                     B1D4            equ	3642	;# 
  1019   000E3B                     B1D5            equ	3643	;# 
  1020   000E3C                     B1D6            equ	3644	;# 
  1021   000E3D                     B1D7            equ	3645	;# 
  1022   000E3E                     CANSTAT_RO8     equ	3646	;# 
  1023   000E3F                     CANCON_RO8      equ	3647	;# 
  1024   000E40                     B2CON           equ	3648	;# 
  1025   000E41                     B2SIDH          equ	3649	;# 
  1026   000E42                     B2SIDL          equ	3650	;# 
  1027   000E43                     B2EIDH          equ	3651	;# 
  1028   000E44                     B2EIDL          equ	3652	;# 
  1029   000E45                     B2DLC           equ	3653	;# 
  1030   000E46                     B2D0            equ	3654	;# 
  1031   000E47                     B2D1            equ	3655	;# 
  1032   000E48                     B2D2            equ	3656	;# 
  1033   000E49                     B2D3            equ	3657	;# 
  1034   000E4A                     B2D4            equ	3658	;# 
  1035   000E4B                     B2D5            equ	3659	;# 
  1036   000E4C                     B2D6            equ	3660	;# 
  1037   000E4D                     B2D7            equ	3661	;# 
  1038   000E4E                     CANSTAT_RO7     equ	3662	;# 
  1039   000E4F                     CANCON_RO7      equ	3663	;# 
  1040   000E50                     B3CON           equ	3664	;# 
  1041   000E51                     B3SIDH          equ	3665	;# 
  1042   000E52                     B3SIDL          equ	3666	;# 
  1043   000E53                     B3EIDH          equ	3667	;# 
  1044   000E54                     B3EIDL          equ	3668	;# 
  1045   000E55                     B3DLC           equ	3669	;# 
  1046   000E56                     B3D0            equ	3670	;# 
  1047   000E57                     B3D1            equ	3671	;# 
  1048   000E58                     B3D2            equ	3672	;# 
  1049   000E59                     B3D3            equ	3673	;# 
  1050   000E5A                     B3D4            equ	3674	;# 
  1051   000E5B                     B3D5            equ	3675	;# 
  1052   000E5C                     B3D6            equ	3676	;# 
  1053   000E5D                     B3D7            equ	3677	;# 
  1054   000E5E                     CANSTAT_RO6     equ	3678	;# 
  1055   000E5F                     CANCON_RO6      equ	3679	;# 
  1056   000E60                     B4CON           equ	3680	;# 
  1057   000E61                     B4SIDH          equ	3681	;# 
  1058   000E62                     B4SIDL          equ	3682	;# 
  1059   000E63                     B4EIDH          equ	3683	;# 
  1060   000E64                     B4EIDL          equ	3684	;# 
  1061   000E65                     B4DLC           equ	3685	;# 
  1062   000E66                     B4D0            equ	3686	;# 
  1063   000E67                     B4D1            equ	3687	;# 
  1064   000E68                     B4D2            equ	3688	;# 
  1065   000E69                     B4D3            equ	3689	;# 
  1066   000E6A                     B4D4            equ	3690	;# 
  1067   000E6B                     B4D5            equ	3691	;# 
  1068   000E6C                     B4D6            equ	3692	;# 
  1069   000E6D                     B4D7            equ	3693	;# 
  1070   000E6E                     CANSTAT_RO5     equ	3694	;# 
  1071   000E6F                     CANCON_RO5      equ	3695	;# 
  1072   000E70                     B5CON           equ	3696	;# 
  1073   000E71                     B5SIDH          equ	3697	;# 
  1074   000E72                     B5SIDL          equ	3698	;# 
  1075   000E73                     B5EIDH          equ	3699	;# 
  1076   000E74                     B5EIDL          equ	3700	;# 
  1077   000E75                     B5DLC           equ	3701	;# 
  1078   000E76                     B5D0            equ	3702	;# 
  1079   000E77                     B5D1            equ	3703	;# 
  1080   000E78                     B5D2            equ	3704	;# 
  1081   000E79                     B5D3            equ	3705	;# 
  1082   000E7A                     B5D4            equ	3706	;# 
  1083   000E7B                     B5D5            equ	3707	;# 
  1084   000E7C                     B5D6            equ	3708	;# 
  1085   000E7D                     B5D7            equ	3709	;# 
  1086   000E7E                     CANSTAT_RO4     equ	3710	;# 
  1087   000E7F                     CANCON_RO4      equ	3711	;# 
  1088   000F00                     RXF0SIDH        equ	3840	;# 
  1089   000F01                     RXF0SIDL        equ	3841	;# 
  1090   000F02                     RXF0EIDH        equ	3842	;# 
  1091   000F03                     RXF0EIDL        equ	3843	;# 
  1092   000F04                     RXF1SIDH        equ	3844	;# 
  1093   000F05                     RXF1SIDL        equ	3845	;# 
  1094   000F06                     RXF1EIDH        equ	3846	;# 
  1095   000F07                     RXF1EIDL        equ	3847	;# 
  1096   000F08                     RXF2SIDH        equ	3848	;# 
  1097   000F09                     RXF2SIDL        equ	3849	;# 
  1098   000F0A                     RXF2EIDH        equ	3850	;# 
  1099   000F0B                     RXF2EIDL        equ	3851	;# 
  1100   000F0C                     RXF3SIDH        equ	3852	;# 
  1101   000F0D                     RXF3SIDL        equ	3853	;# 
  1102   000F0E                     RXF3EIDH        equ	3854	;# 
  1103   000F0F                     RXF3EIDL        equ	3855	;# 
  1104   000F10                     RXF4SIDH        equ	3856	;# 
  1105   000F11                     RXF4SIDL        equ	3857	;# 
  1106   000F12                     RXF4EIDH        equ	3858	;# 
  1107   000F13                     RXF4EIDL        equ	3859	;# 
  1108   000F14                     RXF5SIDH        equ	3860	;# 
  1109   000F15                     RXF5SIDL        equ	3861	;# 
  1110   000F16                     RXF5EIDH        equ	3862	;# 
  1111   000F17                     RXF5EIDL        equ	3863	;# 
  1112   000F18                     RXM0SIDH        equ	3864	;# 
  1113   000F19                     RXM0SIDL        equ	3865	;# 
  1114   000F1A                     RXM0EIDH        equ	3866	;# 
  1115   000F1B                     RXM0EIDL        equ	3867	;# 
  1116   000F1C                     RXM1SIDH        equ	3868	;# 
  1117   000F1D                     RXM1SIDL        equ	3869	;# 
  1118   000F1E                     RXM1EIDH        equ	3870	;# 
  1119   000F1F                     RXM1EIDL        equ	3871	;# 
  1120   000F20                     TXB2CON         equ	3872	;# 
  1121   000F21                     TXB2SIDH        equ	3873	;# 
  1122   000F22                     TXB2SIDL        equ	3874	;# 
  1123   000F23                     TXB2EIDH        equ	3875	;# 
  1124   000F24                     TXB2EIDL        equ	3876	;# 
  1125   000F25                     TXB2DLC         equ	3877	;# 
  1126   000F26                     TXB2D0          equ	3878	;# 
  1127   000F27                     TXB2D1          equ	3879	;# 
  1128   000F28                     TXB2D2          equ	3880	;# 
  1129   000F29                     TXB2D3          equ	3881	;# 
  1130   000F2A                     TXB2D4          equ	3882	;# 
  1131   000F2B                     TXB2D5          equ	3883	;# 
  1132   000F2C                     TXB2D6          equ	3884	;# 
  1133   000F2D                     TXB2D7          equ	3885	;# 
  1134   000F2E                     CANSTAT_RO3     equ	3886	;# 
  1135   000F2F                     CANCON_RO3      equ	3887	;# 
  1136   000F30                     TXB1CON         equ	3888	;# 
  1137   000F31                     TXB1SIDH        equ	3889	;# 
  1138   000F32                     TXB1SIDL        equ	3890	;# 
  1139   000F33                     TXB1EIDH        equ	3891	;# 
  1140   000F34                     TXB1EIDL        equ	3892	;# 
  1141   000F35                     TXB1DLC         equ	3893	;# 
  1142   000F36                     TXB1D0          equ	3894	;# 
  1143   000F37                     TXB1D1          equ	3895	;# 
  1144   000F38                     TXB1D2          equ	3896	;# 
  1145   000F39                     TXB1D3          equ	3897	;# 
  1146   000F3A                     TXB1D4          equ	3898	;# 
  1147   000F3B                     TXB1D5          equ	3899	;# 
  1148   000F3C                     TXB1D6          equ	3900	;# 
  1149   000F3D                     TXB1D7          equ	3901	;# 
  1150   000F3E                     CANSTAT_RO2     equ	3902	;# 
  1151   000F3F                     CANCON_RO2      equ	3903	;# 
  1152   000F40                     TXB0CON         equ	3904	;# 
  1153   000F41                     TXB0SIDH        equ	3905	;# 
  1154   000F42                     TXB0SIDL        equ	3906	;# 
  1155   000F43                     TXB0EIDH        equ	3907	;# 
  1156   000F44                     TXB0EIDL        equ	3908	;# 
  1157   000F45                     TXB0DLC         equ	3909	;# 
  1158   000F46                     TXB0D0          equ	3910	;# 
  1159   000F47                     TXB0D1          equ	3911	;# 
  1160   000F48                     TXB0D2          equ	3912	;# 
  1161   000F49                     TXB0D3          equ	3913	;# 
  1162   000F4A                     TXB0D4          equ	3914	;# 
  1163   000F4B                     TXB0D5          equ	3915	;# 
  1164   000F4C                     TXB0D6          equ	3916	;# 
  1165   000F4D                     TXB0D7          equ	3917	;# 
  1166   000F4E                     CANSTAT_RO1     equ	3918	;# 
  1167   000F4F                     CANCON_RO1      equ	3919	;# 
  1168   000F50                     RXB1CON         equ	3920	;# 
  1169   000F51                     RXB1SIDH        equ	3921	;# 
  1170   000F52                     RXB1SIDL        equ	3922	;# 
  1171   000F53                     RXB1EIDH        equ	3923	;# 
  1172   000F54                     RXB1EIDL        equ	3924	;# 
  1173   000F55                     RXB1DLC         equ	3925	;# 
  1174   000F56                     RXB1D0          equ	3926	;# 
  1175   000F57                     RXB1D1          equ	3927	;# 
  1176   000F58                     RXB1D2          equ	3928	;# 
  1177   000F59                     RXB1D3          equ	3929	;# 
  1178   000F5A                     RXB1D4          equ	3930	;# 
  1179   000F5B                     RXB1D5          equ	3931	;# 
  1180   000F5C                     RXB1D6          equ	3932	;# 
  1181   000F5D                     RXB1D7          equ	3933	;# 
  1182   000F5E                     CANSTAT_RO0     equ	3934	;# 
  1183   000F5F                     CANCON_RO0      equ	3935	;# 
  1184   000F60                     RXB0CON         equ	3936	;# 
  1185   000F61                     RXB0SIDH        equ	3937	;# 
  1186   000F62                     RXB0SIDL        equ	3938	;# 
  1187   000F63                     RXB0EIDH        equ	3939	;# 
  1188   000F64                     RXB0EIDL        equ	3940	;# 
  1189   000F65                     RXB0DLC         equ	3941	;# 
  1190   000F66                     RXB0D0          equ	3942	;# 
  1191   000F67                     RXB0D1          equ	3943	;# 
  1192   000F68                     RXB0D2          equ	3944	;# 
  1193   000F69                     RXB0D3          equ	3945	;# 
  1194   000F6A                     RXB0D4          equ	3946	;# 
  1195   000F6B                     RXB0D5          equ	3947	;# 
  1196   000F6C                     RXB0D6          equ	3948	;# 
  1197   000F6D                     RXB0D7          equ	3949	;# 
  1198   000F6E                     CANSTAT         equ	3950	;# 
  1199   000F6F                     CANCON          equ	3951	;# 
  1200   000F70                     BRGCON1         equ	3952	;# 
  1201   000F71                     BRGCON2         equ	3953	;# 
  1202   000F72                     BRGCON3         equ	3954	;# 
  1203   000F73                     CIOCON          equ	3955	;# 
  1204   000F74                     COMSTAT         equ	3956	;# 
  1205   000F75                     RXERRCNT        equ	3957	;# 
  1206   000F76                     TXERRCNT        equ	3958	;# 
  1207   000F77                     ECANCON         equ	3959	;# 
  1208   000F80                     PORTA           equ	3968	;# 
  1209   000F81                     PORTB           equ	3969	;# 
  1210   000F82                     PORTC           equ	3970	;# 
  1211   000F83                     PORTD           equ	3971	;# 
  1212   000F84                     PORTE           equ	3972	;# 
  1213   000F89                     LATA            equ	3977	;# 
  1214   000F8A                     LATB            equ	3978	;# 
  1215   000F8B                     LATC            equ	3979	;# 
  1216   000F8C                     LATD            equ	3980	;# 
  1217   000F8D                     LATE            equ	3981	;# 
  1218   000F92                     TRISA           equ	3986	;# 
  1219   000F92                     DDRA            equ	3986	;# 
  1220   000F93                     TRISB           equ	3987	;# 
  1221   000F93                     DDRB            equ	3987	;# 
  1222   000F94                     TRISC           equ	3988	;# 
  1223   000F94                     DDRC            equ	3988	;# 
  1224   000F95                     TRISD           equ	3989	;# 
  1225   000F95                     DDRD            equ	3989	;# 
  1226   000F96                     TRISE           equ	3990	;# 
  1227   000F96                     DDRE            equ	3990	;# 
  1228   000F9B                     OSCTUNE         equ	3995	;# 
  1229   000F9D                     PIE1            equ	3997	;# 
  1230   000F9E                     PIR1            equ	3998	;# 
  1231   000F9F                     IPR1            equ	3999	;# 
  1232   000FA0                     PIE2            equ	4000	;# 
  1233   000FA1                     PIR2            equ	4001	;# 
  1234   000FA2                     IPR2            equ	4002	;# 
  1235   000FA3                     PIE3            equ	4003	;# 
  1236   000FA4                     PIR3            equ	4004	;# 
  1237   000FA5                     IPR3            equ	4005	;# 
  1238   000FA6                     EECON1          equ	4006	;# 
  1239   000FA7                     EECON2          equ	4007	;# 
  1240   000FA8                     EEDATA          equ	4008	;# 
  1241   000FA9                     EEADR           equ	4009	;# 
  1242   000FAB                     RCSTA           equ	4011	;# 
  1243   000FAB                     RCSTA1          equ	4011	;# 
  1244   000FAC                     TXSTA           equ	4012	;# 
  1245   000FAC                     TXSTA1          equ	4012	;# 
  1246   000FAD                     TXREG           equ	4013	;# 
  1247   000FAD                     TXREG1          equ	4013	;# 
  1248   000FAE                     RCREG           equ	4014	;# 
  1249   000FAE                     RCREG1          equ	4014	;# 
  1250   000FAF                     SPBRG           equ	4015	;# 
  1251   000FAF                     SPBRG1          equ	4015	;# 
  1252   000FB0                     SPBRGH          equ	4016	;# 
  1253   000FB1                     T3CON           equ	4017	;# 
  1254   000FB2                     TMR3            equ	4018	;# 
  1255   000FB2                     TMR3L           equ	4018	;# 
  1256   000FB3                     TMR3H           equ	4019	;# 
  1257   000FB4                     CMCON           equ	4020	;# 
  1258   000FB5                     CVRCON          equ	4021	;# 
  1259   000FB6                     ECCP1AS         equ	4022	;# 
  1260   000FB7                     ECCP1DEL        equ	4023	;# 
  1261   000FB8                     BAUDCON         equ	4024	;# 
  1262   000FB8                     BAUDCTL         equ	4024	;# 
  1263   000FBA                     ECCP1CON        equ	4026	;# 
  1264   000FBB                     ECCPR1          equ	4027	;# 
  1265   000FBB                     ECCPR1L         equ	4027	;# 
  1266   000FBC                     ECCPR1H         equ	4028	;# 
  1267   000FBD                     CCP1CON         equ	4029	;# 
  1268   000FBE                     CCPR1           equ	4030	;# 
  1269   000FBE                     CCPR1L          equ	4030	;# 
  1270   000FBF                     CCPR1H          equ	4031	;# 
  1271   000FC0                     ADCON2          equ	4032	;# 
  1272   000FC1                     ADCON1          equ	4033	;# 
  1273   000FC2                     ADCON0          equ	4034	;# 
  1274   000FC3                     ADRES           equ	4035	;# 
  1275   000FC3                     ADRESL          equ	4035	;# 
  1276   000FC4                     ADRESH          equ	4036	;# 
  1277   000FC5                     SSPCON2         equ	4037	;# 
  1278   000FC6                     SSPCON1         equ	4038	;# 
  1279   000FC7                     SSPSTAT         equ	4039	;# 
  1280   000FC8                     SSPADD          equ	4040	;# 
  1281   000FC9                     SSPBUF          equ	4041	;# 
  1282   000FCA                     T2CON           equ	4042	;# 
  1283   000FCB                     PR2             equ	4043	;# 
  1284   000FCB                     MEMCON          equ	4043	;# 
  1285   000FCC                     TMR2            equ	4044	;# 
  1286   000FCD                     T1CON           equ	4045	;# 
  1287   000FCE                     TMR1            equ	4046	;# 
  1288   000FCE                     TMR1L           equ	4046	;# 
  1289   000FCF                     TMR1H           equ	4047	;# 
  1290   000FD0                     RCON            equ	4048	;# 
  1291   000FD1                     WDTCON          equ	4049	;# 
  1292   000FD2                     HLVDCON         equ	4050	;# 
  1293   000FD2                     LVDCON          equ	4050	;# 
  1294   000FD3                     OSCCON          equ	4051	;# 
  1295   000FD5                     T0CON           equ	4053	;# 
  1296   000FD6                     TMR0            equ	4054	;# 
  1297   000FD6                     TMR0L           equ	4054	;# 
  1298   000FD7                     TMR0H           equ	4055	;# 
  1299   000FD8                     STATUS          equ	4056	;# 
  1300   000FD9                     FSR2            equ	4057	;# 
  1301   000FD9                     FSR2L           equ	4057	;# 
  1302   000FDA                     FSR2H           equ	4058	;# 
  1303   000FDB                     PLUSW2          equ	4059	;# 
  1304   000FDC                     PREINC2         equ	4060	;# 
  1305   000FDD                     POSTDEC2        equ	4061	;# 
  1306   000FDE                     POSTINC2        equ	4062	;# 
  1307   000FDF                     INDF2           equ	4063	;# 
  1308   000FE0                     BSR             equ	4064	;# 
  1309   000FE1                     FSR1            equ	4065	;# 
  1310   000FE1                     FSR1L           equ	4065	;# 
  1311   000FE2                     FSR1H           equ	4066	;# 
  1312   000FE3                     PLUSW1          equ	4067	;# 
  1313   000FE4                     PREINC1         equ	4068	;# 
  1314   000FE5                     POSTDEC1        equ	4069	;# 
  1315   000FE6                     POSTINC1        equ	4070	;# 
  1316   000FE7                     INDF1           equ	4071	;# 
  1317   000FE8                     WREG            equ	4072	;# 
  1318   000FE9                     FSR0            equ	4073	;# 
  1319   000FE9                     FSR0L           equ	4073	;# 
  1320   000FEA                     FSR0H           equ	4074	;# 
  1321   000FEB                     PLUSW0          equ	4075	;# 
  1322   000FEC                     PREINC0         equ	4076	;# 
  1323   000FED                     POSTDEC0        equ	4077	;# 
  1324   000FEE                     POSTINC0        equ	4078	;# 
  1325   000FEF                     INDF0           equ	4079	;# 
  1326   000FF0                     INTCON3         equ	4080	;# 
  1327   000FF1                     INTCON2         equ	4081	;# 
  1328   000FF2                     INTCON          equ	4082	;# 
  1329   000FF3                     PROD            equ	4083	;# 
  1330   000FF3                     PRODL           equ	4083	;# 
  1331   000FF4                     PRODH           equ	4084	;# 
  1332   000FF5                     TABLAT          equ	4085	;# 
  1333   000FF6                     TBLPTR          equ	4086	;# 
  1334   000FF6                     TBLPTRL         equ	4086	;# 
  1335   000FF7                     TBLPTRH         equ	4087	;# 
  1336   000FF8                     TBLPTRU         equ	4088	;# 
  1337   000FF9                     PCLAT           equ	4089	;# 
  1338   000FF9                     PC              equ	4089	;# 
  1339   000FF9                     PCL             equ	4089	;# 
  1340   000FFA                     PCLATH          equ	4090	;# 
  1341   000FFB                     PCLATU          equ	4091	;# 
  1342   000FFC                     STKPTR          equ	4092	;# 
  1343   000FFD                     TOS             equ	4093	;# 
  1344   000FFD                     TOSL            equ	4093	;# 
  1345   000FFE                     TOSH            equ	4094	;# 
  1346   000FFF                     TOSU            equ	4095	;# 
  1347   000D60                     RXF6SIDH        equ	3424	;# 
  1348   000D61                     RXF6SIDL        equ	3425	;# 
  1349   000D62                     RXF6EIDH        equ	3426	;# 
  1350   000D63                     RXF6EIDL        equ	3427	;# 
  1351   000D64                     RXF7SIDH        equ	3428	;# 
  1352   000D65                     RXF7SIDL        equ	3429	;# 
  1353   000D66                     RXF7EIDH        equ	3430	;# 
  1354   000D67                     RXF7EIDL        equ	3431	;# 
  1355   000D68                     RXF8SIDH        equ	3432	;# 
  1356   000D69                     RXF8SIDL        equ	3433	;# 
  1357   000D6A                     RXF8EIDH        equ	3434	;# 
  1358   000D6B                     RXF8EIDL        equ	3435	;# 
  1359   000D70                     RXF9SIDH        equ	3440	;# 
  1360   000D71                     RXF9SIDL        equ	3441	;# 
  1361   000D72                     RXF9EIDH        equ	3442	;# 
  1362   000D73                     RXF9EIDL        equ	3443	;# 
  1363   000D74                     RXF10SIDH       equ	3444	;# 
  1364   000D75                     RXF10SIDL       equ	3445	;# 
  1365   000D76                     RXF10EIDH       equ	3446	;# 
  1366   000D77                     RXF10EIDL       equ	3447	;# 
  1367   000D78                     RXF11SIDH       equ	3448	;# 
  1368   000D79                     RXF11SIDL       equ	3449	;# 
  1369   000D7A                     RXF11EIDH       equ	3450	;# 
  1370   000D7B                     RXF11EIDL       equ	3451	;# 
  1371   000D80                     RXF12SIDH       equ	3456	;# 
  1372   000D81                     RXF12SIDL       equ	3457	;# 
  1373   000D82                     RXF12EIDH       equ	3458	;# 
  1374   000D83                     RXF12EIDL       equ	3459	;# 
  1375   000D84                     RXF13SIDH       equ	3460	;# 
  1376   000D85                     RXF13SIDL       equ	3461	;# 
  1377   000D86                     RXF13EIDH       equ	3462	;# 
  1378   000D87                     RXF13EIDL       equ	3463	;# 
  1379   000D88                     RXF14SIDH       equ	3464	;# 
  1380   000D89                     RXF14SIDL       equ	3465	;# 
  1381   000D8A                     RXF14EIDH       equ	3466	;# 
  1382   000D8B                     RXF14EIDL       equ	3467	;# 
  1383   000D90                     RXF15SIDH       equ	3472	;# 
  1384   000D91                     RXF15SIDL       equ	3473	;# 
  1385   000D92                     RXF15EIDH       equ	3474	;# 
  1386   000D93                     RXF15EIDL       equ	3475	;# 
  1387   000DD4                     RXFCON0         equ	3540	;# 
  1388   000DD5                     RXFCON1         equ	3541	;# 
  1389   000DD8                     SDFLC           equ	3544	;# 
  1390   000DE0                     RXFBCON0        equ	3552	;# 
  1391   000DE1                     RXFBCON1        equ	3553	;# 
  1392   000DE2                     RXFBCON2        equ	3554	;# 
  1393   000DE3                     RXFBCON3        equ	3555	;# 
  1394   000DE4                     RXFBCON4        equ	3556	;# 
  1395   000DE5                     RXFBCON5        equ	3557	;# 
  1396   000DE6                     RXFBCON6        equ	3558	;# 
  1397   000DE7                     RXFBCON7        equ	3559	;# 
  1398   000DF0                     MSEL0           equ	3568	;# 
  1399   000DF1                     MSEL1           equ	3569	;# 
  1400   000DF2                     MSEL2           equ	3570	;# 
  1401   000DF3                     MSEL3           equ	3571	;# 
  1402   000DF8                     BSEL0           equ	3576	;# 
  1403   000DFA                     BIE0            equ	3578	;# 
  1404   000DFC                     TXBIE           equ	3580	;# 
  1405   000E20                     B0CON           equ	3616	;# 
  1406   000E21                     B0SIDH          equ	3617	;# 
  1407   000E22                     B0SIDL          equ	3618	;# 
  1408   000E23                     B0EIDH          equ	3619	;# 
  1409   000E24                     B0EIDL          equ	3620	;# 
  1410   000E25                     B0DLC           equ	3621	;# 
  1411   000E26                     B0D0            equ	3622	;# 
  1412   000E27                     B0D1            equ	3623	;# 
  1413   000E28                     B0D2            equ	3624	;# 
  1414   000E29                     B0D3            equ	3625	;# 
  1415   000E2A                     B0D4            equ	3626	;# 
  1416   000E2B                     B0D5            equ	3627	;# 
  1417   000E2C                     B0D6            equ	3628	;# 
  1418   000E2D                     B0D7            equ	3629	;# 
  1419   000E2E                     CANSTAT_RO9     equ	3630	;# 
  1420   000E2F                     CANCON_RO9      equ	3631	;# 
  1421   000E30                     B1CON           equ	3632	;# 
  1422   000E31                     B1SIDH          equ	3633	;# 
  1423   000E32                     B1SIDL          equ	3634	;# 
  1424   000E33                     B1EIDH          equ	3635	;# 
  1425   000E34                     B1EIDL          equ	3636	;# 
  1426   000E35                     B1DLC           equ	3637	;# 
  1427   000E36                     B1D0            equ	3638	;# 
  1428   000E37                     B1D1            equ	3639	;# 
  1429   000E38                     B1D2            equ	3640	;# 
  1430   000E39                     B1D3            equ	3641	;# 
  1431   000E3A                     B1D4            equ	3642	;# 
  1432   000E3B                     B1D5            equ	3643	;# 
  1433   000E3C                     B1D6            equ	3644	;# 
  1434   000E3D                     B1D7            equ	3645	;# 
  1435   000E3E                     CANSTAT_RO8     equ	3646	;# 
  1436   000E3F                     CANCON_RO8      equ	3647	;# 
  1437   000E40                     B2CON           equ	3648	;# 
  1438   000E41                     B2SIDH          equ	3649	;# 
  1439   000E42                     B2SIDL          equ	3650	;# 
  1440   000E43                     B2EIDH          equ	3651	;# 
  1441   000E44                     B2EIDL          equ	3652	;# 
  1442   000E45                     B2DLC           equ	3653	;# 
  1443   000E46                     B2D0            equ	3654	;# 
  1444   000E47                     B2D1            equ	3655	;# 
  1445   000E48                     B2D2            equ	3656	;# 
  1446   000E49                     B2D3            equ	3657	;# 
  1447   000E4A                     B2D4            equ	3658	;# 
  1448   000E4B                     B2D5            equ	3659	;# 
  1449   000E4C                     B2D6            equ	3660	;# 
  1450   000E4D                     B2D7            equ	3661	;# 
  1451   000E4E                     CANSTAT_RO7     equ	3662	;# 
  1452   000E4F                     CANCON_RO7      equ	3663	;# 
  1453   000E50                     B3CON           equ	3664	;# 
  1454   000E51                     B3SIDH          equ	3665	;# 
  1455   000E52                     B3SIDL          equ	3666	;# 
  1456   000E53                     B3EIDH          equ	3667	;# 
  1457   000E54                     B3EIDL          equ	3668	;# 
  1458   000E55                     B3DLC           equ	3669	;# 
  1459   000E56                     B3D0            equ	3670	;# 
  1460   000E57                     B3D1            equ	3671	;# 
  1461   000E58                     B3D2            equ	3672	;# 
  1462   000E59                     B3D3            equ	3673	;# 
  1463   000E5A                     B3D4            equ	3674	;# 
  1464   000E5B                     B3D5            equ	3675	;# 
  1465   000E5C                     B3D6            equ	3676	;# 
  1466   000E5D                     B3D7            equ	3677	;# 
  1467   000E5E                     CANSTAT_RO6     equ	3678	;# 
  1468   000E5F                     CANCON_RO6      equ	3679	;# 
  1469   000E60                     B4CON           equ	3680	;# 
  1470   000E61                     B4SIDH          equ	3681	;# 
  1471   000E62                     B4SIDL          equ	3682	;# 
  1472   000E63                     B4EIDH          equ	3683	;# 
  1473   000E64                     B4EIDL          equ	3684	;# 
  1474   000E65                     B4DLC           equ	3685	;# 
  1475   000E66                     B4D0            equ	3686	;# 
  1476   000E67                     B4D1            equ	3687	;# 
  1477   000E68                     B4D2            equ	3688	;# 
  1478   000E69                     B4D3            equ	3689	;# 
  1479   000E6A                     B4D4            equ	3690	;# 
  1480   000E6B                     B4D5            equ	3691	;# 
  1481   000E6C                     B4D6            equ	3692	;# 
  1482   000E6D                     B4D7            equ	3693	;# 
  1483   000E6E                     CANSTAT_RO5     equ	3694	;# 
  1484   000E6F                     CANCON_RO5      equ	3695	;# 
  1485   000E70                     B5CON           equ	3696	;# 
  1486   000E71                     B5SIDH          equ	3697	;# 
  1487   000E72                     B5SIDL          equ	3698	;# 
  1488   000E73                     B5EIDH          equ	3699	;# 
  1489   000E74                     B5EIDL          equ	3700	;# 
  1490   000E75                     B5DLC           equ	3701	;# 
  1491   000E76                     B5D0            equ	3702	;# 
  1492   000E77                     B5D1            equ	3703	;# 
  1493   000E78                     B5D2            equ	3704	;# 
  1494   000E79                     B5D3            equ	3705	;# 
  1495   000E7A                     B5D4            equ	3706	;# 
  1496   000E7B                     B5D5            equ	3707	;# 
  1497   000E7C                     B5D6            equ	3708	;# 
  1498   000E7D                     B5D7            equ	3709	;# 
  1499   000E7E                     CANSTAT_RO4     equ	3710	;# 
  1500   000E7F                     CANCON_RO4      equ	3711	;# 
  1501   000F00                     RXF0SIDH        equ	3840	;# 
  1502   000F01                     RXF0SIDL        equ	3841	;# 
  1503   000F02                     RXF0EIDH        equ	3842	;# 
  1504   000F03                     RXF0EIDL        equ	3843	;# 
  1505   000F04                     RXF1SIDH        equ	3844	;# 
  1506   000F05                     RXF1SIDL        equ	3845	;# 
  1507   000F06                     RXF1EIDH        equ	3846	;# 
  1508   000F07                     RXF1EIDL        equ	3847	;# 
  1509   000F08                     RXF2SIDH        equ	3848	;# 
  1510   000F09                     RXF2SIDL        equ	3849	;# 
  1511   000F0A                     RXF2EIDH        equ	3850	;# 
  1512   000F0B                     RXF2EIDL        equ	3851	;# 
  1513   000F0C                     RXF3SIDH        equ	3852	;# 
  1514   000F0D                     RXF3SIDL        equ	3853	;# 
  1515   000F0E                     RXF3EIDH        equ	3854	;# 
  1516   000F0F                     RXF3EIDL        equ	3855	;# 
  1517   000F10                     RXF4SIDH        equ	3856	;# 
  1518   000F11                     RXF4SIDL        equ	3857	;# 
  1519   000F12                     RXF4EIDH        equ	3858	;# 
  1520   000F13                     RXF4EIDL        equ	3859	;# 
  1521   000F14                     RXF5SIDH        equ	3860	;# 
  1522   000F15                     RXF5SIDL        equ	3861	;# 
  1523   000F16                     RXF5EIDH        equ	3862	;# 
  1524   000F17                     RXF5EIDL        equ	3863	;# 
  1525   000F18                     RXM0SIDH        equ	3864	;# 
  1526   000F19                     RXM0SIDL        equ	3865	;# 
  1527   000F1A                     RXM0EIDH        equ	3866	;# 
  1528   000F1B                     RXM0EIDL        equ	3867	;# 
  1529   000F1C                     RXM1SIDH        equ	3868	;# 
  1530   000F1D                     RXM1SIDL        equ	3869	;# 
  1531   000F1E                     RXM1EIDH        equ	3870	;# 
  1532   000F1F                     RXM1EIDL        equ	3871	;# 
  1533   000F20                     TXB2CON         equ	3872	;# 
  1534   000F21                     TXB2SIDH        equ	3873	;# 
  1535   000F22                     TXB2SIDL        equ	3874	;# 
  1536   000F23                     TXB2EIDH        equ	3875	;# 
  1537   000F24                     TXB2EIDL        equ	3876	;# 
  1538   000F25                     TXB2DLC         equ	3877	;# 
  1539   000F26                     TXB2D0          equ	3878	;# 
  1540   000F27                     TXB2D1          equ	3879	;# 
  1541   000F28                     TXB2D2          equ	3880	;# 
  1542   000F29                     TXB2D3          equ	3881	;# 
  1543   000F2A                     TXB2D4          equ	3882	;# 
  1544   000F2B                     TXB2D5          equ	3883	;# 
  1545   000F2C                     TXB2D6          equ	3884	;# 
  1546   000F2D                     TXB2D7          equ	3885	;# 
  1547   000F2E                     CANSTAT_RO3     equ	3886	;# 
  1548   000F2F                     CANCON_RO3      equ	3887	;# 
  1549   000F30                     TXB1CON         equ	3888	;# 
  1550   000F31                     TXB1SIDH        equ	3889	;# 
  1551   000F32                     TXB1SIDL        equ	3890	;# 
  1552   000F33                     TXB1EIDH        equ	3891	;# 
  1553   000F34                     TXB1EIDL        equ	3892	;# 
  1554   000F35                     TXB1DLC         equ	3893	;# 
  1555   000F36                     TXB1D0          equ	3894	;# 
  1556   000F37                     TXB1D1          equ	3895	;# 
  1557   000F38                     TXB1D2          equ	3896	;# 
  1558   000F39                     TXB1D3          equ	3897	;# 
  1559   000F3A                     TXB1D4          equ	3898	;# 
  1560   000F3B                     TXB1D5          equ	3899	;# 
  1561   000F3C                     TXB1D6          equ	3900	;# 
  1562   000F3D                     TXB1D7          equ	3901	;# 
  1563   000F3E                     CANSTAT_RO2     equ	3902	;# 
  1564   000F3F                     CANCON_RO2      equ	3903	;# 
  1565   000F40                     TXB0CON         equ	3904	;# 
  1566   000F41                     TXB0SIDH        equ	3905	;# 
  1567   000F42                     TXB0SIDL        equ	3906	;# 
  1568   000F43                     TXB0EIDH        equ	3907	;# 
  1569   000F44                     TXB0EIDL        equ	3908	;# 
  1570   000F45                     TXB0DLC         equ	3909	;# 
  1571   000F46                     TXB0D0          equ	3910	;# 
  1572   000F47                     TXB0D1          equ	3911	;# 
  1573   000F48                     TXB0D2          equ	3912	;# 
  1574   000F49                     TXB0D3          equ	3913	;# 
  1575   000F4A                     TXB0D4          equ	3914	;# 
  1576   000F4B                     TXB0D5          equ	3915	;# 
  1577   000F4C                     TXB0D6          equ	3916	;# 
  1578   000F4D                     TXB0D7          equ	3917	;# 
  1579   000F4E                     CANSTAT_RO1     equ	3918	;# 
  1580   000F4F                     CANCON_RO1      equ	3919	;# 
  1581   000F50                     RXB1CON         equ	3920	;# 
  1582   000F51                     RXB1SIDH        equ	3921	;# 
  1583   000F52                     RXB1SIDL        equ	3922	;# 
  1584   000F53                     RXB1EIDH        equ	3923	;# 
  1585   000F54                     RXB1EIDL        equ	3924	;# 
  1586   000F55                     RXB1DLC         equ	3925	;# 
  1587   000F56                     RXB1D0          equ	3926	;# 
  1588   000F57                     RXB1D1          equ	3927	;# 
  1589   000F58                     RXB1D2          equ	3928	;# 
  1590   000F59                     RXB1D3          equ	3929	;# 
  1591   000F5A                     RXB1D4          equ	3930	;# 
  1592   000F5B                     RXB1D5          equ	3931	;# 
  1593   000F5C                     RXB1D6          equ	3932	;# 
  1594   000F5D                     RXB1D7          equ	3933	;# 
  1595   000F5E                     CANSTAT_RO0     equ	3934	;# 
  1596   000F5F                     CANCON_RO0      equ	3935	;# 
  1597   000F60                     RXB0CON         equ	3936	;# 
  1598   000F61                     RXB0SIDH        equ	3937	;# 
  1599   000F62                     RXB0SIDL        equ	3938	;# 
  1600   000F63                     RXB0EIDH        equ	3939	;# 
  1601   000F64                     RXB0EIDL        equ	3940	;# 
  1602   000F65                     RXB0DLC         equ	3941	;# 
  1603   000F66                     RXB0D0          equ	3942	;# 
  1604   000F67                     RXB0D1          equ	3943	;# 
  1605   000F68                     RXB0D2          equ	3944	;# 
  1606   000F69                     RXB0D3          equ	3945	;# 
  1607   000F6A                     RXB0D4          equ	3946	;# 
  1608   000F6B                     RXB0D5          equ	3947	;# 
  1609   000F6C                     RXB0D6          equ	3948	;# 
  1610   000F6D                     RXB0D7          equ	3949	;# 
  1611   000F6E                     CANSTAT         equ	3950	;# 
  1612   000F6F                     CANCON          equ	3951	;# 
  1613   000F70                     BRGCON1         equ	3952	;# 
  1614   000F71                     BRGCON2         equ	3953	;# 
  1615   000F72                     BRGCON3         equ	3954	;# 
  1616   000F73                     CIOCON          equ	3955	;# 
  1617   000F74                     COMSTAT         equ	3956	;# 
  1618   000F75                     RXERRCNT        equ	3957	;# 
  1619   000F76                     TXERRCNT        equ	3958	;# 
  1620   000F77                     ECANCON         equ	3959	;# 
  1621   000F80                     PORTA           equ	3968	;# 
  1622   000F81                     PORTB           equ	3969	;# 
  1623   000F82                     PORTC           equ	3970	;# 
  1624   000F83                     PORTD           equ	3971	;# 
  1625   000F84                     PORTE           equ	3972	;# 
  1626   000F89                     LATA            equ	3977	;# 
  1627   000F8A                     LATB            equ	3978	;# 
  1628   000F8B                     LATC            equ	3979	;# 
  1629   000F8C                     LATD            equ	3980	;# 
  1630   000F8D                     LATE            equ	3981	;# 
  1631   000F92                     TRISA           equ	3986	;# 
  1632   000F92                     DDRA            equ	3986	;# 
  1633   000F93                     TRISB           equ	3987	;# 
  1634   000F93                     DDRB            equ	3987	;# 
  1635   000F94                     TRISC           equ	3988	;# 
  1636   000F94                     DDRC            equ	3988	;# 
  1637   000F95                     TRISD           equ	3989	;# 
  1638   000F95                     DDRD            equ	3989	;# 
  1639   000F96                     TRISE           equ	3990	;# 
  1640   000F96                     DDRE            equ	3990	;# 
  1641   000F9B                     OSCTUNE         equ	3995	;# 
  1642   000F9D                     PIE1            equ	3997	;# 
  1643   000F9E                     PIR1            equ	3998	;# 
  1644   000F9F                     IPR1            equ	3999	;# 
  1645   000FA0                     PIE2            equ	4000	;# 
  1646   000FA1                     PIR2            equ	4001	;# 
  1647   000FA2                     IPR2            equ	4002	;# 
  1648   000FA3                     PIE3            equ	4003	;# 
  1649   000FA4                     PIR3            equ	4004	;# 
  1650   000FA5                     IPR3            equ	4005	;# 
  1651   000FA6                     EECON1          equ	4006	;# 
  1652   000FA7                     EECON2          equ	4007	;# 
  1653   000FA8                     EEDATA          equ	4008	;# 
  1654   000FA9                     EEADR           equ	4009	;# 
  1655   000FAB                     RCSTA           equ	4011	;# 
  1656   000FAB                     RCSTA1          equ	4011	;# 
  1657   000FAC                     TXSTA           equ	4012	;# 
  1658   000FAC                     TXSTA1          equ	4012	;# 
  1659   000FAD                     TXREG           equ	4013	;# 
  1660   000FAD                     TXREG1          equ	4013	;# 
  1661   000FAE                     RCREG           equ	4014	;# 
  1662   000FAE                     RCREG1          equ	4014	;# 
  1663   000FAF                     SPBRG           equ	4015	;# 
  1664   000FAF                     SPBRG1          equ	4015	;# 
  1665   000FB0                     SPBRGH          equ	4016	;# 
  1666   000FB1                     T3CON           equ	4017	;# 
  1667   000FB2                     TMR3            equ	4018	;# 
  1668   000FB2                     TMR3L           equ	4018	;# 
  1669   000FB3                     TMR3H           equ	4019	;# 
  1670   000FB4                     CMCON           equ	4020	;# 
  1671   000FB5                     CVRCON          equ	4021	;# 
  1672   000FB6                     ECCP1AS         equ	4022	;# 
  1673   000FB7                     ECCP1DEL        equ	4023	;# 
  1674   000FB8                     BAUDCON         equ	4024	;# 
  1675   000FB8                     BAUDCTL         equ	4024	;# 
  1676   000FBA                     ECCP1CON        equ	4026	;# 
  1677   000FBB                     ECCPR1          equ	4027	;# 
  1678   000FBB                     ECCPR1L         equ	4027	;# 
  1679   000FBC                     ECCPR1H         equ	4028	;# 
  1680   000FBD                     CCP1CON         equ	4029	;# 
  1681   000FBE                     CCPR1           equ	4030	;# 
  1682   000FBE                     CCPR1L          equ	4030	;# 
  1683   000FBF                     CCPR1H          equ	4031	;# 
  1684   000FC0                     ADCON2          equ	4032	;# 
  1685   000FC1                     ADCON1          equ	4033	;# 
  1686   000FC2                     ADCON0          equ	4034	;# 
  1687   000FC3                     ADRES           equ	4035	;# 
  1688   000FC3                     ADRESL          equ	4035	;# 
  1689   000FC4                     ADRESH          equ	4036	;# 
  1690   000FC5                     SSPCON2         equ	4037	;# 
  1691   000FC6                     SSPCON1         equ	4038	;# 
  1692   000FC7                     SSPSTAT         equ	4039	;# 
  1693   000FC8                     SSPADD          equ	4040	;# 
  1694   000FC9                     SSPBUF          equ	4041	;# 
  1695   000FCA                     T2CON           equ	4042	;# 
  1696   000FCB                     PR2             equ	4043	;# 
  1697   000FCB                     MEMCON          equ	4043	;# 
  1698   000FCC                     TMR2            equ	4044	;# 
  1699   000FCD                     T1CON           equ	4045	;# 
  1700   000FCE                     TMR1            equ	4046	;# 
  1701   000FCE                     TMR1L           equ	4046	;# 
  1702   000FCF                     TMR1H           equ	4047	;# 
  1703   000FD0                     RCON            equ	4048	;# 
  1704   000FD1                     WDTCON          equ	4049	;# 
  1705   000FD2                     HLVDCON         equ	4050	;# 
  1706   000FD2                     LVDCON          equ	4050	;# 
  1707   000FD3                     OSCCON          equ	4051	;# 
  1708   000FD5                     T0CON           equ	4053	;# 
  1709   000FD6                     TMR0            equ	4054	;# 
  1710   000FD6                     TMR0L           equ	4054	;# 
  1711   000FD7                     TMR0H           equ	4055	;# 
  1712   000FD8                     STATUS          equ	4056	;# 
  1713   000FD9                     FSR2            equ	4057	;# 
  1714   000FD9                     FSR2L           equ	4057	;# 
  1715   000FDA                     FSR2H           equ	4058	;# 
  1716   000FDB                     PLUSW2          equ	4059	;# 
  1717   000FDC                     PREINC2         equ	4060	;# 
  1718   000FDD                     POSTDEC2        equ	4061	;# 
  1719   000FDE                     POSTINC2        equ	4062	;# 
  1720   000FDF                     INDF2           equ	4063	;# 
  1721   000FE0                     BSR             equ	4064	;# 
  1722   000FE1                     FSR1            equ	4065	;# 
  1723   000FE1                     FSR1L           equ	4065	;# 
  1724   000FE2                     FSR1H           equ	4066	;# 
  1725   000FE3                     PLUSW1          equ	4067	;# 
  1726   000FE4                     PREINC1         equ	4068	;# 
  1727   000FE5                     POSTDEC1        equ	4069	;# 
  1728   000FE6                     POSTINC1        equ	4070	;# 
  1729   000FE7                     INDF1           equ	4071	;# 
  1730   000FE8                     WREG            equ	4072	;# 
  1731   000FE9                     FSR0            equ	4073	;# 
  1732   000FE9                     FSR0L           equ	4073	;# 
  1733   000FEA                     FSR0H           equ	4074	;# 
  1734   000FEB                     PLUSW0          equ	4075	;# 
  1735   000FEC                     PREINC0         equ	4076	;# 
  1736   000FED                     POSTDEC0        equ	4077	;# 
  1737   000FEE                     POSTINC0        equ	4078	;# 
  1738   000FEF                     INDF0           equ	4079	;# 
  1739   000FF0                     INTCON3         equ	4080	;# 
  1740   000FF1                     INTCON2         equ	4081	;# 
  1741   000FF2                     INTCON          equ	4082	;# 
  1742   000FF3                     PROD            equ	4083	;# 
  1743   000FF3                     PRODL           equ	4083	;# 
  1744   000FF4                     PRODH           equ	4084	;# 
  1745   000FF5                     TABLAT          equ	4085	;# 
  1746   000FF6                     TBLPTR          equ	4086	;# 
  1747   000FF6                     TBLPTRL         equ	4086	;# 
  1748   000FF7                     TBLPTRH         equ	4087	;# 
  1749   000FF8                     TBLPTRU         equ	4088	;# 
  1750   000FF9                     PCLAT           equ	4089	;# 
  1751   000FF9                     PC              equ	4089	;# 
  1752   000FF9                     PCL             equ	4089	;# 
  1753   000FFA                     PCLATH          equ	4090	;# 
  1754   000FFB                     PCLATU          equ	4091	;# 
  1755   000FFC                     STKPTR          equ	4092	;# 
  1756   000FFD                     TOS             equ	4093	;# 
  1757   000FFD                     TOSL            equ	4093	;# 
  1758   000FFE                     TOSH            equ	4094	;# 
  1759   000FFF                     TOSU            equ	4095	;# 
  1760   000D60                     RXF6SIDH        equ	3424	;# 
  1761   000D61                     RXF6SIDL        equ	3425	;# 
  1762   000D62                     RXF6EIDH        equ	3426	;# 
  1763   000D63                     RXF6EIDL        equ	3427	;# 
  1764   000D64                     RXF7SIDH        equ	3428	;# 
  1765   000D65                     RXF7SIDL        equ	3429	;# 
  1766   000D66                     RXF7EIDH        equ	3430	;# 
  1767   000D67                     RXF7EIDL        equ	3431	;# 
  1768   000D68                     RXF8SIDH        equ	3432	;# 
  1769   000D69                     RXF8SIDL        equ	3433	;# 
  1770   000D6A                     RXF8EIDH        equ	3434	;# 
  1771   000D6B                     RXF8EIDL        equ	3435	;# 
  1772   000D70                     RXF9SIDH        equ	3440	;# 
  1773   000D71                     RXF9SIDL        equ	3441	;# 
  1774   000D72                     RXF9EIDH        equ	3442	;# 
  1775   000D73                     RXF9EIDL        equ	3443	;# 
  1776   000D74                     RXF10SIDH       equ	3444	;# 
  1777   000D75                     RXF10SIDL       equ	3445	;# 
  1778   000D76                     RXF10EIDH       equ	3446	;# 
  1779   000D77                     RXF10EIDL       equ	3447	;# 
  1780   000D78                     RXF11SIDH       equ	3448	;# 
  1781   000D79                     RXF11SIDL       equ	3449	;# 
  1782   000D7A                     RXF11EIDH       equ	3450	;# 
  1783   000D7B                     RXF11EIDL       equ	3451	;# 
  1784   000D80                     RXF12SIDH       equ	3456	;# 
  1785   000D81                     RXF12SIDL       equ	3457	;# 
  1786   000D82                     RXF12EIDH       equ	3458	;# 
  1787   000D83                     RXF12EIDL       equ	3459	;# 
  1788   000D84                     RXF13SIDH       equ	3460	;# 
  1789   000D85                     RXF13SIDL       equ	3461	;# 
  1790   000D86                     RXF13EIDH       equ	3462	;# 
  1791   000D87                     RXF13EIDL       equ	3463	;# 
  1792   000D88                     RXF14SIDH       equ	3464	;# 
  1793   000D89                     RXF14SIDL       equ	3465	;# 
  1794   000D8A                     RXF14EIDH       equ	3466	;# 
  1795   000D8B                     RXF14EIDL       equ	3467	;# 
  1796   000D90                     RXF15SIDH       equ	3472	;# 
  1797   000D91                     RXF15SIDL       equ	3473	;# 
  1798   000D92                     RXF15EIDH       equ	3474	;# 
  1799   000D93                     RXF15EIDL       equ	3475	;# 
  1800   000DD4                     RXFCON0         equ	3540	;# 
  1801   000DD5                     RXFCON1         equ	3541	;# 
  1802   000DD8                     SDFLC           equ	3544	;# 
  1803   000DE0                     RXFBCON0        equ	3552	;# 
  1804   000DE1                     RXFBCON1        equ	3553	;# 
  1805   000DE2                     RXFBCON2        equ	3554	;# 
  1806   000DE3                     RXFBCON3        equ	3555	;# 
  1807   000DE4                     RXFBCON4        equ	3556	;# 
  1808   000DE5                     RXFBCON5        equ	3557	;# 
  1809   000DE6                     RXFBCON6        equ	3558	;# 
  1810   000DE7                     RXFBCON7        equ	3559	;# 
  1811   000DF0                     MSEL0           equ	3568	;# 
  1812   000DF1                     MSEL1           equ	3569	;# 
  1813   000DF2                     MSEL2           equ	3570	;# 
  1814   000DF3                     MSEL3           equ	3571	;# 
  1815   000DF8                     BSEL0           equ	3576	;# 
  1816   000DFA                     BIE0            equ	3578	;# 
  1817   000DFC                     TXBIE           equ	3580	;# 
  1818   000E20                     B0CON           equ	3616	;# 
  1819   000E21                     B0SIDH          equ	3617	;# 
  1820   000E22                     B0SIDL          equ	3618	;# 
  1821   000E23                     B0EIDH          equ	3619	;# 
  1822   000E24                     B0EIDL          equ	3620	;# 
  1823   000E25                     B0DLC           equ	3621	;# 
  1824   000E26                     B0D0            equ	3622	;# 
  1825   000E27                     B0D1            equ	3623	;# 
  1826   000E28                     B0D2            equ	3624	;# 
  1827   000E29                     B0D3            equ	3625	;# 
  1828   000E2A                     B0D4            equ	3626	;# 
  1829   000E2B                     B0D5            equ	3627	;# 
  1830   000E2C                     B0D6            equ	3628	;# 
  1831   000E2D                     B0D7            equ	3629	;# 
  1832   000E2E                     CANSTAT_RO9     equ	3630	;# 
  1833   000E2F                     CANCON_RO9      equ	3631	;# 
  1834   000E30                     B1CON           equ	3632	;# 
  1835   000E31                     B1SIDH          equ	3633	;# 
  1836   000E32                     B1SIDL          equ	3634	;# 
  1837   000E33                     B1EIDH          equ	3635	;# 
  1838   000E34                     B1EIDL          equ	3636	;# 
  1839   000E35                     B1DLC           equ	3637	;# 
  1840   000E36                     B1D0            equ	3638	;# 
  1841   000E37                     B1D1            equ	3639	;# 
  1842   000E38                     B1D2            equ	3640	;# 
  1843   000E39                     B1D3            equ	3641	;# 
  1844   000E3A                     B1D4            equ	3642	;# 
  1845   000E3B                     B1D5            equ	3643	;# 
  1846   000E3C                     B1D6            equ	3644	;# 
  1847   000E3D                     B1D7            equ	3645	;# 
  1848   000E3E                     CANSTAT_RO8     equ	3646	;# 
  1849   000E3F                     CANCON_RO8      equ	3647	;# 
  1850   000E40                     B2CON           equ	3648	;# 
  1851   000E41                     B2SIDH          equ	3649	;# 
  1852   000E42                     B2SIDL          equ	3650	;# 
  1853   000E43                     B2EIDH          equ	3651	;# 
  1854   000E44                     B2EIDL          equ	3652	;# 
  1855   000E45                     B2DLC           equ	3653	;# 
  1856   000E46                     B2D0            equ	3654	;# 
  1857   000E47                     B2D1            equ	3655	;# 
  1858   000E48                     B2D2            equ	3656	;# 
  1859   000E49                     B2D3            equ	3657	;# 
  1860   000E4A                     B2D4            equ	3658	;# 
  1861   000E4B                     B2D5            equ	3659	;# 
  1862   000E4C                     B2D6            equ	3660	;# 
  1863   000E4D                     B2D7            equ	3661	;# 
  1864   000E4E                     CANSTAT_RO7     equ	3662	;# 
  1865   000E4F                     CANCON_RO7      equ	3663	;# 
  1866   000E50                     B3CON           equ	3664	;# 
  1867   000E51                     B3SIDH          equ	3665	;# 
  1868   000E52                     B3SIDL          equ	3666	;# 
  1869   000E53                     B3EIDH          equ	3667	;# 
  1870   000E54                     B3EIDL          equ	3668	;# 
  1871   000E55                     B3DLC           equ	3669	;# 
  1872   000E56                     B3D0            equ	3670	;# 
  1873   000E57                     B3D1            equ	3671	;# 
  1874   000E58                     B3D2            equ	3672	;# 
  1875   000E59                     B3D3            equ	3673	;# 
  1876   000E5A                     B3D4            equ	3674	;# 
  1877   000E5B                     B3D5            equ	3675	;# 
  1878   000E5C                     B3D6            equ	3676	;# 
  1879   000E5D                     B3D7            equ	3677	;# 
  1880   000E5E                     CANSTAT_RO6     equ	3678	;# 
  1881   000E5F                     CANCON_RO6      equ	3679	;# 
  1882   000E60                     B4CON           equ	3680	;# 
  1883   000E61                     B4SIDH          equ	3681	;# 
  1884   000E62                     B4SIDL          equ	3682	;# 
  1885   000E63                     B4EIDH          equ	3683	;# 
  1886   000E64                     B4EIDL          equ	3684	;# 
  1887   000E65                     B4DLC           equ	3685	;# 
  1888   000E66                     B4D0            equ	3686	;# 
  1889   000E67                     B4D1            equ	3687	;# 
  1890   000E68                     B4D2            equ	3688	;# 
  1891   000E69                     B4D3            equ	3689	;# 
  1892   000E6A                     B4D4            equ	3690	;# 
  1893   000E6B                     B4D5            equ	3691	;# 
  1894   000E6C                     B4D6            equ	3692	;# 
  1895   000E6D                     B4D7            equ	3693	;# 
  1896   000E6E                     CANSTAT_RO5     equ	3694	;# 
  1897   000E6F                     CANCON_RO5      equ	3695	;# 
  1898   000E70                     B5CON           equ	3696	;# 
  1899   000E71                     B5SIDH          equ	3697	;# 
  1900   000E72                     B5SIDL          equ	3698	;# 
  1901   000E73                     B5EIDH          equ	3699	;# 
  1902   000E74                     B5EIDL          equ	3700	;# 
  1903   000E75                     B5DLC           equ	3701	;# 
  1904   000E76                     B5D0            equ	3702	;# 
  1905   000E77                     B5D1            equ	3703	;# 
  1906   000E78                     B5D2            equ	3704	;# 
  1907   000E79                     B5D3            equ	3705	;# 
  1908   000E7A                     B5D4            equ	3706	;# 
  1909   000E7B                     B5D5            equ	3707	;# 
  1910   000E7C                     B5D6            equ	3708	;# 
  1911   000E7D                     B5D7            equ	3709	;# 
  1912   000E7E                     CANSTAT_RO4     equ	3710	;# 
  1913   000E7F                     CANCON_RO4      equ	3711	;# 
  1914   000F00                     RXF0SIDH        equ	3840	;# 
  1915   000F01                     RXF0SIDL        equ	3841	;# 
  1916   000F02                     RXF0EIDH        equ	3842	;# 
  1917   000F03                     RXF0EIDL        equ	3843	;# 
  1918   000F04                     RXF1SIDH        equ	3844	;# 
  1919   000F05                     RXF1SIDL        equ	3845	;# 
  1920   000F06                     RXF1EIDH        equ	3846	;# 
  1921   000F07                     RXF1EIDL        equ	3847	;# 
  1922   000F08                     RXF2SIDH        equ	3848	;# 
  1923   000F09                     RXF2SIDL        equ	3849	;# 
  1924   000F0A                     RXF2EIDH        equ	3850	;# 
  1925   000F0B                     RXF2EIDL        equ	3851	;# 
  1926   000F0C                     RXF3SIDH        equ	3852	;# 
  1927   000F0D                     RXF3SIDL        equ	3853	;# 
  1928   000F0E                     RXF3EIDH        equ	3854	;# 
  1929   000F0F                     RXF3EIDL        equ	3855	;# 
  1930   000F10                     RXF4SIDH        equ	3856	;# 
  1931   000F11                     RXF4SIDL        equ	3857	;# 
  1932   000F12                     RXF4EIDH        equ	3858	;# 
  1933   000F13                     RXF4EIDL        equ	3859	;# 
  1934   000F14                     RXF5SIDH        equ	3860	;# 
  1935   000F15                     RXF5SIDL        equ	3861	;# 
  1936   000F16                     RXF5EIDH        equ	3862	;# 
  1937   000F17                     RXF5EIDL        equ	3863	;# 
  1938   000F18                     RXM0SIDH        equ	3864	;# 
  1939   000F19                     RXM0SIDL        equ	3865	;# 
  1940   000F1A                     RXM0EIDH        equ	3866	;# 
  1941   000F1B                     RXM0EIDL        equ	3867	;# 
  1942   000F1C                     RXM1SIDH        equ	3868	;# 
  1943   000F1D                     RXM1SIDL        equ	3869	;# 
  1944   000F1E                     RXM1EIDH        equ	3870	;# 
  1945   000F1F                     RXM1EIDL        equ	3871	;# 
  1946   000F20                     TXB2CON         equ	3872	;# 
  1947   000F21                     TXB2SIDH        equ	3873	;# 
  1948   000F22                     TXB2SIDL        equ	3874	;# 
  1949   000F23                     TXB2EIDH        equ	3875	;# 
  1950   000F24                     TXB2EIDL        equ	3876	;# 
  1951   000F25                     TXB2DLC         equ	3877	;# 
  1952   000F26                     TXB2D0          equ	3878	;# 
  1953   000F27                     TXB2D1          equ	3879	;# 
  1954   000F28                     TXB2D2          equ	3880	;# 
  1955   000F29                     TXB2D3          equ	3881	;# 
  1956   000F2A                     TXB2D4          equ	3882	;# 
  1957   000F2B                     TXB2D5          equ	3883	;# 
  1958   000F2C                     TXB2D6          equ	3884	;# 
  1959   000F2D                     TXB2D7          equ	3885	;# 
  1960   000F2E                     CANSTAT_RO3     equ	3886	;# 
  1961   000F2F                     CANCON_RO3      equ	3887	;# 
  1962   000F30                     TXB1CON         equ	3888	;# 
  1963   000F31                     TXB1SIDH        equ	3889	;# 
  1964   000F32                     TXB1SIDL        equ	3890	;# 
  1965   000F33                     TXB1EIDH        equ	3891	;# 
  1966   000F34                     TXB1EIDL        equ	3892	;# 
  1967   000F35                     TXB1DLC         equ	3893	;# 
  1968   000F36                     TXB1D0          equ	3894	;# 
  1969   000F37                     TXB1D1          equ	3895	;# 
  1970   000F38                     TXB1D2          equ	3896	;# 
  1971   000F39                     TXB1D3          equ	3897	;# 
  1972   000F3A                     TXB1D4          equ	3898	;# 
  1973   000F3B                     TXB1D5          equ	3899	;# 
  1974   000F3C                     TXB1D6          equ	3900	;# 
  1975   000F3D                     TXB1D7          equ	3901	;# 
  1976   000F3E                     CANSTAT_RO2     equ	3902	;# 
  1977   000F3F                     CANCON_RO2      equ	3903	;# 
  1978   000F40                     TXB0CON         equ	3904	;# 
  1979   000F41                     TXB0SIDH        equ	3905	;# 
  1980   000F42                     TXB0SIDL        equ	3906	;# 
  1981   000F43                     TXB0EIDH        equ	3907	;# 
  1982   000F44                     TXB0EIDL        equ	3908	;# 
  1983   000F45                     TXB0DLC         equ	3909	;# 
  1984   000F46                     TXB0D0          equ	3910	;# 
  1985   000F47                     TXB0D1          equ	3911	;# 
  1986   000F48                     TXB0D2          equ	3912	;# 
  1987   000F49                     TXB0D3          equ	3913	;# 
  1988   000F4A                     TXB0D4          equ	3914	;# 
  1989   000F4B                     TXB0D5          equ	3915	;# 
  1990   000F4C                     TXB0D6          equ	3916	;# 
  1991   000F4D                     TXB0D7          equ	3917	;# 
  1992   000F4E                     CANSTAT_RO1     equ	3918	;# 
  1993   000F4F                     CANCON_RO1      equ	3919	;# 
  1994   000F50                     RXB1CON         equ	3920	;# 
  1995   000F51                     RXB1SIDH        equ	3921	;# 
  1996   000F52                     RXB1SIDL        equ	3922	;# 
  1997   000F53                     RXB1EIDH        equ	3923	;# 
  1998   000F54                     RXB1EIDL        equ	3924	;# 
  1999   000F55                     RXB1DLC         equ	3925	;# 
  2000   000F56                     RXB1D0          equ	3926	;# 
  2001   000F57                     RXB1D1          equ	3927	;# 
  2002   000F58                     RXB1D2          equ	3928	;# 
  2003   000F59                     RXB1D3          equ	3929	;# 
  2004   000F5A                     RXB1D4          equ	3930	;# 
  2005   000F5B                     RXB1D5          equ	3931	;# 
  2006   000F5C                     RXB1D6          equ	3932	;# 
  2007   000F5D                     RXB1D7          equ	3933	;# 
  2008   000F5E                     CANSTAT_RO0     equ	3934	;# 
  2009   000F5F                     CANCON_RO0      equ	3935	;# 
  2010   000F60                     RXB0CON         equ	3936	;# 
  2011   000F61                     RXB0SIDH        equ	3937	;# 
  2012   000F62                     RXB0SIDL        equ	3938	;# 
  2013   000F63                     RXB0EIDH        equ	3939	;# 
  2014   000F64                     RXB0EIDL        equ	3940	;# 
  2015   000F65                     RXB0DLC         equ	3941	;# 
  2016   000F66                     RXB0D0          equ	3942	;# 
  2017   000F67                     RXB0D1          equ	3943	;# 
  2018   000F68                     RXB0D2          equ	3944	;# 
  2019   000F69                     RXB0D3          equ	3945	;# 
  2020   000F6A                     RXB0D4          equ	3946	;# 
  2021   000F6B                     RXB0D5          equ	3947	;# 
  2022   000F6C                     RXB0D6          equ	3948	;# 
  2023   000F6D                     RXB0D7          equ	3949	;# 
  2024   000F6E                     CANSTAT         equ	3950	;# 
  2025   000F6F                     CANCON          equ	3951	;# 
  2026   000F70                     BRGCON1         equ	3952	;# 
  2027   000F71                     BRGCON2         equ	3953	;# 
  2028   000F72                     BRGCON3         equ	3954	;# 
  2029   000F73                     CIOCON          equ	3955	;# 
  2030   000F74                     COMSTAT         equ	3956	;# 
  2031   000F75                     RXERRCNT        equ	3957	;# 
  2032   000F76                     TXERRCNT        equ	3958	;# 
  2033   000F77                     ECANCON         equ	3959	;# 
  2034   000F80                     PORTA           equ	3968	;# 
  2035   000F81                     PORTB           equ	3969	;# 
  2036   000F82                     PORTC           equ	3970	;# 
  2037   000F83                     PORTD           equ	3971	;# 
  2038   000F84                     PORTE           equ	3972	;# 
  2039   000F89                     LATA            equ	3977	;# 
  2040   000F8A                     LATB            equ	3978	;# 
  2041   000F8B                     LATC            equ	3979	;# 
  2042   000F8C                     LATD            equ	3980	;# 
  2043   000F8D                     LATE            equ	3981	;# 
  2044   000F92                     TRISA           equ	3986	;# 
  2045   000F92                     DDRA            equ	3986	;# 
  2046   000F93                     TRISB           equ	3987	;# 
  2047   000F93                     DDRB            equ	3987	;# 
  2048   000F94                     TRISC           equ	3988	;# 
  2049   000F94                     DDRC            equ	3988	;# 
  2050   000F95                     TRISD           equ	3989	;# 
  2051   000F95                     DDRD            equ	3989	;# 
  2052   000F96                     TRISE           equ	3990	;# 
  2053   000F96                     DDRE            equ	3990	;# 
  2054   000F9B                     OSCTUNE         equ	3995	;# 
  2055   000F9D                     PIE1            equ	3997	;# 
  2056   000F9E                     PIR1            equ	3998	;# 
  2057   000F9F                     IPR1            equ	3999	;# 
  2058   000FA0                     PIE2            equ	4000	;# 
  2059   000FA1                     PIR2            equ	4001	;# 
  2060   000FA2                     IPR2            equ	4002	;# 
  2061   000FA3                     PIE3            equ	4003	;# 
  2062   000FA4                     PIR3            equ	4004	;# 
  2063   000FA5                     IPR3            equ	4005	;# 
  2064   000FA6                     EECON1          equ	4006	;# 
  2065   000FA7                     EECON2          equ	4007	;# 
  2066   000FA8                     EEDATA          equ	4008	;# 
  2067   000FA9                     EEADR           equ	4009	;# 
  2068   000FAB                     RCSTA           equ	4011	;# 
  2069   000FAB                     RCSTA1          equ	4011	;# 
  2070   000FAC                     TXSTA           equ	4012	;# 
  2071   000FAC                     TXSTA1          equ	4012	;# 
  2072   000FAD                     TXREG           equ	4013	;# 
  2073   000FAD                     TXREG1          equ	4013	;# 
  2074   000FAE                     RCREG           equ	4014	;# 
  2075   000FAE                     RCREG1          equ	4014	;# 
  2076   000FAF                     SPBRG           equ	4015	;# 
  2077   000FAF                     SPBRG1          equ	4015	;# 
  2078   000FB0                     SPBRGH          equ	4016	;# 
  2079   000FB1                     T3CON           equ	4017	;# 
  2080   000FB2                     TMR3            equ	4018	;# 
  2081   000FB2                     TMR3L           equ	4018	;# 
  2082   000FB3                     TMR3H           equ	4019	;# 
  2083   000FB4                     CMCON           equ	4020	;# 
  2084   000FB5                     CVRCON          equ	4021	;# 
  2085   000FB6                     ECCP1AS         equ	4022	;# 
  2086   000FB7                     ECCP1DEL        equ	4023	;# 
  2087   000FB8                     BAUDCON         equ	4024	;# 
  2088   000FB8                     BAUDCTL         equ	4024	;# 
  2089   000FBA                     ECCP1CON        equ	4026	;# 
  2090   000FBB                     ECCPR1          equ	4027	;# 
  2091   000FBB                     ECCPR1L         equ	4027	;# 
  2092   000FBC                     ECCPR1H         equ	4028	;# 
  2093   000FBD                     CCP1CON         equ	4029	;# 
  2094   000FBE                     CCPR1           equ	4030	;# 
  2095   000FBE                     CCPR1L          equ	4030	;# 
  2096   000FBF                     CCPR1H          equ	4031	;# 
  2097   000FC0                     ADCON2          equ	4032	;# 
  2098   000FC1                     ADCON1          equ	4033	;# 
  2099   000FC2                     ADCON0          equ	4034	;# 
  2100   000FC3                     ADRES           equ	4035	;# 
  2101   000FC3                     ADRESL          equ	4035	;# 
  2102   000FC4                     ADRESH          equ	4036	;# 
  2103   000FC5                     SSPCON2         equ	4037	;# 
  2104   000FC6                     SSPCON1         equ	4038	;# 
  2105   000FC7                     SSPSTAT         equ	4039	;# 
  2106   000FC8                     SSPADD          equ	4040	;# 
  2107   000FC9                     SSPBUF          equ	4041	;# 
  2108   000FCA                     T2CON           equ	4042	;# 
  2109   000FCB                     PR2             equ	4043	;# 
  2110   000FCB                     MEMCON          equ	4043	;# 
  2111   000FCC                     TMR2            equ	4044	;# 
  2112   000FCD                     T1CON           equ	4045	;# 
  2113   000FCE                     TMR1            equ	4046	;# 
  2114   000FCE                     TMR1L           equ	4046	;# 
  2115   000FCF                     TMR1H           equ	4047	;# 
  2116   000FD0                     RCON            equ	4048	;# 
  2117   000FD1                     WDTCON          equ	4049	;# 
  2118   000FD2                     HLVDCON         equ	4050	;# 
  2119   000FD2                     LVDCON          equ	4050	;# 
  2120   000FD3                     OSCCON          equ	4051	;# 
  2121   000FD5                     T0CON           equ	4053	;# 
  2122   000FD6                     TMR0            equ	4054	;# 
  2123   000FD6                     TMR0L           equ	4054	;# 
  2124   000FD7                     TMR0H           equ	4055	;# 
  2125   000FD8                     STATUS          equ	4056	;# 
  2126   000FD9                     FSR2            equ	4057	;# 
  2127   000FD9                     FSR2L           equ	4057	;# 
  2128   000FDA                     FSR2H           equ	4058	;# 
  2129   000FDB                     PLUSW2          equ	4059	;# 
  2130   000FDC                     PREINC2         equ	4060	;# 
  2131   000FDD                     POSTDEC2        equ	4061	;# 
  2132   000FDE                     POSTINC2        equ	4062	;# 
  2133   000FDF                     INDF2           equ	4063	;# 
  2134   000FE0                     BSR             equ	4064	;# 
  2135   000FE1                     FSR1            equ	4065	;# 
  2136   000FE1                     FSR1L           equ	4065	;# 
  2137   000FE2                     FSR1H           equ	4066	;# 
  2138   000FE3                     PLUSW1          equ	4067	;# 
  2139   000FE4                     PREINC1         equ	4068	;# 
  2140   000FE5                     POSTDEC1        equ	4069	;# 
  2141   000FE6                     POSTINC1        equ	4070	;# 
  2142   000FE7                     INDF1           equ	4071	;# 
  2143   000FE8                     WREG            equ	4072	;# 
  2144   000FE9                     FSR0            equ	4073	;# 
  2145   000FE9                     FSR0L           equ	4073	;# 
  2146   000FEA                     FSR0H           equ	4074	;# 
  2147   000FEB                     PLUSW0          equ	4075	;# 
  2148   000FEC                     PREINC0         equ	4076	;# 
  2149   000FED                     POSTDEC0        equ	4077	;# 
  2150   000FEE                     POSTINC0        equ	4078	;# 
  2151   000FEF                     INDF0           equ	4079	;# 
  2152   000FF0                     INTCON3         equ	4080	;# 
  2153   000FF1                     INTCON2         equ	4081	;# 
  2154   000FF2                     INTCON          equ	4082	;# 
  2155   000FF3                     PROD            equ	4083	;# 
  2156   000FF3                     PRODL           equ	4083	;# 
  2157   000FF4                     PRODH           equ	4084	;# 
  2158   000FF5                     TABLAT          equ	4085	;# 
  2159   000FF6                     TBLPTR          equ	4086	;# 
  2160   000FF6                     TBLPTRL         equ	4086	;# 
  2161   000FF7                     TBLPTRH         equ	4087	;# 
  2162   000FF8                     TBLPTRU         equ	4088	;# 
  2163   000FF9                     PCLAT           equ	4089	;# 
  2164   000FF9                     PC              equ	4089	;# 
  2165   000FF9                     PCL             equ	4089	;# 
  2166   000FFA                     PCLATH          equ	4090	;# 
  2167   000FFB                     PCLATU          equ	4091	;# 
  2168   000FFC                     STKPTR          equ	4092	;# 
  2169   000FFD                     TOS             equ	4093	;# 
  2170   000FFD                     TOSL            equ	4093	;# 
  2171   000FFE                     TOSH            equ	4094	;# 
  2172   000FFF                     TOSU            equ	4095	;# 
  2173   000D60                     RXF6SIDH        equ	3424	;# 
  2174   000D61                     RXF6SIDL        equ	3425	;# 
  2175   000D62                     RXF6EIDH        equ	3426	;# 
  2176   000D63                     RXF6EIDL        equ	3427	;# 
  2177   000D64                     RXF7SIDH        equ	3428	;# 
  2178   000D65                     RXF7SIDL        equ	3429	;# 
  2179   000D66                     RXF7EIDH        equ	3430	;# 
  2180   000D67                     RXF7EIDL        equ	3431	;# 
  2181   000D68                     RXF8SIDH        equ	3432	;# 
  2182   000D69                     RXF8SIDL        equ	3433	;# 
  2183   000D6A                     RXF8EIDH        equ	3434	;# 
  2184   000D6B                     RXF8EIDL        equ	3435	;# 
  2185   000D70                     RXF9SIDH        equ	3440	;# 
  2186   000D71                     RXF9SIDL        equ	3441	;# 
  2187   000D72                     RXF9EIDH        equ	3442	;# 
  2188   000D73                     RXF9EIDL        equ	3443	;# 
  2189   000D74                     RXF10SIDH       equ	3444	;# 
  2190   000D75                     RXF10SIDL       equ	3445	;# 
  2191   000D76                     RXF10EIDH       equ	3446	;# 
  2192   000D77                     RXF10EIDL       equ	3447	;# 
  2193   000D78                     RXF11SIDH       equ	3448	;# 
  2194   000D79                     RXF11SIDL       equ	3449	;# 
  2195   000D7A                     RXF11EIDH       equ	3450	;# 
  2196   000D7B                     RXF11EIDL       equ	3451	;# 
  2197   000D80                     RXF12SIDH       equ	3456	;# 
  2198   000D81                     RXF12SIDL       equ	3457	;# 
  2199   000D82                     RXF12EIDH       equ	3458	;# 
  2200   000D83                     RXF12EIDL       equ	3459	;# 
  2201   000D84                     RXF13SIDH       equ	3460	;# 
  2202   000D85                     RXF13SIDL       equ	3461	;# 
  2203   000D86                     RXF13EIDH       equ	3462	;# 
  2204   000D87                     RXF13EIDL       equ	3463	;# 
  2205   000D88                     RXF14SIDH       equ	3464	;# 
  2206   000D89                     RXF14SIDL       equ	3465	;# 
  2207   000D8A                     RXF14EIDH       equ	3466	;# 
  2208   000D8B                     RXF14EIDL       equ	3467	;# 
  2209   000D90                     RXF15SIDH       equ	3472	;# 
  2210   000D91                     RXF15SIDL       equ	3473	;# 
  2211   000D92                     RXF15EIDH       equ	3474	;# 
  2212   000D93                     RXF15EIDL       equ	3475	;# 
  2213   000DD4                     RXFCON0         equ	3540	;# 
  2214   000DD5                     RXFCON1         equ	3541	;# 
  2215   000DD8                     SDFLC           equ	3544	;# 
  2216   000DE0                     RXFBCON0        equ	3552	;# 
  2217   000DE1                     RXFBCON1        equ	3553	;# 
  2218   000DE2                     RXFBCON2        equ	3554	;# 
  2219   000DE3                     RXFBCON3        equ	3555	;# 
  2220   000DE4                     RXFBCON4        equ	3556	;# 
  2221   000DE5                     RXFBCON5        equ	3557	;# 
  2222   000DE6                     RXFBCON6        equ	3558	;# 
  2223   000DE7                     RXFBCON7        equ	3559	;# 
  2224   000DF0                     MSEL0           equ	3568	;# 
  2225   000DF1                     MSEL1           equ	3569	;# 
  2226   000DF2                     MSEL2           equ	3570	;# 
  2227   000DF3                     MSEL3           equ	3571	;# 
  2228   000DF8                     BSEL0           equ	3576	;# 
  2229   000DFA                     BIE0            equ	3578	;# 
  2230   000DFC                     TXBIE           equ	3580	;# 
  2231   000E20                     B0CON           equ	3616	;# 
  2232   000E21                     B0SIDH          equ	3617	;# 
  2233   000E22                     B0SIDL          equ	3618	;# 
  2234   000E23                     B0EIDH          equ	3619	;# 
  2235   000E24                     B0EIDL          equ	3620	;# 
  2236   000E25                     B0DLC           equ	3621	;# 
  2237   000E26                     B0D0            equ	3622	;# 
  2238   000E27                     B0D1            equ	3623	;# 
  2239   000E28                     B0D2            equ	3624	;# 
  2240   000E29                     B0D3            equ	3625	;# 
  2241   000E2A                     B0D4            equ	3626	;# 
  2242   000E2B                     B0D5            equ	3627	;# 
  2243   000E2C                     B0D6            equ	3628	;# 
  2244   000E2D                     B0D7            equ	3629	;# 
  2245   000E2E                     CANSTAT_RO9     equ	3630	;# 
  2246   000E2F                     CANCON_RO9      equ	3631	;# 
  2247   000E30                     B1CON           equ	3632	;# 
  2248   000E31                     B1SIDH          equ	3633	;# 
  2249   000E32                     B1SIDL          equ	3634	;# 
  2250   000E33                     B1EIDH          equ	3635	;# 
  2251   000E34                     B1EIDL          equ	3636	;# 
  2252   000E35                     B1DLC           equ	3637	;# 
  2253   000E36                     B1D0            equ	3638	;# 
  2254   000E37                     B1D1            equ	3639	;# 
  2255   000E38                     B1D2            equ	3640	;# 
  2256   000E39                     B1D3            equ	3641	;# 
  2257   000E3A                     B1D4            equ	3642	;# 
  2258   000E3B                     B1D5            equ	3643	;# 
  2259   000E3C                     B1D6            equ	3644	;# 
  2260   000E3D                     B1D7            equ	3645	;# 
  2261   000E3E                     CANSTAT_RO8     equ	3646	;# 
  2262   000E3F                     CANCON_RO8      equ	3647	;# 
  2263   000E40                     B2CON           equ	3648	;# 
  2264   000E41                     B2SIDH          equ	3649	;# 
  2265   000E42                     B2SIDL          equ	3650	;# 
  2266   000E43                     B2EIDH          equ	3651	;# 
  2267   000E44                     B2EIDL          equ	3652	;# 
  2268   000E45                     B2DLC           equ	3653	;# 
  2269   000E46                     B2D0            equ	3654	;# 
  2270   000E47                     B2D1            equ	3655	;# 
  2271   000E48                     B2D2            equ	3656	;# 
  2272   000E49                     B2D3            equ	3657	;# 
  2273   000E4A                     B2D4            equ	3658	;# 
  2274   000E4B                     B2D5            equ	3659	;# 
  2275   000E4C                     B2D6            equ	3660	;# 
  2276   000E4D                     B2D7            equ	3661	;# 
  2277   000E4E                     CANSTAT_RO7     equ	3662	;# 
  2278   000E4F                     CANCON_RO7      equ	3663	;# 
  2279   000E50                     B3CON           equ	3664	;# 
  2280   000E51                     B3SIDH          equ	3665	;# 
  2281   000E52                     B3SIDL          equ	3666	;# 
  2282   000E53                     B3EIDH          equ	3667	;# 
  2283   000E54                     B3EIDL          equ	3668	;# 
  2284   000E55                     B3DLC           equ	3669	;# 
  2285   000E56                     B3D0            equ	3670	;# 
  2286   000E57                     B3D1            equ	3671	;# 
  2287   000E58                     B3D2            equ	3672	;# 
  2288   000E59                     B3D3            equ	3673	;# 
  2289   000E5A                     B3D4            equ	3674	;# 
  2290   000E5B                     B3D5            equ	3675	;# 
  2291   000E5C                     B3D6            equ	3676	;# 
  2292   000E5D                     B3D7            equ	3677	;# 
  2293   000E5E                     CANSTAT_RO6     equ	3678	;# 
  2294   000E5F                     CANCON_RO6      equ	3679	;# 
  2295   000E60                     B4CON           equ	3680	;# 
  2296   000E61                     B4SIDH          equ	3681	;# 
  2297   000E62                     B4SIDL          equ	3682	;# 
  2298   000E63                     B4EIDH          equ	3683	;# 
  2299   000E64                     B4EIDL          equ	3684	;# 
  2300   000E65                     B4DLC           equ	3685	;# 
  2301   000E66                     B4D0            equ	3686	;# 
  2302   000E67                     B4D1            equ	3687	;# 
  2303   000E68                     B4D2            equ	3688	;# 
  2304   000E69                     B4D3            equ	3689	;# 
  2305   000E6A                     B4D4            equ	3690	;# 
  2306   000E6B                     B4D5            equ	3691	;# 
  2307   000E6C                     B4D6            equ	3692	;# 
  2308   000E6D                     B4D7            equ	3693	;# 
  2309   000E6E                     CANSTAT_RO5     equ	3694	;# 
  2310   000E6F                     CANCON_RO5      equ	3695	;# 
  2311   000E70                     B5CON           equ	3696	;# 
  2312   000E71                     B5SIDH          equ	3697	;# 
  2313   000E72                     B5SIDL          equ	3698	;# 
  2314   000E73                     B5EIDH          equ	3699	;# 
  2315   000E74                     B5EIDL          equ	3700	;# 
  2316   000E75                     B5DLC           equ	3701	;# 
  2317   000E76                     B5D0            equ	3702	;# 
  2318   000E77                     B5D1            equ	3703	;# 
  2319   000E78                     B5D2            equ	3704	;# 
  2320   000E79                     B5D3            equ	3705	;# 
  2321   000E7A                     B5D4            equ	3706	;# 
  2322   000E7B                     B5D5            equ	3707	;# 
  2323   000E7C                     B5D6            equ	3708	;# 
  2324   000E7D                     B5D7            equ	3709	;# 
  2325   000E7E                     CANSTAT_RO4     equ	3710	;# 
  2326   000E7F                     CANCON_RO4      equ	3711	;# 
  2327   000F00                     RXF0SIDH        equ	3840	;# 
  2328   000F01                     RXF0SIDL        equ	3841	;# 
  2329   000F02                     RXF0EIDH        equ	3842	;# 
  2330   000F03                     RXF0EIDL        equ	3843	;# 
  2331   000F04                     RXF1SIDH        equ	3844	;# 
  2332   000F05                     RXF1SIDL        equ	3845	;# 
  2333   000F06                     RXF1EIDH        equ	3846	;# 
  2334   000F07                     RXF1EIDL        equ	3847	;# 
  2335   000F08                     RXF2SIDH        equ	3848	;# 
  2336   000F09                     RXF2SIDL        equ	3849	;# 
  2337   000F0A                     RXF2EIDH        equ	3850	;# 
  2338   000F0B                     RXF2EIDL        equ	3851	;# 
  2339   000F0C                     RXF3SIDH        equ	3852	;# 
  2340   000F0D                     RXF3SIDL        equ	3853	;# 
  2341   000F0E                     RXF3EIDH        equ	3854	;# 
  2342   000F0F                     RXF3EIDL        equ	3855	;# 
  2343   000F10                     RXF4SIDH        equ	3856	;# 
  2344   000F11                     RXF4SIDL        equ	3857	;# 
  2345   000F12                     RXF4EIDH        equ	3858	;# 
  2346   000F13                     RXF4EIDL        equ	3859	;# 
  2347   000F14                     RXF5SIDH        equ	3860	;# 
  2348   000F15                     RXF5SIDL        equ	3861	;# 
  2349   000F16                     RXF5EIDH        equ	3862	;# 
  2350   000F17                     RXF5EIDL        equ	3863	;# 
  2351   000F18                     RXM0SIDH        equ	3864	;# 
  2352   000F19                     RXM0SIDL        equ	3865	;# 
  2353   000F1A                     RXM0EIDH        equ	3866	;# 
  2354   000F1B                     RXM0EIDL        equ	3867	;# 
  2355   000F1C                     RXM1SIDH        equ	3868	;# 
  2356   000F1D                     RXM1SIDL        equ	3869	;# 
  2357   000F1E                     RXM1EIDH        equ	3870	;# 
  2358   000F1F                     RXM1EIDL        equ	3871	;# 
  2359   000F20                     TXB2CON         equ	3872	;# 
  2360   000F21                     TXB2SIDH        equ	3873	;# 
  2361   000F22                     TXB2SIDL        equ	3874	;# 
  2362   000F23                     TXB2EIDH        equ	3875	;# 
  2363   000F24                     TXB2EIDL        equ	3876	;# 
  2364   000F25                     TXB2DLC         equ	3877	;# 
  2365   000F26                     TXB2D0          equ	3878	;# 
  2366   000F27                     TXB2D1          equ	3879	;# 
  2367   000F28                     TXB2D2          equ	3880	;# 
  2368   000F29                     TXB2D3          equ	3881	;# 
  2369   000F2A                     TXB2D4          equ	3882	;# 
  2370   000F2B                     TXB2D5          equ	3883	;# 
  2371   000F2C                     TXB2D6          equ	3884	;# 
  2372   000F2D                     TXB2D7          equ	3885	;# 
  2373   000F2E                     CANSTAT_RO3     equ	3886	;# 
  2374   000F2F                     CANCON_RO3      equ	3887	;# 
  2375   000F30                     TXB1CON         equ	3888	;# 
  2376   000F31                     TXB1SIDH        equ	3889	;# 
  2377   000F32                     TXB1SIDL        equ	3890	;# 
  2378   000F33                     TXB1EIDH        equ	3891	;# 
  2379   000F34                     TXB1EIDL        equ	3892	;# 
  2380   000F35                     TXB1DLC         equ	3893	;# 
  2381   000F36                     TXB1D0          equ	3894	;# 
  2382   000F37                     TXB1D1          equ	3895	;# 
  2383   000F38                     TXB1D2          equ	3896	;# 
  2384   000F39                     TXB1D3          equ	3897	;# 
  2385   000F3A                     TXB1D4          equ	3898	;# 
  2386   000F3B                     TXB1D5          equ	3899	;# 
  2387   000F3C                     TXB1D6          equ	3900	;# 
  2388   000F3D                     TXB1D7          equ	3901	;# 
  2389   000F3E                     CANSTAT_RO2     equ	3902	;# 
  2390   000F3F                     CANCON_RO2      equ	3903	;# 
  2391   000F40                     TXB0CON         equ	3904	;# 
  2392   000F41                     TXB0SIDH        equ	3905	;# 
  2393   000F42                     TXB0SIDL        equ	3906	;# 
  2394   000F43                     TXB0EIDH        equ	3907	;# 
  2395   000F44                     TXB0EIDL        equ	3908	;# 
  2396   000F45                     TXB0DLC         equ	3909	;# 
  2397   000F46                     TXB0D0          equ	3910	;# 
  2398   000F47                     TXB0D1          equ	3911	;# 
  2399   000F48                     TXB0D2          equ	3912	;# 
  2400   000F49                     TXB0D3          equ	3913	;# 
  2401   000F4A                     TXB0D4          equ	3914	;# 
  2402   000F4B                     TXB0D5          equ	3915	;# 
  2403   000F4C                     TXB0D6          equ	3916	;# 
  2404   000F4D                     TXB0D7          equ	3917	;# 
  2405   000F4E                     CANSTAT_RO1     equ	3918	;# 
  2406   000F4F                     CANCON_RO1      equ	3919	;# 
  2407   000F50                     RXB1CON         equ	3920	;# 
  2408   000F51                     RXB1SIDH        equ	3921	;# 
  2409   000F52                     RXB1SIDL        equ	3922	;# 
  2410   000F53                     RXB1EIDH        equ	3923	;# 
  2411   000F54                     RXB1EIDL        equ	3924	;# 
  2412   000F55                     RXB1DLC         equ	3925	;# 
  2413   000F56                     RXB1D0          equ	3926	;# 
  2414   000F57                     RXB1D1          equ	3927	;# 
  2415   000F58                     RXB1D2          equ	3928	;# 
  2416   000F59                     RXB1D3          equ	3929	;# 
  2417   000F5A                     RXB1D4          equ	3930	;# 
  2418   000F5B                     RXB1D5          equ	3931	;# 
  2419   000F5C                     RXB1D6          equ	3932	;# 
  2420   000F5D                     RXB1D7          equ	3933	;# 
  2421   000F5E                     CANSTAT_RO0     equ	3934	;# 
  2422   000F5F                     CANCON_RO0      equ	3935	;# 
  2423   000F60                     RXB0CON         equ	3936	;# 
  2424   000F61                     RXB0SIDH        equ	3937	;# 
  2425   000F62                     RXB0SIDL        equ	3938	;# 
  2426   000F63                     RXB0EIDH        equ	3939	;# 
  2427   000F64                     RXB0EIDL        equ	3940	;# 
  2428   000F65                     RXB0DLC         equ	3941	;# 
  2429   000F66                     RXB0D0          equ	3942	;# 
  2430   000F67                     RXB0D1          equ	3943	;# 
  2431   000F68                     RXB0D2          equ	3944	;# 
  2432   000F69                     RXB0D3          equ	3945	;# 
  2433   000F6A                     RXB0D4          equ	3946	;# 
  2434   000F6B                     RXB0D5          equ	3947	;# 
  2435   000F6C                     RXB0D6          equ	3948	;# 
  2436   000F6D                     RXB0D7          equ	3949	;# 
  2437   000F6E                     CANSTAT         equ	3950	;# 
  2438   000F6F                     CANCON          equ	3951	;# 
  2439   000F70                     BRGCON1         equ	3952	;# 
  2440   000F71                     BRGCON2         equ	3953	;# 
  2441   000F72                     BRGCON3         equ	3954	;# 
  2442   000F73                     CIOCON          equ	3955	;# 
  2443   000F74                     COMSTAT         equ	3956	;# 
  2444   000F75                     RXERRCNT        equ	3957	;# 
  2445   000F76                     TXERRCNT        equ	3958	;# 
  2446   000F77                     ECANCON         equ	3959	;# 
  2447   000F80                     PORTA           equ	3968	;# 
  2448   000F81                     PORTB           equ	3969	;# 
  2449   000F82                     PORTC           equ	3970	;# 
  2450   000F83                     PORTD           equ	3971	;# 
  2451   000F84                     PORTE           equ	3972	;# 
  2452   000F89                     LATA            equ	3977	;# 
  2453   000F8A                     LATB            equ	3978	;# 
  2454   000F8B                     LATC            equ	3979	;# 
  2455   000F8C                     LATD            equ	3980	;# 
  2456   000F8D                     LATE            equ	3981	;# 
  2457   000F92                     TRISA           equ	3986	;# 
  2458   000F92                     DDRA            equ	3986	;# 
  2459   000F93                     TRISB           equ	3987	;# 
  2460   000F93                     DDRB            equ	3987	;# 
  2461   000F94                     TRISC           equ	3988	;# 
  2462   000F94                     DDRC            equ	3988	;# 
  2463   000F95                     TRISD           equ	3989	;# 
  2464   000F95                     DDRD            equ	3989	;# 
  2465   000F96                     TRISE           equ	3990	;# 
  2466   000F96                     DDRE            equ	3990	;# 
  2467   000F9B                     OSCTUNE         equ	3995	;# 
  2468   000F9D                     PIE1            equ	3997	;# 
  2469   000F9E                     PIR1            equ	3998	;# 
  2470   000F9F                     IPR1            equ	3999	;# 
  2471   000FA0                     PIE2            equ	4000	;# 
  2472   000FA1                     PIR2            equ	4001	;# 
  2473   000FA2                     IPR2            equ	4002	;# 
  2474   000FA3                     PIE3            equ	4003	;# 
  2475   000FA4                     PIR3            equ	4004	;# 
  2476   000FA5                     IPR3            equ	4005	;# 
  2477   000FA6                     EECON1          equ	4006	;# 
  2478   000FA7                     EECON2          equ	4007	;# 
  2479   000FA8                     EEDATA          equ	4008	;# 
  2480   000FA9                     EEADR           equ	4009	;# 
  2481   000FAB                     RCSTA           equ	4011	;# 
  2482   000FAB                     RCSTA1          equ	4011	;# 
  2483   000FAC                     TXSTA           equ	4012	;# 
  2484   000FAC                     TXSTA1          equ	4012	;# 
  2485   000FAD                     TXREG           equ	4013	;# 
  2486   000FAD                     TXREG1          equ	4013	;# 
  2487   000FAE                     RCREG           equ	4014	;# 
  2488   000FAE                     RCREG1          equ	4014	;# 
  2489   000FAF                     SPBRG           equ	4015	;# 
  2490   000FAF                     SPBRG1          equ	4015	;# 
  2491   000FB0                     SPBRGH          equ	4016	;# 
  2492   000FB1                     T3CON           equ	4017	;# 
  2493   000FB2                     TMR3            equ	4018	;# 
  2494   000FB2                     TMR3L           equ	4018	;# 
  2495   000FB3                     TMR3H           equ	4019	;# 
  2496   000FB4                     CMCON           equ	4020	;# 
  2497   000FB5                     CVRCON          equ	4021	;# 
  2498   000FB6                     ECCP1AS         equ	4022	;# 
  2499   000FB7                     ECCP1DEL        equ	4023	;# 
  2500   000FB8                     BAUDCON         equ	4024	;# 
  2501   000FB8                     BAUDCTL         equ	4024	;# 
  2502   000FBA                     ECCP1CON        equ	4026	;# 
  2503   000FBB                     ECCPR1          equ	4027	;# 
  2504   000FBB                     ECCPR1L         equ	4027	;# 
  2505   000FBC                     ECCPR1H         equ	4028	;# 
  2506   000FBD                     CCP1CON         equ	4029	;# 
  2507   000FBE                     CCPR1           equ	4030	;# 
  2508   000FBE                     CCPR1L          equ	4030	;# 
  2509   000FBF                     CCPR1H          equ	4031	;# 
  2510   000FC0                     ADCON2          equ	4032	;# 
  2511   000FC1                     ADCON1          equ	4033	;# 
  2512   000FC2                     ADCON0          equ	4034	;# 
  2513   000FC3                     ADRES           equ	4035	;# 
  2514   000FC3                     ADRESL          equ	4035	;# 
  2515   000FC4                     ADRESH          equ	4036	;# 
  2516   000FC5                     SSPCON2         equ	4037	;# 
  2517   000FC6                     SSPCON1         equ	4038	;# 
  2518   000FC7                     SSPSTAT         equ	4039	;# 
  2519   000FC8                     SSPADD          equ	4040	;# 
  2520   000FC9                     SSPBUF          equ	4041	;# 
  2521   000FCA                     T2CON           equ	4042	;# 
  2522   000FCB                     PR2             equ	4043	;# 
  2523   000FCB                     MEMCON          equ	4043	;# 
  2524   000FCC                     TMR2            equ	4044	;# 
  2525   000FCD                     T1CON           equ	4045	;# 
  2526   000FCE                     TMR1            equ	4046	;# 
  2527   000FCE                     TMR1L           equ	4046	;# 
  2528   000FCF                     TMR1H           equ	4047	;# 
  2529   000FD0                     RCON            equ	4048	;# 
  2530   000FD1                     WDTCON          equ	4049	;# 
  2531   000FD2                     HLVDCON         equ	4050	;# 
  2532   000FD2                     LVDCON          equ	4050	;# 
  2533   000FD3                     OSCCON          equ	4051	;# 
  2534   000FD5                     T0CON           equ	4053	;# 
  2535   000FD6                     TMR0            equ	4054	;# 
  2536   000FD6                     TMR0L           equ	4054	;# 
  2537   000FD7                     TMR0H           equ	4055	;# 
  2538   000FD8                     STATUS          equ	4056	;# 
  2539   000FD9                     FSR2            equ	4057	;# 
  2540   000FD9                     FSR2L           equ	4057	;# 
  2541   000FDA                     FSR2H           equ	4058	;# 
  2542   000FDB                     PLUSW2          equ	4059	;# 
  2543   000FDC                     PREINC2         equ	4060	;# 
  2544   000FDD                     POSTDEC2        equ	4061	;# 
  2545   000FDE                     POSTINC2        equ	4062	;# 
  2546   000FDF                     INDF2           equ	4063	;# 
  2547   000FE0                     BSR             equ	4064	;# 
  2548   000FE1                     FSR1            equ	4065	;# 
  2549   000FE1                     FSR1L           equ	4065	;# 
  2550   000FE2                     FSR1H           equ	4066	;# 
  2551   000FE3                     PLUSW1          equ	4067	;# 
  2552   000FE4                     PREINC1         equ	4068	;# 
  2553   000FE5                     POSTDEC1        equ	4069	;# 
  2554   000FE6                     POSTINC1        equ	4070	;# 
  2555   000FE7                     INDF1           equ	4071	;# 
  2556   000FE8                     WREG            equ	4072	;# 
  2557   000FE9                     FSR0            equ	4073	;# 
  2558   000FE9                     FSR0L           equ	4073	;# 
  2559   000FEA                     FSR0H           equ	4074	;# 
  2560   000FEB                     PLUSW0          equ	4075	;# 
  2561   000FEC                     PREINC0         equ	4076	;# 
  2562   000FED                     POSTDEC0        equ	4077	;# 
  2563   000FEE                     POSTINC0        equ	4078	;# 
  2564   000FEF                     INDF0           equ	4079	;# 
  2565   000FF0                     INTCON3         equ	4080	;# 
  2566   000FF1                     INTCON2         equ	4081	;# 
  2567   000FF2                     INTCON          equ	4082	;# 
  2568   000FF3                     PROD            equ	4083	;# 
  2569   000FF3                     PRODL           equ	4083	;# 
  2570   000FF4                     PRODH           equ	4084	;# 
  2571   000FF5                     TABLAT          equ	4085	;# 
  2572   000FF6                     TBLPTR          equ	4086	;# 
  2573   000FF6                     TBLPTRL         equ	4086	;# 
  2574   000FF7                     TBLPTRH         equ	4087	;# 
  2575   000FF8                     TBLPTRU         equ	4088	;# 
  2576   000FF9                     PCLAT           equ	4089	;# 
  2577   000FF9                     PC              equ	4089	;# 
  2578   000FF9                     PCL             equ	4089	;# 
  2579   000FFA                     PCLATH          equ	4090	;# 
  2580   000FFB                     PCLATU          equ	4091	;# 
  2581   000FFC                     STKPTR          equ	4092	;# 
  2582   000FFD                     TOS             equ	4093	;# 
  2583   000FFD                     TOSL            equ	4093	;# 
  2584   000FFE                     TOSH            equ	4094	;# 
  2585   000FFF                     TOSU            equ	4095	;# 
  2586   000D60                     RXF6SIDH        equ	3424	;# 
  2587   000D61                     RXF6SIDL        equ	3425	;# 
  2588   000D62                     RXF6EIDH        equ	3426	;# 
  2589   000D63                     RXF6EIDL        equ	3427	;# 
  2590   000D64                     RXF7SIDH        equ	3428	;# 
  2591   000D65                     RXF7SIDL        equ	3429	;# 
  2592   000D66                     RXF7EIDH        equ	3430	;# 
  2593   000D67                     RXF7EIDL        equ	3431	;# 
  2594   000D68                     RXF8SIDH        equ	3432	;# 
  2595   000D69                     RXF8SIDL        equ	3433	;# 
  2596   000D6A                     RXF8EIDH        equ	3434	;# 
  2597   000D6B                     RXF8EIDL        equ	3435	;# 
  2598   000D70                     RXF9SIDH        equ	3440	;# 
  2599   000D71                     RXF9SIDL        equ	3441	;# 
  2600   000D72                     RXF9EIDH        equ	3442	;# 
  2601   000D73                     RXF9EIDL        equ	3443	;# 
  2602   000D74                     RXF10SIDH       equ	3444	;# 
  2603   000D75                     RXF10SIDL       equ	3445	;# 
  2604   000D76                     RXF10EIDH       equ	3446	;# 
  2605   000D77                     RXF10EIDL       equ	3447	;# 
  2606   000D78                     RXF11SIDH       equ	3448	;# 
  2607   000D79                     RXF11SIDL       equ	3449	;# 
  2608   000D7A                     RXF11EIDH       equ	3450	;# 
  2609   000D7B                     RXF11EIDL       equ	3451	;# 
  2610   000D80                     RXF12SIDH       equ	3456	;# 
  2611   000D81                     RXF12SIDL       equ	3457	;# 
  2612   000D82                     RXF12EIDH       equ	3458	;# 
  2613   000D83                     RXF12EIDL       equ	3459	;# 
  2614   000D84                     RXF13SIDH       equ	3460	;# 
  2615   000D85                     RXF13SIDL       equ	3461	;# 
  2616   000D86                     RXF13EIDH       equ	3462	;# 
  2617   000D87                     RXF13EIDL       equ	3463	;# 
  2618   000D88                     RXF14SIDH       equ	3464	;# 
  2619   000D89                     RXF14SIDL       equ	3465	;# 
  2620   000D8A                     RXF14EIDH       equ	3466	;# 
  2621   000D8B                     RXF14EIDL       equ	3467	;# 
  2622   000D90                     RXF15SIDH       equ	3472	;# 
  2623   000D91                     RXF15SIDL       equ	3473	;# 
  2624   000D92                     RXF15EIDH       equ	3474	;# 
  2625   000D93                     RXF15EIDL       equ	3475	;# 
  2626   000DD4                     RXFCON0         equ	3540	;# 
  2627   000DD5                     RXFCON1         equ	3541	;# 
  2628   000DD8                     SDFLC           equ	3544	;# 
  2629   000DE0                     RXFBCON0        equ	3552	;# 
  2630   000DE1                     RXFBCON1        equ	3553	;# 
  2631   000DE2                     RXFBCON2        equ	3554	;# 
  2632   000DE3                     RXFBCON3        equ	3555	;# 
  2633   000DE4                     RXFBCON4        equ	3556	;# 
  2634   000DE5                     RXFBCON5        equ	3557	;# 
  2635   000DE6                     RXFBCON6        equ	3558	;# 
  2636   000DE7                     RXFBCON7        equ	3559	;# 
  2637   000DF0                     MSEL0           equ	3568	;# 
  2638   000DF1                     MSEL1           equ	3569	;# 
  2639   000DF2                     MSEL2           equ	3570	;# 
  2640   000DF3                     MSEL3           equ	3571	;# 
  2641   000DF8                     BSEL0           equ	3576	;# 
  2642   000DFA                     BIE0            equ	3578	;# 
  2643   000DFC                     TXBIE           equ	3580	;# 
  2644   000E20                     B0CON           equ	3616	;# 
  2645   000E21                     B0SIDH          equ	3617	;# 
  2646   000E22                     B0SIDL          equ	3618	;# 
  2647   000E23                     B0EIDH          equ	3619	;# 
  2648   000E24                     B0EIDL          equ	3620	;# 
  2649   000E25                     B0DLC           equ	3621	;# 
  2650   000E26                     B0D0            equ	3622	;# 
  2651   000E27                     B0D1            equ	3623	;# 
  2652   000E28                     B0D2            equ	3624	;# 
  2653   000E29                     B0D3            equ	3625	;# 
  2654   000E2A                     B0D4            equ	3626	;# 
  2655   000E2B                     B0D5            equ	3627	;# 
  2656   000E2C                     B0D6            equ	3628	;# 
  2657   000E2D                     B0D7            equ	3629	;# 
  2658   000E2E                     CANSTAT_RO9     equ	3630	;# 
  2659   000E2F                     CANCON_RO9      equ	3631	;# 
  2660   000E30                     B1CON           equ	3632	;# 
  2661   000E31                     B1SIDH          equ	3633	;# 
  2662   000E32                     B1SIDL          equ	3634	;# 
  2663   000E33                     B1EIDH          equ	3635	;# 
  2664   000E34                     B1EIDL          equ	3636	;# 
  2665   000E35                     B1DLC           equ	3637	;# 
  2666   000E36                     B1D0            equ	3638	;# 
  2667   000E37                     B1D1            equ	3639	;# 
  2668   000E38                     B1D2            equ	3640	;# 
  2669   000E39                     B1D3            equ	3641	;# 
  2670   000E3A                     B1D4            equ	3642	;# 
  2671   000E3B                     B1D5            equ	3643	;# 
  2672   000E3C                     B1D6            equ	3644	;# 
  2673   000E3D                     B1D7            equ	3645	;# 
  2674   000E3E                     CANSTAT_RO8     equ	3646	;# 
  2675   000E3F                     CANCON_RO8      equ	3647	;# 
  2676   000E40                     B2CON           equ	3648	;# 
  2677   000E41                     B2SIDH          equ	3649	;# 
  2678   000E42                     B2SIDL          equ	3650	;# 
  2679   000E43                     B2EIDH          equ	3651	;# 
  2680   000E44                     B2EIDL          equ	3652	;# 
  2681   000E45                     B2DLC           equ	3653	;# 
  2682   000E46                     B2D0            equ	3654	;# 
  2683   000E47                     B2D1            equ	3655	;# 
  2684   000E48                     B2D2            equ	3656	;# 
  2685   000E49                     B2D3            equ	3657	;# 
  2686   000E4A                     B2D4            equ	3658	;# 
  2687   000E4B                     B2D5            equ	3659	;# 
  2688   000E4C                     B2D6            equ	3660	;# 
  2689   000E4D                     B2D7            equ	3661	;# 
  2690   000E4E                     CANSTAT_RO7     equ	3662	;# 
  2691   000E4F                     CANCON_RO7      equ	3663	;# 
  2692   000E50                     B3CON           equ	3664	;# 
  2693   000E51                     B3SIDH          equ	3665	;# 
  2694   000E52                     B3SIDL          equ	3666	;# 
  2695   000E53                     B3EIDH          equ	3667	;# 
  2696   000E54                     B3EIDL          equ	3668	;# 
  2697   000E55                     B3DLC           equ	3669	;# 
  2698   000E56                     B3D0            equ	3670	;# 
  2699   000E57                     B3D1            equ	3671	;# 
  2700   000E58                     B3D2            equ	3672	;# 
  2701   000E59                     B3D3            equ	3673	;# 
  2702   000E5A                     B3D4            equ	3674	;# 
  2703   000E5B                     B3D5            equ	3675	;# 
  2704   000E5C                     B3D6            equ	3676	;# 
  2705   000E5D                     B3D7            equ	3677	;# 
  2706   000E5E                     CANSTAT_RO6     equ	3678	;# 
  2707   000E5F                     CANCON_RO6      equ	3679	;# 
  2708   000E60                     B4CON           equ	3680	;# 
  2709   000E61                     B4SIDH          equ	3681	;# 
  2710   000E62                     B4SIDL          equ	3682	;# 
  2711   000E63                     B4EIDH          equ	3683	;# 
  2712   000E64                     B4EIDL          equ	3684	;# 
  2713   000E65                     B4DLC           equ	3685	;# 
  2714   000E66                     B4D0            equ	3686	;# 
  2715   000E67                     B4D1            equ	3687	;# 
  2716   000E68                     B4D2            equ	3688	;# 
  2717   000E69                     B4D3            equ	3689	;# 
  2718   000E6A                     B4D4            equ	3690	;# 
  2719   000E6B                     B4D5            equ	3691	;# 
  2720   000E6C                     B4D6            equ	3692	;# 
  2721   000E6D                     B4D7            equ	3693	;# 
  2722   000E6E                     CANSTAT_RO5     equ	3694	;# 
  2723   000E6F                     CANCON_RO5      equ	3695	;# 
  2724   000E70                     B5CON           equ	3696	;# 
  2725   000E71                     B5SIDH          equ	3697	;# 
  2726   000E72                     B5SIDL          equ	3698	;# 
  2727   000E73                     B5EIDH          equ	3699	;# 
  2728   000E74                     B5EIDL          equ	3700	;# 
  2729   000E75                     B5DLC           equ	3701	;# 
  2730   000E76                     B5D0            equ	3702	;# 
  2731   000E77                     B5D1            equ	3703	;# 
  2732   000E78                     B5D2            equ	3704	;# 
  2733   000E79                     B5D3            equ	3705	;# 
  2734   000E7A                     B5D4            equ	3706	;# 
  2735   000E7B                     B5D5            equ	3707	;# 
  2736   000E7C                     B5D6            equ	3708	;# 
  2737   000E7D                     B5D7            equ	3709	;# 
  2738   000E7E                     CANSTAT_RO4     equ	3710	;# 
  2739   000E7F                     CANCON_RO4      equ	3711	;# 
  2740   000F00                     RXF0SIDH        equ	3840	;# 
  2741   000F01                     RXF0SIDL        equ	3841	;# 
  2742   000F02                     RXF0EIDH        equ	3842	;# 
  2743   000F03                     RXF0EIDL        equ	3843	;# 
  2744   000F04                     RXF1SIDH        equ	3844	;# 
  2745   000F05                     RXF1SIDL        equ	3845	;# 
  2746   000F06                     RXF1EIDH        equ	3846	;# 
  2747   000F07                     RXF1EIDL        equ	3847	;# 
  2748   000F08                     RXF2SIDH        equ	3848	;# 
  2749   000F09                     RXF2SIDL        equ	3849	;# 
  2750   000F0A                     RXF2EIDH        equ	3850	;# 
  2751   000F0B                     RXF2EIDL        equ	3851	;# 
  2752   000F0C                     RXF3SIDH        equ	3852	;# 
  2753   000F0D                     RXF3SIDL        equ	3853	;# 
  2754   000F0E                     RXF3EIDH        equ	3854	;# 
  2755   000F0F                     RXF3EIDL        equ	3855	;# 
  2756   000F10                     RXF4SIDH        equ	3856	;# 
  2757   000F11                     RXF4SIDL        equ	3857	;# 
  2758   000F12                     RXF4EIDH        equ	3858	;# 
  2759   000F13                     RXF4EIDL        equ	3859	;# 
  2760   000F14                     RXF5SIDH        equ	3860	;# 
  2761   000F15                     RXF5SIDL        equ	3861	;# 
  2762   000F16                     RXF5EIDH        equ	3862	;# 
  2763   000F17                     RXF5EIDL        equ	3863	;# 
  2764   000F18                     RXM0SIDH        equ	3864	;# 
  2765   000F19                     RXM0SIDL        equ	3865	;# 
  2766   000F1A                     RXM0EIDH        equ	3866	;# 
  2767   000F1B                     RXM0EIDL        equ	3867	;# 
  2768   000F1C                     RXM1SIDH        equ	3868	;# 
  2769   000F1D                     RXM1SIDL        equ	3869	;# 
  2770   000F1E                     RXM1EIDH        equ	3870	;# 
  2771   000F1F                     RXM1EIDL        equ	3871	;# 
  2772   000F20                     TXB2CON         equ	3872	;# 
  2773   000F21                     TXB2SIDH        equ	3873	;# 
  2774   000F22                     TXB2SIDL        equ	3874	;# 
  2775   000F23                     TXB2EIDH        equ	3875	;# 
  2776   000F24                     TXB2EIDL        equ	3876	;# 
  2777   000F25                     TXB2DLC         equ	3877	;# 
  2778   000F26                     TXB2D0          equ	3878	;# 
  2779   000F27                     TXB2D1          equ	3879	;# 
  2780   000F28                     TXB2D2          equ	3880	;# 
  2781   000F29                     TXB2D3          equ	3881	;# 
  2782   000F2A                     TXB2D4          equ	3882	;# 
  2783   000F2B                     TXB2D5          equ	3883	;# 
  2784   000F2C                     TXB2D6          equ	3884	;# 
  2785   000F2D                     TXB2D7          equ	3885	;# 
  2786   000F2E                     CANSTAT_RO3     equ	3886	;# 
  2787   000F2F                     CANCON_RO3      equ	3887	;# 
  2788   000F30                     TXB1CON         equ	3888	;# 
  2789   000F31                     TXB1SIDH        equ	3889	;# 
  2790   000F32                     TXB1SIDL        equ	3890	;# 
  2791   000F33                     TXB1EIDH        equ	3891	;# 
  2792   000F34                     TXB1EIDL        equ	3892	;# 
  2793   000F35                     TXB1DLC         equ	3893	;# 
  2794   000F36                     TXB1D0          equ	3894	;# 
  2795   000F37                     TXB1D1          equ	3895	;# 
  2796   000F38                     TXB1D2          equ	3896	;# 
  2797   000F39                     TXB1D3          equ	3897	;# 
  2798   000F3A                     TXB1D4          equ	3898	;# 
  2799   000F3B                     TXB1D5          equ	3899	;# 
  2800   000F3C                     TXB1D6          equ	3900	;# 
  2801   000F3D                     TXB1D7          equ	3901	;# 
  2802   000F3E                     CANSTAT_RO2     equ	3902	;# 
  2803   000F3F                     CANCON_RO2      equ	3903	;# 
  2804   000F40                     TXB0CON         equ	3904	;# 
  2805   000F41                     TXB0SIDH        equ	3905	;# 
  2806   000F42                     TXB0SIDL        equ	3906	;# 
  2807   000F43                     TXB0EIDH        equ	3907	;# 
  2808   000F44                     TXB0EIDL        equ	3908	;# 
  2809   000F45                     TXB0DLC         equ	3909	;# 
  2810   000F46                     TXB0D0          equ	3910	;# 
  2811   000F47                     TXB0D1          equ	3911	;# 
  2812   000F48                     TXB0D2          equ	3912	;# 
  2813   000F49                     TXB0D3          equ	3913	;# 
  2814   000F4A                     TXB0D4          equ	3914	;# 
  2815   000F4B                     TXB0D5          equ	3915	;# 
  2816   000F4C                     TXB0D6          equ	3916	;# 
  2817   000F4D                     TXB0D7          equ	3917	;# 
  2818   000F4E                     CANSTAT_RO1     equ	3918	;# 
  2819   000F4F                     CANCON_RO1      equ	3919	;# 
  2820   000F50                     RXB1CON         equ	3920	;# 
  2821   000F51                     RXB1SIDH        equ	3921	;# 
  2822   000F52                     RXB1SIDL        equ	3922	;# 
  2823   000F53                     RXB1EIDH        equ	3923	;# 
  2824   000F54                     RXB1EIDL        equ	3924	;# 
  2825   000F55                     RXB1DLC         equ	3925	;# 
  2826   000F56                     RXB1D0          equ	3926	;# 
  2827   000F57                     RXB1D1          equ	3927	;# 
  2828   000F58                     RXB1D2          equ	3928	;# 
  2829   000F59                     RXB1D3          equ	3929	;# 
  2830   000F5A                     RXB1D4          equ	3930	;# 
  2831   000F5B                     RXB1D5          equ	3931	;# 
  2832   000F5C                     RXB1D6          equ	3932	;# 
  2833   000F5D                     RXB1D7          equ	3933	;# 
  2834   000F5E                     CANSTAT_RO0     equ	3934	;# 
  2835   000F5F                     CANCON_RO0      equ	3935	;# 
  2836   000F60                     RXB0CON         equ	3936	;# 
  2837   000F61                     RXB0SIDH        equ	3937	;# 
  2838   000F62                     RXB0SIDL        equ	3938	;# 
  2839   000F63                     RXB0EIDH        equ	3939	;# 
  2840   000F64                     RXB0EIDL        equ	3940	;# 
  2841   000F65                     RXB0DLC         equ	3941	;# 
  2842   000F66                     RXB0D0          equ	3942	;# 
  2843   000F67                     RXB0D1          equ	3943	;# 
  2844   000F68                     RXB0D2          equ	3944	;# 
  2845   000F69                     RXB0D3          equ	3945	;# 
  2846   000F6A                     RXB0D4          equ	3946	;# 
  2847   000F6B                     RXB0D5          equ	3947	;# 
  2848   000F6C                     RXB0D6          equ	3948	;# 
  2849   000F6D                     RXB0D7          equ	3949	;# 
  2850   000F6E                     CANSTAT         equ	3950	;# 
  2851   000F6F                     CANCON          equ	3951	;# 
  2852   000F70                     BRGCON1         equ	3952	;# 
  2853   000F71                     BRGCON2         equ	3953	;# 
  2854   000F72                     BRGCON3         equ	3954	;# 
  2855   000F73                     CIOCON          equ	3955	;# 
  2856   000F74                     COMSTAT         equ	3956	;# 
  2857   000F75                     RXERRCNT        equ	3957	;# 
  2858   000F76                     TXERRCNT        equ	3958	;# 
  2859   000F77                     ECANCON         equ	3959	;# 
  2860   000F80                     PORTA           equ	3968	;# 
  2861   000F81                     PORTB           equ	3969	;# 
  2862   000F82                     PORTC           equ	3970	;# 
  2863   000F83                     PORTD           equ	3971	;# 
  2864   000F84                     PORTE           equ	3972	;# 
  2865   000F89                     LATA            equ	3977	;# 
  2866   000F8A                     LATB            equ	3978	;# 
  2867   000F8B                     LATC            equ	3979	;# 
  2868   000F8C                     LATD            equ	3980	;# 
  2869   000F8D                     LATE            equ	3981	;# 
  2870   000F92                     TRISA           equ	3986	;# 
  2871   000F92                     DDRA            equ	3986	;# 
  2872   000F93                     TRISB           equ	3987	;# 
  2873   000F93                     DDRB            equ	3987	;# 
  2874   000F94                     TRISC           equ	3988	;# 
  2875   000F94                     DDRC            equ	3988	;# 
  2876   000F95                     TRISD           equ	3989	;# 
  2877   000F95                     DDRD            equ	3989	;# 
  2878   000F96                     TRISE           equ	3990	;# 
  2879   000F96                     DDRE            equ	3990	;# 
  2880   000F9B                     OSCTUNE         equ	3995	;# 
  2881   000F9D                     PIE1            equ	3997	;# 
  2882   000F9E                     PIR1            equ	3998	;# 
  2883   000F9F                     IPR1            equ	3999	;# 
  2884   000FA0                     PIE2            equ	4000	;# 
  2885   000FA1                     PIR2            equ	4001	;# 
  2886   000FA2                     IPR2            equ	4002	;# 
  2887   000FA3                     PIE3            equ	4003	;# 
  2888   000FA4                     PIR3            equ	4004	;# 
  2889   000FA5                     IPR3            equ	4005	;# 
  2890   000FA6                     EECON1          equ	4006	;# 
  2891   000FA7                     EECON2          equ	4007	;# 
  2892   000FA8                     EEDATA          equ	4008	;# 
  2893   000FA9                     EEADR           equ	4009	;# 
  2894   000FAB                     RCSTA           equ	4011	;# 
  2895   000FAB                     RCSTA1          equ	4011	;# 
  2896   000FAC                     TXSTA           equ	4012	;# 
  2897   000FAC                     TXSTA1          equ	4012	;# 
  2898   000FAD                     TXREG           equ	4013	;# 
  2899   000FAD                     TXREG1          equ	4013	;# 
  2900   000FAE                     RCREG           equ	4014	;# 
  2901   000FAE                     RCREG1          equ	4014	;# 
  2902   000FAF                     SPBRG           equ	4015	;# 
  2903   000FAF                     SPBRG1          equ	4015	;# 
  2904   000FB0                     SPBRGH          equ	4016	;# 
  2905   000FB1                     T3CON           equ	4017	;# 
  2906   000FB2                     TMR3            equ	4018	;# 
  2907   000FB2                     TMR3L           equ	4018	;# 
  2908   000FB3                     TMR3H           equ	4019	;# 
  2909   000FB4                     CMCON           equ	4020	;# 
  2910   000FB5                     CVRCON          equ	4021	;# 
  2911   000FB6                     ECCP1AS         equ	4022	;# 
  2912   000FB7                     ECCP1DEL        equ	4023	;# 
  2913   000FB8                     BAUDCON         equ	4024	;# 
  2914   000FB8                     BAUDCTL         equ	4024	;# 
  2915   000FBA                     ECCP1CON        equ	4026	;# 
  2916   000FBB                     ECCPR1          equ	4027	;# 
  2917   000FBB                     ECCPR1L         equ	4027	;# 
  2918   000FBC                     ECCPR1H         equ	4028	;# 
  2919   000FBD                     CCP1CON         equ	4029	;# 
  2920   000FBE                     CCPR1           equ	4030	;# 
  2921   000FBE                     CCPR1L          equ	4030	;# 
  2922   000FBF                     CCPR1H          equ	4031	;# 
  2923   000FC0                     ADCON2          equ	4032	;# 
  2924   000FC1                     ADCON1          equ	4033	;# 
  2925   000FC2                     ADCON0          equ	4034	;# 
  2926   000FC3                     ADRES           equ	4035	;# 
  2927   000FC3                     ADRESL          equ	4035	;# 
  2928   000FC4                     ADRESH          equ	4036	;# 
  2929   000FC5                     SSPCON2         equ	4037	;# 
  2930   000FC6                     SSPCON1         equ	4038	;# 
  2931   000FC7                     SSPSTAT         equ	4039	;# 
  2932   000FC8                     SSPADD          equ	4040	;# 
  2933   000FC9                     SSPBUF          equ	4041	;# 
  2934   000FCA                     T2CON           equ	4042	;# 
  2935   000FCB                     PR2             equ	4043	;# 
  2936   000FCB                     MEMCON          equ	4043	;# 
  2937   000FCC                     TMR2            equ	4044	;# 
  2938   000FCD                     T1CON           equ	4045	;# 
  2939   000FCE                     TMR1            equ	4046	;# 
  2940   000FCE                     TMR1L           equ	4046	;# 
  2941   000FCF                     TMR1H           equ	4047	;# 
  2942   000FD0                     RCON            equ	4048	;# 
  2943   000FD1                     WDTCON          equ	4049	;# 
  2944   000FD2                     HLVDCON         equ	4050	;# 
  2945   000FD2                     LVDCON          equ	4050	;# 
  2946   000FD3                     OSCCON          equ	4051	;# 
  2947   000FD5                     T0CON           equ	4053	;# 
  2948   000FD6                     TMR0            equ	4054	;# 
  2949   000FD6                     TMR0L           equ	4054	;# 
  2950   000FD7                     TMR0H           equ	4055	;# 
  2951   000FD8                     STATUS          equ	4056	;# 
  2952   000FD9                     FSR2            equ	4057	;# 
  2953   000FD9                     FSR2L           equ	4057	;# 
  2954   000FDA                     FSR2H           equ	4058	;# 
  2955   000FDB                     PLUSW2          equ	4059	;# 
  2956   000FDC                     PREINC2         equ	4060	;# 
  2957   000FDD                     POSTDEC2        equ	4061	;# 
  2958   000FDE                     POSTINC2        equ	4062	;# 
  2959   000FDF                     INDF2           equ	4063	;# 
  2960   000FE0                     BSR             equ	4064	;# 
  2961   000FE1                     FSR1            equ	4065	;# 
  2962   000FE1                     FSR1L           equ	4065	;# 
  2963   000FE2                     FSR1H           equ	4066	;# 
  2964   000FE3                     PLUSW1          equ	4067	;# 
  2965   000FE4                     PREINC1         equ	4068	;# 
  2966   000FE5                     POSTDEC1        equ	4069	;# 
  2967   000FE6                     POSTINC1        equ	4070	;# 
  2968   000FE7                     INDF1           equ	4071	;# 
  2969   000FE8                     WREG            equ	4072	;# 
  2970   000FE9                     FSR0            equ	4073	;# 
  2971   000FE9                     FSR0L           equ	4073	;# 
  2972   000FEA                     FSR0H           equ	4074	;# 
  2973   000FEB                     PLUSW0          equ	4075	;# 
  2974   000FEC                     PREINC0         equ	4076	;# 
  2975   000FED                     POSTDEC0        equ	4077	;# 
  2976   000FEE                     POSTINC0        equ	4078	;# 
  2977   000FEF                     INDF0           equ	4079	;# 
  2978   000FF0                     INTCON3         equ	4080	;# 
  2979   000FF1                     INTCON2         equ	4081	;# 
  2980   000FF2                     INTCON          equ	4082	;# 
  2981   000FF3                     PROD            equ	4083	;# 
  2982   000FF3                     PRODL           equ	4083	;# 
  2983   000FF4                     PRODH           equ	4084	;# 
  2984   000FF5                     TABLAT          equ	4085	;# 
  2985   000FF6                     TBLPTR          equ	4086	;# 
  2986   000FF6                     TBLPTRL         equ	4086	;# 
  2987   000FF7                     TBLPTRH         equ	4087	;# 
  2988   000FF8                     TBLPTRU         equ	4088	;# 
  2989   000FF9                     PCLAT           equ	4089	;# 
  2990   000FF9                     PC              equ	4089	;# 
  2991   000FF9                     PCL             equ	4089	;# 
  2992   000FFA                     PCLATH          equ	4090	;# 
  2993   000FFB                     PCLATU          equ	4091	;# 
  2994   000FFC                     STKPTR          equ	4092	;# 
  2995   000FFD                     TOS             equ	4093	;# 
  2996   000FFD                     TOSL            equ	4093	;# 
  2997   000FFE                     TOSH            equ	4094	;# 
  2998   000FFF                     TOSU            equ	4095	;# 
  2999                           
  3000                           	psect	idataCOMRAM
  3001   000E72                     __pidataCOMRAM:
  3002                           	callstack 0
  3003                           
  3004                           ;initializer for read_switches@once
  3005   000E72  01                 	db	1
  3006   000F4D                     _TXB0D7         set	3917
  3007   000F4C                     _TXB0D6         set	3916
  3008   000F4B                     _TXB0D5         set	3915
  3009   000F4A                     _TXB0D4         set	3914
  3010   000F49                     _TXB0D3         set	3913
  3011   000F48                     _TXB0D2         set	3912
  3012   000F47                     _TXB0D1         set	3911
  3013   000F46                     _TXB0D0         set	3910
  3014   000F45                     _TXB0DLC        set	3909
  3015   000F42                     _TXB0SIDL       set	3906
  3016   000F41                     _TXB0SIDH       set	3905
  3017   000F44                     _TXB0EIDL       set	3908
  3018   000F43                     _TXB0EIDH       set	3907
  3019   000F01                     _RXF0SIDL       set	3841
  3020   000F00                     _RXF0SIDH       set	3840
  3021   000F03                     _RXF0EIDL       set	3843
  3022   000F02                     _RXF0EIDH       set	3842
  3023   007A03                     _TXB0REQ        set	31235
  3024   000F6D                     _RXB0D7         set	3949
  3025   000F6C                     _RXB0D6         set	3948
  3026   000F6B                     _RXB0D5         set	3947
  3027   000F6A                     _RXB0D4         set	3946
  3028   000F69                     _RXB0D3         set	3945
  3029   000F68                     _RXB0D2         set	3944
  3030   000F67                     _RXB0D1         set	3943
  3031   000F66                     _RXB0D0         set	3942
  3032   000F65                     _RXB0DLC        set	3941
  3033   000F62                     _RXB0SIDL       set	3938
  3034   000F61                     _RXB0SIDH       set	3937
  3035   000F64                     _RXB0EIDL       set	3940
  3036   000F63                     _RXB0EIDH       set	3939
  3037   000F60                     _RXB0CON        set	3936
  3038   000F72                     _BRGCON3        set	3954
  3039   000F71                     _BRGCON2        set	3953
  3040   000F70                     _BRGCON1        set	3952
  3041   000F77                     _ECANCON        set	3959
  3042   000F6E                     _CANSTAT        set	3950
  3043   000F6F                     _CANCON         set	3951
  3044   000FC2                     _ADCON0         set	4034
  3045   000FC3                     _ADRESL         set	4035
  3046   000FC4                     _ADRESH         set	4036
  3047   000FCB                     _PR2            set	4043
  3048   000F94                     _TRISC          set	3988
  3049   000F95                     _TRISD          set	3989
  3050   000F83                     _PORTD          set	3971
  3051   000F81                     _PORTB          set	3969
  3052   000F93                     _TRISB          set	3987
  3053   000FC1                     _ADCON1         set	4033
  3054   000F81                     _PORTBbits      set	3969
  3055   007D20                     _RXB0IF         set	32032
  3056   007B07                     _RXB0FUL        set	31495
  3057   007C9B                     _TRISB3         set	31899
  3058   007C9A                     _TRISB2         set	31898
  3059   007E11                     _GO             set	32273
  3060   007E10                     _ADON           set	32272
  3061   007E0C                     _VCFG0          set	32268
  3062   007E0D                     _VCFG1          set	32269
  3063   007E11                     _GODONE         set	32273
  3064   007E02                     _ADCS2          set	32258
  3065   007E01                     _ADCS1          set	32257
  3066   007E00                     _ADCS0          set	32256
  3067   007E03                     _ACQT0          set	32259
  3068   007E04                     _ACQT1          set	32260
  3069   007E05                     _ACQT2          set	32261
  3070   007E07                     _ADFM           set	32263
  3071   007CE9                     _TMR2IE         set	31977
  3072   007E52                     _TMR2ON         set	32338
  3073   007C1F                     _RD7            set	31775
  3074   007C10                     _RC0            set	31760
  3075   007CAF                     _TRISD7         set	31919
  3076   007C12                     _RC2            set	31762
  3077   007C11                     _RC1            set	31761
  3078   007F8F                     _RBPU           set	32655
  3079   007C95                     _TRISA5         set	31893
  3080   007CF1                     _TMR2IF         set	31985
  3081   007F96                     _PEIE           set	32662
  3082   007F97                     _GIE            set	32663
  3083                           
  3084                           	psect	smallconst
  3085   000600                     __psmallconst:
  3086                           	callstack 0
  3087   000600  00                 	db	0
  3088   000601                     STR_1:
  3089   000601  53                 	db	83	;'S'
  3090   000602  50                 	db	80	;'P'
  3091   000603  44                 	db	68	;'D'
  3092   000604  20                 	db	32
  3093   000605  47                 	db	71	;'G'
  3094   000606  20                 	db	32
  3095   000607  52                 	db	82	;'R'
  3096   000608  50                 	db	80	;'P'
  3097   000609  4D                 	db	77	;'M'
  3098   00060A  20                 	db	32
  3099   00060B  20                 	db	32
  3100   00060C  54                 	db	84	;'T'
  3101   00060D  20                 	db	32
  3102   00060E  20                 	db	32
  3103   00060F  49                 	db	73	;'I'
  3104   000610  44                 	db	68	;'D'
  3105   000611  00                 	db	0
  3106   000612  00                 	db	0	; dummy byte at the end
  3107   000600                     __smallconst    set	__psmallconst
  3108   000600                     __mediumconst   set	__psmallconst
  3109   000002                     __activetblptr  equ	2
  3110                           
  3111                           ; #config settings
  3112                           
  3113                           	psect	cinit
  3114   000DE4                     __pcinit:
  3115                           	callstack 0
  3116   000DE4                     start_initialization:
  3117                           	callstack 0
  3118   000DE4                     __initialization:
  3119                           	callstack 0
  3120                           
  3121                           ; Initialize objects allocated to COMRAM (1 bytes)
  3122                           ; load TBLPTR registers with __pidataCOMRAM
  3123   000DE4  0E72               	movlw	low __pidataCOMRAM
  3124   000DE6  6EF6               	movwf	tblptrl,c
  3125   000DE8  0E0E               	movlw	high __pidataCOMRAM
  3126   000DEA  6EF7               	movwf	tblptrh,c
  3127   000DEC  0E00               	movlw	low (__pidataCOMRAM shr (0+16))
  3128   000DEE  6EF8               	movwf	tblptru,c
  3129   000DF0  0009               	tblrd		*+	;fetch initializer
  3130   000DF2  CFF5 F058          	movff	tablat,__pdataCOMRAM
  3131                           
  3132                           ; Clear objects allocated to BANK0 (10 bytes)
  3133   000DF6  EE00  F060         	lfsr	0,__pbssBANK0
  3134   000DFA  0E0A               	movlw	10
  3135   000DFC                     clear_0:
  3136   000DFC  6AEE               	clrf	postinc0,c
  3137   000DFE  06E8               	decf	wreg,f,c
  3138   000E00  E1FD               	bnz	clear_0
  3139                           
  3140                           ; Clear objects allocated to COMRAM (57 bytes)
  3141   000E02  EE00  F002         	lfsr	0,__pbssCOMRAM
  3142   000E06  0E39               	movlw	57
  3143   000E08                     clear_1:
  3144   000E08  6AEE               	clrf	postinc0,c
  3145   000E0A  06E8               	decf	wreg,f,c
  3146   000E0C  E1FD               	bnz	clear_1
  3147   000E0E                     end_of_initialization:
  3148                           	callstack 0
  3149   000E0E                     __end_of__initialization:
  3150                           	callstack 0
  3151   000E0E  9001               	bcf	int$flags,0,c	;clear compiler interrupt flag (level 1)
  3152   000E10  9201               	bcf	int$flags,1,c	;clear compiler interrupt flag (level 2)
  3153   000E12  0E00               	movlw	low (__Lmediumconst shr (0+16))
  3154   000E14  6EF8               	movwf	tblptru,c
  3155   000E16  0100               	movlb	0
  3156   000E18  EF0A  F003         	goto	_main	;jump to C main() function
  3157                           
  3158                           	psect	bssCOMRAM
  3159   000002                     __pbssCOMRAM:
  3160                           	callstack 0
  3161   000002                     _can_payload:
  3162                           	callstack 0
  3163   000002                     	ds	13
  3164   00000F                     _count:
  3165                           	callstack 0
  3166   00000F                     	ds	2
  3167   000011                     _pwmcount:
  3168                           	callstack 0
  3169   000011                     	ds	2
  3170   000013                     _val:
  3171                           	callstack 0
  3172   000013                     	ds	2
  3173   000015                     _speed:
  3174                           	callstack 0
  3175   000015                     	ds	2
  3176   000017                     read_switches@key:
  3177                           	callstack 0
  3178   000017                     	ds	1
  3179   000018                     _cangear:
  3180                           	callstack 0
  3181   000018                     	ds	1
  3182   000019                     _cur_ind_status:
  3183                           	callstack 0
  3184   000019                     	ds	1
  3185   00001A                     _prev_ind_status:
  3186                           	callstack 0
  3187   00001A                     	ds	1
  3188   00001B                     _led_state:
  3189                           	callstack 0
  3190   00001B                     	ds	1
  3191   00001C                     _blink_state:
  3192                           	callstack 0
  3193   00001C                     	ds	1
  3194   00001D                     _cantemp_arr:
  3195                           	callstack 0
  3196   00001D                     	ds	10
  3197   000027                     _canrpm_arr:
  3198                           	callstack 0
  3199   000027                     	ds	10
  3200   000031                     _canspd:
  3201                           	callstack 0
  3202   000031                     	ds	10
  3203                           
  3204                           	psect	dataCOMRAM
  3205   000058                     __pdataCOMRAM:
  3206                           	callstack 0
  3207   000058                     read_switches@once:
  3208                           	callstack 0
  3209   000058                     	ds	1
  3210                           
  3211                           	psect	bssBANK0
  3212   000060                     __pbssBANK0:
  3213                           	callstack 0
  3214   000060                     _arr:
  3215                           	callstack 0
  3216   000060                     	ds	10
  3217                           
  3218                           	psect	cstackCOMRAM
  3219   00003B                     __pcstackCOMRAM:
  3220                           	callstack 0
  3221   00003B                     ?___lwdiv:
  3222                           	callstack 0
  3223   00003B                     clcd_write@control_bit:
  3224                           	callstack 0
  3225   00003B                     ___lwdiv@dividend:
  3226                           	callstack 0
  3227   00003B                     
  3228                           ; 1 bytes @ 0x0
  3229   00003B                     	ds	1
  3230   00003C                     clcd_write@byte:
  3231                           	callstack 0
  3232   00003C                     
  3233                           ; 1 bytes @ 0x1
  3234   00003C                     	ds	1
  3235   00003D                     clcd_putch@addr:
  3236                           	callstack 0
  3237   00003D                     clcd_print@data:
  3238                           	callstack 0
  3239   00003D                     ___lwdiv@divisor:
  3240                           	callstack 0
  3241   00003D                     ??_init_clcd:
  3242                           
  3243                           ; 1 bytes @ 0x2
  3244   00003D                     	ds	1
  3245   00003E                     clcd_putch@data:
  3246                           	callstack 0
  3247   00003E                     
  3248                           ; 1 bytes @ 0x3
  3249   00003E                     	ds	1
  3250   00003F                     clcd_print@addr:
  3251                           	callstack 0
  3252   00003F                     ___lwdiv@quotient:
  3253                           	callstack 0
  3254   00003F                     
  3255                           ; 1 bytes @ 0x4
  3256   00003F                     	ds	1
  3257   000040                     
  3258                           ; 1 bytes @ 0x5
  3259   000040                     	ds	1
  3260   000041                     ___lwdiv@counter:
  3261                           	callstack 0
  3262                           
  3263                           ; 1 bytes @ 0x6
  3264   000041                     	ds	1
  3265   000042                     ?___lwmod:
  3266                           	callstack 0
  3267   000042                     ___lwmod@dividend:
  3268                           	callstack 0
  3269                           
  3270                           ; 2 bytes @ 0x7
  3271   000042                     	ds	2
  3272   000044                     ___lwmod@divisor:
  3273                           	callstack 0
  3274                           
  3275                           ; 2 bytes @ 0x9
  3276   000044                     	ds	2
  3277   000046                     ___lwmod@counter:
  3278                           	callstack 0
  3279   000046                     
  3280                           ; 1 bytes @ 0xB
  3281   000046                     	ds	1
  3282   000047                     speed_to_str@speed:
  3283                           	callstack 0
  3284   000047                     rpm_to_str@rpm:
  3285                           	callstack 0
  3286   000047                     temp_to_str@temp:
  3287                           	callstack 0
  3288                           
  3289                           ; 2 bytes @ 0xC
  3290   000047                     	ds	2
  3291   000049                     speed_to_str@str:
  3292                           	callstack 0
  3293   000049                     rpm_to_str@str:
  3294                           	callstack 0
  3295   000049                     temp_to_str@str:
  3296                           	callstack 0
  3297                           
  3298                           ; 1 bytes @ 0xE
  3299   000049                     	ds	1
  3300   00004A                     rpm_to_str@ones:
  3301                           	callstack 0
  3302   00004A                     temp_to_str@ones:
  3303                           	callstack 0
  3304   00004A                     
  3305                           ; 1 bytes @ 0xF
  3306   00004A                     	ds	1
  3307   00004B                     rpm_to_str@tens:
  3308                           	callstack 0
  3309   00004B                     temp_to_str@tens:
  3310                           	callstack 0
  3311                           
  3312                           ; 1 bytes @ 0x10
  3313   00004B                     	ds	1
  3314   00004C                     rpm_to_str@hundreds:
  3315                           	callstack 0
  3316                           
  3317                           ; 1 bytes @ 0x11
  3318   00004C                     	ds	1
  3319   00004D                     rpm_to_str@thousands:
  3320                           	callstack 0
  3321                           
  3322                           ; 1 bytes @ 0x12
  3323   00004D                     	ds	1
  3324   00004E                     ??_main:
  3325                           
  3326                           ; 1 bytes @ 0x13
  3327   00004E                     	ds	4
  3328   000052                     main@canrpm:
  3329                           	callstack 0
  3330                           
  3331                           ; 2 bytes @ 0x17
  3332   000052                     	ds	2
  3333   000054                     main@cantemp:
  3334                           	callstack 0
  3335                           
  3336                           ; 2 bytes @ 0x19
  3337   000054                     	ds	2
  3338   000056                     main@msgid:
  3339                           	callstack 0
  3340                           
  3341                           ; 2 bytes @ 0x1B
  3342   000056                     	ds	2
  3343                           
  3344 ;;
  3345 ;;Main: autosize = 0, tempsize = 4, incstack = 0, save=0
  3346 ;;
  3347 ;; *************** function _main *****************
  3348 ;; Defined at:
  3349 ;;		line 35 in file "newmain.c"
  3350 ;; Parameters:    Size  Location     Type
  3351 ;;		None
  3352 ;; Auto vars:     Size  Location     Type
  3353 ;;  cantemp         2   25[COMRAM] unsigned int 
  3354 ;;  canrpm          2   23[COMRAM] unsigned int 
  3355 ;;  msgid           2   27[COMRAM] unsigned int 
  3356 ;; Return value:  Size  Location     Type
  3357 ;;                  1    wreg      void 
  3358 ;; Registers used:
  3359 ;;		wreg, fsr0l, fsr0h, fsr2l, fsr2h, status,2, status,0, tblptrl, tblptrh, tblptru, cstack
  3360 ;; Tracked objects:
  3361 ;;		On entry : 0/0
  3362 ;;		On exit  : 0/0
  3363 ;;		Unchanged: 0/0
  3364 ;; Data sizes:     COMRAM   BANK0   BANK1   BANK2   BANK3   BANK4   BANK5
  3365 ;;      Params:         0       0       0       0       0       0       0
  3366 ;;      Locals:         6       0       0       0       0       0       0
  3367 ;;      Temps:          4       0       0       0       0       0       0
  3368 ;;      Totals:        10       0       0       0       0       0       0
  3369 ;;Total ram usage:       10 bytes
  3370 ;; Hardware stack levels required when called: 3
  3371 ;; This function calls:
  3372 ;;		_can_receive
  3373 ;;		_clcd_print
  3374 ;;		_clcd_putch
  3375 ;;		_init_adc
  3376 ;;		_init_can
  3377 ;;		_init_clcd
  3378 ;;		_init_matrix_keypad
  3379 ;;		_init_timer2
  3380 ;;		_rpm_to_str
  3381 ;;		_speed_to_str
  3382 ;;		_temp_to_str
  3383 ;; This function is called by:
  3384 ;;		Startup code after reset
  3385 ;; This function uses a non-reentrant model
  3386 ;;
  3387                           
  3388                           	psect	text0
  3389   000614                     __ptext0:
  3390                           	callstack 0
  3391   000614                     _main:
  3392                           	callstack 28
  3393   000614                     
  3394                           ;newmain.c: 37:   init_can();
  3395   000614  ECB5  F006         	call	_init_can	;wreg free
  3396   000618                     
  3397                           ;newmain.c: 38:   init_timer2();
  3398   000618  EC33  F007         	call	_init_timer2	;wreg free
  3399   00061C                     
  3400                           ;newmain.c: 39:   init_adc();
  3401   00061C  EC0E  F007         	call	_init_adc	;wreg free
  3402                           
  3403                           ;newmain.c: 40:   init_matrix_keypad();
  3404   000620  EC2A  F007         	call	_init_matrix_keypad	;wreg free
  3405                           
  3406                           ;newmain.c: 41:   init_clcd();
  3407   000624  EC5F  F005         	call	_init_clcd	;wreg free
  3408   000628                     
  3409                           ;newmain.c: 42:   GIE=1;
  3410   000628  8EF2               	bsf	4082,7,c	;volatile
  3411   00062A                     
  3412                           ;newmain.c: 43:   PEIE=1;
  3413   00062A  8CF2               	bsf	4082,6,c	;volatile
  3414   00062C                     
  3415                           ;newmain.c: 44:   TMR2IF = 0;
  3416   00062C  929E               	bcf	3998,1,c	;volatile
  3417   00062E                     
  3418                           ;newmain.c: 45:   TRISA5=1;
  3419   00062E  8A92               	bsf	3986,5,c	;volatile
  3420   000630                     
  3421                           ;newmain.c: 48:   clcd_print("SPD G RPM  T  ID", (0x80 + (0)));
  3422   000630  0E01               	movlw	low STR_1
  3423   000632  6E3D               	movwf	clcd_print@data^0,c
  3424   000634  503D               	movf	clcd_print@data^0,w,c
  3425   000636  A4D8               	btfss	status,2,c
  3426   000638  0E06               	movlw	high __smallconst
  3427   00063A  6E3E               	movwf	(clcd_print@data+1)^0,c
  3428   00063C  0E80               	movlw	128
  3429   00063E  6E3F               	movwf	clcd_print@addr^0,c
  3430   000640  EC25  F006         	call	_clcd_print	;wreg free
  3431   000644                     l1743:
  3432                           
  3433                           ;newmain.c: 50:   {;newmain.c: 52:     if (can_receive())
  3434   000644  EC8D  F006         	call	_can_receive	;wreg free
  3435   000648  0900               	iorlw	0
  3436   00064A  B4D8               	btfsc	status,2,c
  3437   00064C  EF2A  F003         	goto	u731
  3438   000650  EF2C  F003         	goto	u730
  3439   000654                     u731:
  3440   000654  EF22  F003         	goto	l1743
  3441   000658                     u730:
  3442   000658                     
  3443                           ;newmain.c: 53:     {;newmain.c: 54:       unsigned int msgid;;newmain.c: 55:       msgi
      +                          d=(((unsigned int ) can_payload[2] << 3 ) | (can_payload[3]) >> 5);
  3444   000658  C005  F04E         	movff	_can_payload+3,??_main
  3445   00065C  0E05               	movlw	5
  3446   00065E  6E4F               	movwf	(??_main+1)^0,c
  3447   000660                     u745:
  3448   000660  90D8               	bcf	status,0,c
  3449   000662  324E               	rrcf	??_main^0,f,c
  3450   000664  2E4F               	decfsz	(??_main+1)^0,f,c
  3451   000666  EF30  F003         	goto	u745
  3452   00066A  504E               	movf	??_main^0,w,c
  3453   00066C  C004  F050         	movff	_can_payload+2,??_main+2
  3454   000670  6A51               	clrf	(??_main+3)^0,c
  3455   000672  90D8               	bcf	status,0,c
  3456   000674  3650               	rlcf	(??_main+2)^0,f,c
  3457   000676  3651               	rlcf	(??_main+3)^0,f,c
  3458   000678  90D8               	bcf	status,0,c
  3459   00067A  3650               	rlcf	(??_main+2)^0,f,c
  3460   00067C  3651               	rlcf	(??_main+3)^0,f,c
  3461   00067E  90D8               	bcf	status,0,c
  3462   000680  3650               	rlcf	(??_main+2)^0,f,c
  3463   000682  3651               	rlcf	(??_main+3)^0,f,c
  3464   000684  1050               	iorwf	(??_main+2)^0,w,c
  3465   000686  6E56               	movwf	main@msgid^0,c
  3466   000688  5051               	movf	(??_main+3)^0,w,c
  3467   00068A  6E57               	movwf	(main@msgid+1)^0,c
  3468                           
  3469                           ;newmain.c: 56:       if (msgid == 0x35E)
  3470   00068C  0E5E               	movlw	94
  3471   00068E  1856               	xorwf	main@msgid^0,w,c
  3472   000690  E107               	bnz	u751
  3473   000692  0E03               	movlw	3
  3474   000694  1857               	xorwf	(main@msgid+1)^0,w,c
  3475   000696  A4D8               	btfss	status,2,c
  3476   000698  EF50  F003         	goto	u751
  3477   00069C  EF52  F003         	goto	u750
  3478   0006A0                     u751:
  3479   0006A0  EF69  F003         	goto	l1755
  3480   0006A4                     u750:
  3481   0006A4                     
  3482                           ;newmain.c: 57:       {;newmain.c: 59:         speed_to_str(can_payload[7],canspd);
  3483   0006A4  C009  F047         	movff	_can_payload+7,speed_to_str@speed
  3484   0006A8  6A48               	clrf	(speed_to_str@speed+1)^0,c
  3485   0006AA  0E31               	movlw	low _canspd
  3486   0006AC  6E49               	movwf	speed_to_str@str^0,c
  3487   0006AE  EC9C  F004         	call	_speed_to_str	;wreg free
  3488   0006B2                     
  3489                           ;newmain.c: 60:         cangear=can_payload[8];
  3490   0006B2  C00A  F018         	movff	_can_payload+8,_cangear
  3491   0006B6                     
  3492                           ;newmain.c: 61:         clcd_print(canspd, (0xC0 + (0)));
  3493   0006B6  0E31               	movlw	low _canspd
  3494   0006B8  6E3D               	movwf	clcd_print@data^0,c
  3495   0006BA  6A3E               	clrf	(clcd_print@data+1)^0,c
  3496   0006BC  0EC0               	movlw	192
  3497   0006BE  6E3F               	movwf	clcd_print@addr^0,c
  3498   0006C0  EC25  F006         	call	_clcd_print	;wreg free
  3499   0006C4                     
  3500                           ;newmain.c: 62:         clcd_putch(cangear, (0xC0 + (4)));
  3501   0006C4  0EC4               	movlw	196
  3502   0006C6  6E3D               	movwf	clcd_putch@addr^0,c
  3503   0006C8  5018               	movf	_cangear^0,w,c
  3504   0006CA  EC1E  F007         	call	_clcd_putch
  3505                           
  3506                           ;newmain.c: 63:       } else if (msgid == 0x30)
  3507   0006CE  EF22  F003         	goto	l1743
  3508   0006D2                     l1755:
  3509   0006D2  0E30               	movlw	48
  3510   0006D4  1856               	xorwf	main@msgid^0,w,c
  3511   0006D6  1057               	iorwf	(main@msgid+1)^0,w,c
  3512   0006D8  A4D8               	btfss	status,2,c
  3513   0006DA  EF71  F003         	goto	u761
  3514   0006DE  EF73  F003         	goto	u760
  3515   0006E2                     u761:
  3516   0006E2  EF8D  F003         	goto	l1763
  3517   0006E6                     u760:
  3518   0006E6                     
  3519                           ;newmain.c: 64:       {;newmain.c: 65:         unsigned int canrpm=0;
  3520   0006E6  6A53               	clrf	(main@canrpm+1)^0,c
  3521   0006E8  0E00               	movlw	0
  3522   0006EA  6E52               	movwf	main@canrpm^0,c
  3523                           
  3524                           ;newmain.c: 66:         canrpm=( (unsigned int ) (can_payload[5] << 8) | can_payload[6] 
      +                          );
  3525   0006EC  5007               	movf	(_can_payload+5)^0,w,c
  3526   0006EE  6E4E               	movwf	??_main^0,c
  3527   0006F0  5008               	movf	(_can_payload+6)^0,w,c
  3528   0006F2  6E52               	movwf	main@canrpm^0,c
  3529   0006F4  C04E  F053         	movff	??_main,main@canrpm+1
  3530   0006F8                     
  3531                           ;newmain.c: 68:         rpm_to_str(canrpm,canrpm_arr);
  3532   0006F8  C052  F047         	movff	main@canrpm,rpm_to_str@rpm
  3533   0006FC  C053  F048         	movff	main@canrpm+1,rpm_to_str@rpm+1
  3534   000700  0E27               	movlw	low _canrpm_arr
  3535   000702  6E49               	movwf	rpm_to_str@str^0,c
  3536   000704  ECEF  F003         	call	_rpm_to_str	;wreg free
  3537   000708                     
  3538                           ;newmain.c: 69:         clcd_print(canrpm_arr, (0xC0 + (6)));
  3539   000708  0E27               	movlw	low _canrpm_arr
  3540   00070A  6E3D               	movwf	clcd_print@data^0,c
  3541   00070C  6A3E               	clrf	(clcd_print@data+1)^0,c
  3542   00070E  0EC6               	movlw	198
  3543   000710  6E3F               	movwf	clcd_print@addr^0,c
  3544   000712  EC25  F006         	call	_clcd_print	;wreg free
  3545                           
  3546                           ;newmain.c: 70:       }
  3547   000716  EF22  F003         	goto	l1743
  3548   00071A                     l1763:
  3549   00071A  0E40               	movlw	64
  3550   00071C  1856               	xorwf	main@msgid^0,w,c
  3551   00071E  1057               	iorwf	(main@msgid+1)^0,w,c
  3552   000720  A4D8               	btfss	status,2,c
  3553   000722  EF95  F003         	goto	u771
  3554   000726  EF97  F003         	goto	u770
  3555   00072A                     u771:
  3556   00072A  EFAB  F003         	goto	l1773
  3557   00072E                     u770:
  3558   00072E                     
  3559                           ;newmain.c: 74:         cantemp=( (unsigned int ) (can_payload[6]));
  3560   00072E  C008  F054         	movff	_can_payload+6,main@cantemp
  3561   000732  6A55               	clrf	(main@cantemp+1)^0,c
  3562   000734                     
  3563                           ;newmain.c: 76:         temp_to_str(cantemp,cantemp_arr);
  3564   000734  C054  F047         	movff	main@cantemp,temp_to_str@temp
  3565   000738  C055  F048         	movff	main@cantemp+1,temp_to_str@temp+1
  3566   00073C  0E1D               	movlw	low _cantemp_arr
  3567   00073E  6E49               	movwf	temp_to_str@str^0,c
  3568   000740  ECB2  F005         	call	_temp_to_str	;wreg free
  3569   000744                     
  3570                           ;newmain.c: 77:         clcd_print(cantemp_arr, (0xC0 + (11)));
  3571   000744  0E1D               	movlw	low _cantemp_arr
  3572   000746  6E3D               	movwf	clcd_print@data^0,c
  3573   000748  6A3E               	clrf	(clcd_print@data+1)^0,c
  3574   00074A  0ECB               	movlw	203
  3575   00074C  6E3F               	movwf	clcd_print@addr^0,c
  3576   00074E  EC25  F006         	call	_clcd_print	;wreg free
  3577                           
  3578                           ;newmain.c: 78:       } else if (msgid == 0x50)
  3579   000752  EF22  F003         	goto	l1743
  3580   000756                     l1773:
  3581   000756  0E50               	movlw	80
  3582   000758  1856               	xorwf	main@msgid^0,w,c
  3583   00075A  1057               	iorwf	(main@msgid+1)^0,w,c
  3584   00075C  A4D8               	btfss	status,2,c
  3585   00075E  EFB3  F003         	goto	u781
  3586   000762  EFB5  F003         	goto	u780
  3587   000766                     u781:
  3588   000766  EF22  F003         	goto	l1743
  3589   00076A                     u780:
  3590   00076A                     
  3591                           ;newmain.c: 79:       {;newmain.c: 80:         led_state = ((unsigned int) (can_payload[
      +                          6]));
  3592   00076A  C008  F01B         	movff	_can_payload+6,_led_state	;volatile
  3593   00076E                     
  3594                           ;newmain.c: 82:         if (led_state == e_ind_left)
  3595   00076E  041B               	decf	_led_state^0,w,c	;volatile
  3596   000770  A4D8               	btfss	status,2,c
  3597   000772  EFBD  F003         	goto	u791
  3598   000776  EFBF  F003         	goto	u790
  3599   00077A                     u791:
  3600   00077A  EFC6  F003         	goto	l1781
  3601   00077E                     u790:
  3602   00077E                     
  3603                           ;newmain.c: 83:           clcd_putch('L', (0xC0 + (14)));
  3604   00077E  0ECE               	movlw	206
  3605   000780  6E3D               	movwf	clcd_putch@addr^0,c
  3606   000782  0E4C               	movlw	76
  3607   000784  EC1E  F007         	call	_clcd_putch
  3608   000788  EF22  F003         	goto	l1743
  3609   00078C                     l1781:
  3610   00078C  0E02               	movlw	2
  3611   00078E  181B               	xorwf	_led_state^0,w,c	;volatile
  3612   000790  A4D8               	btfss	status,2,c
  3613   000792  EFCD  F003         	goto	u801
  3614   000796  EFCF  F003         	goto	u800
  3615   00079A                     u801:
  3616   00079A  EFD6  F003         	goto	l1785
  3617   00079E                     u800:
  3618   00079E                     
  3619                           ;newmain.c: 85:           clcd_putch('R', (0xC0 + (14)));
  3620   00079E  0ECE               	movlw	206
  3621   0007A0  6E3D               	movwf	clcd_putch@addr^0,c
  3622   0007A2  0E52               	movlw	82
  3623   0007A4  EC1E  F007         	call	_clcd_putch
  3624   0007A8  EF22  F003         	goto	l1743
  3625   0007AC                     l1785:
  3626   0007AC  0E03               	movlw	3
  3627   0007AE  181B               	xorwf	_led_state^0,w,c	;volatile
  3628   0007B0  A4D8               	btfss	status,2,c
  3629   0007B2  EFDD  F003         	goto	u811
  3630   0007B6  EFDF  F003         	goto	u810
  3631   0007BA                     u811:
  3632   0007BA  EFE6  F003         	goto	l1789
  3633   0007BE                     u810:
  3634   0007BE                     
  3635                           ;newmain.c: 87:           clcd_putch('H', (0xC0 + (14)));
  3636   0007BE  0ECE               	movlw	206
  3637   0007C0  6E3D               	movwf	clcd_putch@addr^0,c
  3638   0007C2  0E48               	movlw	72
  3639   0007C4  EC1E  F007         	call	_clcd_putch
  3640   0007C8  EF22  F003         	goto	l1743
  3641   0007CC                     l1789:
  3642                           
  3643                           ;newmain.c: 89:           clcd_putch(' ', (0xC0 + (14)));
  3644   0007CC  0ECE               	movlw	206
  3645   0007CE  6E3D               	movwf	clcd_putch@addr^0,c
  3646   0007D0  0E20               	movlw	32
  3647   0007D2  EC1E  F007         	call	_clcd_putch
  3648   0007D6  EF22  F003         	goto	l1743
  3649   0007DA  EF07  F000         	goto	start
  3650   0007DE                     __end_of_main:
  3651                           	callstack 0
  3652                           
  3653 ;; *************** function _temp_to_str *****************
  3654 ;; Defined at:
  3655 ;;		line 181 in file "newmain.c"
  3656 ;; Parameters:    Size  Location     Type
  3657 ;;  temp            2   12[COMRAM] unsigned int 
  3658 ;;  str             1   14[COMRAM] PTR unsigned char 
  3659 ;;		 -> cantemp_arr(10), 
  3660 ;; Auto vars:     Size  Location     Type
  3661 ;;  tens            1   16[COMRAM] unsigned char 
  3662 ;;  ones            1   15[COMRAM] unsigned char 
  3663 ;; Return value:  Size  Location     Type
  3664 ;;                  1    wreg      void 
  3665 ;; Registers used:
  3666 ;;		wreg, fsr2l, fsr2h, status,2, status,0, cstack
  3667 ;; Tracked objects:
  3668 ;;		On entry : 0/0
  3669 ;;		On exit  : 0/0
  3670 ;;		Unchanged: 0/0
  3671 ;; Data sizes:     COMRAM   BANK0   BANK1   BANK2   BANK3   BANK4   BANK5
  3672 ;;      Params:         3       0       0       0       0       0       0
  3673 ;;      Locals:         2       0       0       0       0       0       0
  3674 ;;      Temps:          0       0       0       0       0       0       0
  3675 ;;      Totals:         5       0       0       0       0       0       0
  3676 ;;Total ram usage:        5 bytes
  3677 ;; Hardware stack levels used: 1
  3678 ;; Hardware stack levels required when called: 2
  3679 ;; This function calls:
  3680 ;;		___lwdiv
  3681 ;;		___lwmod
  3682 ;; This function is called by:
  3683 ;;		_main
  3684 ;; This function uses a non-reentrant model
  3685 ;;
  3686                           
  3687                           	psect	text1
  3688   000B64                     __ptext1:
  3689                           	callstack 0
  3690   000B64                     _temp_to_str:
  3691                           	callstack 28
  3692   000B64                     
  3693                           ;newmain.c: 181: void temp_to_str(unsigned int temp, char *str);newmain.c: 182: {;newmai
      +                          n.c: 183:     unsigned char tens;;newmain.c: 184:     unsigned char ones;;newmain.c: 186
      +                          :     tens = temp / 10;
  3694   000B64  C047  F03B         	movff	temp_to_str@temp,___lwdiv@dividend
  3695   000B68  C048  F03C         	movff	temp_to_str@temp+1,___lwdiv@dividend+1
  3696   000B6C  6A3E               	clrf	(___lwdiv@divisor+1)^0,c
  3697   000B6E  0E0A               	movlw	10
  3698   000B70  6E3D               	movwf	___lwdiv@divisor^0,c
  3699   000B72  ECEC  F005         	call	___lwdiv	;wreg free
  3700   000B76  503B               	movf	?___lwdiv^0,w,c
  3701   000B78  6E4B               	movwf	temp_to_str@tens^0,c
  3702                           
  3703                           ;newmain.c: 187:     ones = temp % 10;
  3704   000B7A  C047  F042         	movff	temp_to_str@temp,___lwmod@dividend
  3705   000B7E  C048  F043         	movff	temp_to_str@temp+1,___lwmod@dividend+1
  3706   000B82  6A45               	clrf	(___lwmod@divisor+1)^0,c
  3707   000B84  0E0A               	movlw	10
  3708   000B86  6E44               	movwf	___lwmod@divisor^0,c
  3709   000B88  EC5B  F006         	call	___lwmod	;wreg free
  3710   000B8C  5042               	movf	?___lwmod^0,w,c
  3711   000B8E  6E4A               	movwf	temp_to_str@ones^0,c
  3712   000B90                     
  3713                           ;newmain.c: 189:     if(tens == 0)
  3714   000B90  504B               	movf	temp_to_str@tens^0,w,c
  3715   000B92  A4D8               	btfss	status,2,c
  3716   000B94  EFCE  F005         	goto	u721
  3717   000B98  EFD0  F005         	goto	u720
  3718   000B9C                     u721:
  3719   000B9C  EFD7  F005         	goto	l1725
  3720   000BA0                     u720:
  3721   000BA0                     
  3722                           ;newmain.c: 190:         str[0] = ' ';
  3723   000BA0  5049               	movf	temp_to_str@str^0,w,c
  3724   000BA2  6ED9               	movwf	fsr2l,c
  3725   000BA4  6ADA               	clrf	fsr2h,c
  3726   000BA6  0E20               	movlw	32
  3727   000BA8  6EDF               	movwf	indf2,c
  3728   000BAA  EFDD  F005         	goto	l119
  3729   000BAE                     l1725:
  3730                           
  3731                           ;newmain.c: 192:         str[0] = tens + '0';
  3732   000BAE  5049               	movf	temp_to_str@str^0,w,c
  3733   000BB0  6ED9               	movwf	fsr2l,c
  3734   000BB2  6ADA               	clrf	fsr2h,c
  3735   000BB4  504B               	movf	temp_to_str@tens^0,w,c
  3736   000BB6  0F30               	addlw	48
  3737   000BB8  6EDF               	movwf	indf2,c
  3738   000BBA                     l119:
  3739                           
  3740                           ;newmain.c: 194:     str[1] = ones + '0';
  3741   000BBA  5049               	movf	temp_to_str@str^0,w,c
  3742   000BBC  6ED9               	movwf	fsr2l,c
  3743   000BBE  6ADA               	clrf	fsr2h,c
  3744   000BC0  0E01               	movlw	1
  3745   000BC2  26D9               	addwf	fsr2l,f,c
  3746   000BC4  504A               	movf	temp_to_str@ones^0,w,c
  3747   000BC6  0F30               	addlw	48
  3748   000BC8  6EDF               	movwf	indf2,c
  3749                           
  3750                           ;newmain.c: 196:     str[2] = '\0';
  3751   000BCA  5049               	movf	temp_to_str@str^0,w,c
  3752   000BCC  6ED9               	movwf	fsr2l,c
  3753   000BCE  6ADA               	clrf	fsr2h,c
  3754   000BD0  0E02               	movlw	2
  3755   000BD2  26D9               	addwf	fsr2l,f,c
  3756   000BD4  6ADF               	clrf	indf2,c
  3757   000BD6  0012               	return		;funcret
  3758   000BD8                     __end_of_temp_to_str:
  3759                           	callstack 0
  3760                           
  3761 ;; *************** function _speed_to_str *****************
  3762 ;; Defined at:
  3763 ;;		line 133 in file "newmain.c"
  3764 ;; Parameters:    Size  Location     Type
  3765 ;;  speed           2   12[COMRAM] unsigned int 
  3766 ;;  str             1   14[COMRAM] PTR unsigned char 
  3767 ;;		 -> canspd(10), 
  3768 ;; Auto vars:     Size  Location     Type
  3769 ;;		None
  3770 ;; Return value:  Size  Location     Type
  3771 ;;                  1    wreg      void 
  3772 ;; Registers used:
  3773 ;;		wreg, fsr2l, fsr2h, status,2, status,0, cstack
  3774 ;; Tracked objects:
  3775 ;;		On entry : 0/0
  3776 ;;		On exit  : 0/0
  3777 ;;		Unchanged: 0/0
  3778 ;; Data sizes:     COMRAM   BANK0   BANK1   BANK2   BANK3   BANK4   BANK5
  3779 ;;      Params:         3       0       0       0       0       0       0
  3780 ;;      Locals:         0       0       0       0       0       0       0
  3781 ;;      Temps:          0       0       0       0       0       0       0
  3782 ;;      Totals:         3       0       0       0       0       0       0
  3783 ;;Total ram usage:        3 bytes
  3784 ;; Hardware stack levels used: 1
  3785 ;; Hardware stack levels required when called: 2
  3786 ;; This function calls:
  3787 ;;		___lwdiv
  3788 ;;		___lwmod
  3789 ;; This function is called by:
  3790 ;;		_main
  3791 ;; This function uses a non-reentrant model
  3792 ;;
  3793                           
  3794                           	psect	text2
  3795   000938                     __ptext2:
  3796                           	callstack 0
  3797   000938                     _speed_to_str:
  3798                           	callstack 28
  3799   000938                     
  3800                           ;newmain.c: 133: void speed_to_str(unsigned int speed, char *str);newmain.c: 134: {;newm
      +                          ain.c: 135:     if(speed >= 100)
  3801   000938  5048               	movf	(speed_to_str@speed+1)^0,w,c
  3802   00093A  E109               	bnz	u640
  3803   00093C  0E64               	movlw	100
  3804   00093E  5C47               	subwf	speed_to_str@speed^0,w,c
  3805   000940  A0D8               	btfss	status,0,c
  3806   000942  EFA5  F004         	goto	u641
  3807   000946  EFA7  F004         	goto	u640
  3808   00094A                     u641:
  3809   00094A  EFB8  F004         	goto	l1679
  3810   00094E                     u640:
  3811   00094E                     
  3812                           ;newmain.c: 136:         str[0] = (speed / 100) + '0';
  3813   00094E  5049               	movf	speed_to_str@str^0,w,c
  3814   000950  6ED9               	movwf	fsr2l,c
  3815   000952  6ADA               	clrf	fsr2h,c
  3816   000954  C047  F03B         	movff	speed_to_str@speed,___lwdiv@dividend
  3817   000958  C048  F03C         	movff	speed_to_str@speed+1,___lwdiv@dividend+1
  3818   00095C  6A3E               	clrf	(___lwdiv@divisor+1)^0,c
  3819   00095E  0E64               	movlw	100
  3820   000960  6E3D               	movwf	___lwdiv@divisor^0,c
  3821   000962  ECEC  F005         	call	___lwdiv	;wreg free
  3822   000966  503B               	movf	?___lwdiv^0,w,c
  3823   000968  0F30               	addlw	48
  3824   00096A  6EDF               	movwf	indf2,c
  3825   00096C  EFBD  F004         	goto	l1681
  3826   000970                     l1679:
  3827                           
  3828                           ;newmain.c: 138:         str[0] = ' ';
  3829   000970  5049               	movf	speed_to_str@str^0,w,c
  3830   000972  6ED9               	movwf	fsr2l,c
  3831   000974  6ADA               	clrf	fsr2h,c
  3832   000976  0E20               	movlw	32
  3833   000978  6EDF               	movwf	indf2,c
  3834   00097A                     l1681:
  3835                           
  3836                           ;newmain.c: 140:     if(speed >= 10)
  3837   00097A  5048               	movf	(speed_to_str@speed+1)^0,w,c
  3838   00097C  E109               	bnz	u650
  3839   00097E  0E0A               	movlw	10
  3840   000980  5C47               	subwf	speed_to_str@speed^0,w,c
  3841   000982  A0D8               	btfss	status,0,c
  3842   000984  EFC6  F004         	goto	u651
  3843   000988  EFC8  F004         	goto	u650
  3844   00098C                     u651:
  3845   00098C  EFE4  F004         	goto	l1685
  3846   000990                     u650:
  3847   000990                     
  3848                           ;newmain.c: 141:         str[1] = ((speed / 10) % 10) + '0';
  3849   000990  5049               	movf	speed_to_str@str^0,w,c
  3850   000992  6ED9               	movwf	fsr2l,c
  3851   000994  6ADA               	clrf	fsr2h,c
  3852   000996  0E01               	movlw	1
  3853   000998  26D9               	addwf	fsr2l,f,c
  3854   00099A  6A3E               	clrf	(___lwdiv@divisor+1)^0,c
  3855   00099C  0E0A               	movlw	10
  3856   00099E  6E3D               	movwf	___lwdiv@divisor^0,c
  3857   0009A0  C047  F03B         	movff	speed_to_str@speed,___lwdiv@dividend
  3858   0009A4  C048  F03C         	movff	speed_to_str@speed+1,___lwdiv@dividend+1
  3859   0009A8  ECEC  F005         	call	___lwdiv	;wreg free
  3860   0009AC  C03B  F042         	movff	?___lwdiv,___lwmod@dividend
  3861   0009B0  C03C  F043         	movff	?___lwdiv+1,___lwmod@dividend+1
  3862   0009B4  6A45               	clrf	(___lwmod@divisor+1)^0,c
  3863   0009B6  0E0A               	movlw	10
  3864   0009B8  6E44               	movwf	___lwmod@divisor^0,c
  3865   0009BA  EC5B  F006         	call	___lwmod	;wreg free
  3866   0009BE  5042               	movf	?___lwmod^0,w,c
  3867   0009C0  0F30               	addlw	48
  3868   0009C2  6EDF               	movwf	indf2,c
  3869   0009C4  EFEB  F004         	goto	l1687
  3870   0009C8                     l1685:
  3871                           
  3872                           ;newmain.c: 143:         str[1] = ' ';
  3873   0009C8  5049               	movf	speed_to_str@str^0,w,c
  3874   0009CA  6ED9               	movwf	fsr2l,c
  3875   0009CC  6ADA               	clrf	fsr2h,c
  3876   0009CE  0E01               	movlw	1
  3877   0009D0  26D9               	addwf	fsr2l,f,c
  3878   0009D2  0E20               	movlw	32
  3879   0009D4  6EDF               	movwf	indf2,c
  3880   0009D6                     l1687:
  3881                           
  3882                           ;newmain.c: 145:     str[2] = (speed % 10) + '0';
  3883   0009D6  5049               	movf	speed_to_str@str^0,w,c
  3884   0009D8  6ED9               	movwf	fsr2l,c
  3885   0009DA  6ADA               	clrf	fsr2h,c
  3886   0009DC  0E02               	movlw	2
  3887   0009DE  26D9               	addwf	fsr2l,f,c
  3888   0009E0  C047  F042         	movff	speed_to_str@speed,___lwmod@dividend
  3889   0009E4  C048  F043         	movff	speed_to_str@speed+1,___lwmod@dividend+1
  3890   0009E8  6A45               	clrf	(___lwmod@divisor+1)^0,c
  3891   0009EA  0E0A               	movlw	10
  3892   0009EC  6E44               	movwf	___lwmod@divisor^0,c
  3893   0009EE  EC5B  F006         	call	___lwmod	;wreg free
  3894   0009F2  5042               	movf	?___lwmod^0,w,c
  3895   0009F4  0F30               	addlw	48
  3896   0009F6  6EDF               	movwf	indf2,c
  3897   0009F8                     
  3898                           ;newmain.c: 146:     str[3] = '\0';
  3899   0009F8  5049               	movf	speed_to_str@str^0,w,c
  3900   0009FA  6ED9               	movwf	fsr2l,c
  3901   0009FC  6ADA               	clrf	fsr2h,c
  3902   0009FE  0E03               	movlw	3
  3903   000A00  26D9               	addwf	fsr2l,f,c
  3904   000A02  6ADF               	clrf	indf2,c
  3905   000A04  0012               	return		;funcret
  3906   000A06                     __end_of_speed_to_str:
  3907                           	callstack 0
  3908                           
  3909 ;; *************** function _rpm_to_str *****************
  3910 ;; Defined at:
  3911 ;;		line 149 in file "newmain.c"
  3912 ;; Parameters:    Size  Location     Type
  3913 ;;  rpm             2   12[COMRAM] unsigned int 
  3914 ;;  str             1   14[COMRAM] PTR unsigned char 
  3915 ;;		 -> canrpm_arr(10), 
  3916 ;; Auto vars:     Size  Location     Type
  3917 ;;  thousands       1   18[COMRAM] unsigned char 
  3918 ;;  hundreds        1   17[COMRAM] unsigned char 
  3919 ;;  tens            1   16[COMRAM] unsigned char 
  3920 ;;  ones            1   15[COMRAM] unsigned char 
  3921 ;; Return value:  Size  Location     Type
  3922 ;;                  1    wreg      void 
  3923 ;; Registers used:
  3924 ;;		wreg, fsr2l, fsr2h, status,2, status,0, cstack
  3925 ;; Tracked objects:
  3926 ;;		On entry : 0/0
  3927 ;;		On exit  : 0/0
  3928 ;;		Unchanged: 0/0
  3929 ;; Data sizes:     COMRAM   BANK0   BANK1   BANK2   BANK3   BANK4   BANK5
  3930 ;;      Params:         3       0       0       0       0       0       0
  3931 ;;      Locals:         4       0       0       0       0       0       0
  3932 ;;      Temps:          0       0       0       0       0       0       0
  3933 ;;      Totals:         7       0       0       0       0       0       0
  3934 ;;Total ram usage:        7 bytes
  3935 ;; Hardware stack levels used: 1
  3936 ;; Hardware stack levels required when called: 2
  3937 ;; This function calls:
  3938 ;;		___lwdiv
  3939 ;;		___lwmod
  3940 ;; This function is called by:
  3941 ;;		_main
  3942 ;; This function uses a non-reentrant model
  3943 ;;
  3944                           
  3945                           	psect	text3
  3946   0007DE                     __ptext3:
  3947                           	callstack 0
  3948   0007DE                     _rpm_to_str:
  3949                           	callstack 28
  3950   0007DE                     
  3951                           ;newmain.c: 149: void rpm_to_str(unsigned int rpm, char *str);newmain.c: 150: {;newmain.
      +                          c: 151:     unsigned char thousands;;newmain.c: 152:     unsigned char hundreds;;newmain
      +                          .c: 153:     unsigned char tens;;newmain.c: 154:     unsigned char ones;;newmain.c: 156:
      +                               thousands = rpm / 1000;
  3952   0007DE  C047  F03B         	movff	rpm_to_str@rpm,___lwdiv@dividend
  3953   0007E2  C048  F03C         	movff	rpm_to_str@rpm+1,___lwdiv@dividend+1
  3954   0007E6  0E03               	movlw	3
  3955   0007E8  6E3E               	movwf	(___lwdiv@divisor+1)^0,c
  3956   0007EA  0EE8               	movlw	232
  3957   0007EC  6E3D               	movwf	___lwdiv@divisor^0,c
  3958   0007EE  ECEC  F005         	call	___lwdiv	;wreg free
  3959   0007F2  503B               	movf	?___lwdiv^0,w,c
  3960   0007F4  6E4D               	movwf	rpm_to_str@thousands^0,c
  3961                           
  3962                           ;newmain.c: 157:     hundreds = (rpm / 100) % 10;
  3963   0007F6  6A3E               	clrf	(___lwdiv@divisor+1)^0,c
  3964   0007F8  0E64               	movlw	100
  3965   0007FA  6E3D               	movwf	___lwdiv@divisor^0,c
  3966   0007FC  C047  F03B         	movff	rpm_to_str@rpm,___lwdiv@dividend
  3967   000800  C048  F03C         	movff	rpm_to_str@rpm+1,___lwdiv@dividend+1
  3968   000804  ECEC  F005         	call	___lwdiv	;wreg free
  3969   000808  C03B  F042         	movff	?___lwdiv,___lwmod@dividend
  3970   00080C  C03C  F043         	movff	?___lwdiv+1,___lwmod@dividend+1
  3971   000810  6A45               	clrf	(___lwmod@divisor+1)^0,c
  3972   000812  0E0A               	movlw	10
  3973   000814  6E44               	movwf	___lwmod@divisor^0,c
  3974   000816  EC5B  F006         	call	___lwmod	;wreg free
  3975   00081A  5042               	movf	?___lwmod^0,w,c
  3976   00081C  6E4C               	movwf	rpm_to_str@hundreds^0,c
  3977                           
  3978                           ;newmain.c: 158:     tens = (rpm / 10) % 10;
  3979   00081E  6A3E               	clrf	(___lwdiv@divisor+1)^0,c
  3980   000820  0E0A               	movlw	10
  3981   000822  6E3D               	movwf	___lwdiv@divisor^0,c
  3982   000824  C047  F03B         	movff	rpm_to_str@rpm,___lwdiv@dividend
  3983   000828  C048  F03C         	movff	rpm_to_str@rpm+1,___lwdiv@dividend+1
  3984   00082C  ECEC  F005         	call	___lwdiv	;wreg free
  3985   000830  C03B  F042         	movff	?___lwdiv,___lwmod@dividend
  3986   000834  C03C  F043         	movff	?___lwdiv+1,___lwmod@dividend+1
  3987   000838  6A45               	clrf	(___lwmod@divisor+1)^0,c
  3988   00083A  0E0A               	movlw	10
  3989   00083C  6E44               	movwf	___lwmod@divisor^0,c
  3990   00083E  EC5B  F006         	call	___lwmod	;wreg free
  3991   000842  5042               	movf	?___lwmod^0,w,c
  3992   000844  6E4B               	movwf	rpm_to_str@tens^0,c
  3993                           
  3994                           ;newmain.c: 159:     ones = rpm % 10;
  3995   000846  C047  F042         	movff	rpm_to_str@rpm,___lwmod@dividend
  3996   00084A  C048  F043         	movff	rpm_to_str@rpm+1,___lwmod@dividend+1
  3997   00084E  6A45               	clrf	(___lwmod@divisor+1)^0,c
  3998   000850  0E0A               	movlw	10
  3999   000852  6E44               	movwf	___lwmod@divisor^0,c
  4000   000854  EC5B  F006         	call	___lwmod	;wreg free
  4001   000858  5042               	movf	?___lwmod^0,w,c
  4002   00085A  6E4A               	movwf	rpm_to_str@ones^0,c
  4003   00085C                     
  4004                           ;newmain.c: 161:     if(thousands == 0)
  4005   00085C  504D               	movf	rpm_to_str@thousands^0,w,c
  4006   00085E  A4D8               	btfss	status,2,c
  4007   000860  EF34  F004         	goto	u661
  4008   000864  EF36  F004         	goto	u660
  4009   000868                     u661:
  4010   000868  EF3D  F004         	goto	l1699
  4011   00086C                     u660:
  4012   00086C                     
  4013                           ;newmain.c: 162:         str[0] = ' ';
  4014   00086C  5049               	movf	rpm_to_str@str^0,w,c
  4015   00086E  6ED9               	movwf	fsr2l,c
  4016   000870  6ADA               	clrf	fsr2h,c
  4017   000872  0E20               	movlw	32
  4018   000874  6EDF               	movwf	indf2,c
  4019   000876  EF43  F004         	goto	l1701
  4020   00087A                     l1699:
  4021                           
  4022                           ;newmain.c: 164:         str[0] = thousands + '0';
  4023   00087A  5049               	movf	rpm_to_str@str^0,w,c
  4024   00087C  6ED9               	movwf	fsr2l,c
  4025   00087E  6ADA               	clrf	fsr2h,c
  4026   000880  504D               	movf	rpm_to_str@thousands^0,w,c
  4027   000882  0F30               	addlw	48
  4028   000884  6EDF               	movwf	indf2,c
  4029   000886                     l1701:
  4030                           
  4031                           ;newmain.c: 166:     if(thousands == 0 && hundreds == 0)
  4032   000886  504D               	movf	rpm_to_str@thousands^0,w,c
  4033   000888  A4D8               	btfss	status,2,c
  4034   00088A  EF49  F004         	goto	u671
  4035   00088E  EF4B  F004         	goto	u670
  4036   000892                     u671:
  4037   000892  EF5C  F004         	goto	l1707
  4038   000896                     u670:
  4039   000896  504C               	movf	rpm_to_str@hundreds^0,w,c
  4040   000898  A4D8               	btfss	status,2,c
  4041   00089A  EF51  F004         	goto	u681
  4042   00089E  EF53  F004         	goto	u680
  4043   0008A2                     u681:
  4044   0008A2  EF5C  F004         	goto	l1707
  4045   0008A6                     u680:
  4046   0008A6                     
  4047                           ;newmain.c: 167:         str[1] = ' ';
  4048   0008A6  5049               	movf	rpm_to_str@str^0,w,c
  4049   0008A8  6ED9               	movwf	fsr2l,c
  4050   0008AA  6ADA               	clrf	fsr2h,c
  4051   0008AC  0E01               	movlw	1
  4052   0008AE  26D9               	addwf	fsr2l,f,c
  4053   0008B0  0E20               	movlw	32
  4054   0008B2  6EDF               	movwf	indf2,c
  4055   0008B4  EF64  F004         	goto	l1709
  4056   0008B8                     l1707:
  4057                           
  4058                           ;newmain.c: 169:         str[1] = hundreds + '0';
  4059   0008B8  5049               	movf	rpm_to_str@str^0,w,c
  4060   0008BA  6ED9               	movwf	fsr2l,c
  4061   0008BC  6ADA               	clrf	fsr2h,c
  4062   0008BE  0E01               	movlw	1
  4063   0008C0  26D9               	addwf	fsr2l,f,c
  4064   0008C2  504C               	movf	rpm_to_str@hundreds^0,w,c
  4065   0008C4  0F30               	addlw	48
  4066   0008C6  6EDF               	movwf	indf2,c
  4067   0008C8                     l1709:
  4068                           
  4069                           ;newmain.c: 171:     if(thousands == 0 && hundreds == 0 && tens == 0)
  4070   0008C8  504D               	movf	rpm_to_str@thousands^0,w,c
  4071   0008CA  A4D8               	btfss	status,2,c
  4072   0008CC  EF6A  F004         	goto	u691
  4073   0008D0  EF6C  F004         	goto	u690
  4074   0008D4                     u691:
  4075   0008D4  EF85  F004         	goto	l1717
  4076   0008D8                     u690:
  4077   0008D8  504C               	movf	rpm_to_str@hundreds^0,w,c
  4078   0008DA  A4D8               	btfss	status,2,c
  4079   0008DC  EF72  F004         	goto	u701
  4080   0008E0  EF74  F004         	goto	u700
  4081   0008E4                     u701:
  4082   0008E4  EF85  F004         	goto	l1717
  4083   0008E8                     u700:
  4084   0008E8  504B               	movf	rpm_to_str@tens^0,w,c
  4085   0008EA  A4D8               	btfss	status,2,c
  4086   0008EC  EF7A  F004         	goto	u711
  4087   0008F0  EF7C  F004         	goto	u710
  4088   0008F4                     u711:
  4089   0008F4  EF85  F004         	goto	l1717
  4090   0008F8                     u710:
  4091   0008F8                     
  4092                           ;newmain.c: 172:         str[2] = ' ';
  4093   0008F8  5049               	movf	rpm_to_str@str^0,w,c
  4094   0008FA  6ED9               	movwf	fsr2l,c
  4095   0008FC  6ADA               	clrf	fsr2h,c
  4096   0008FE  0E02               	movlw	2
  4097   000900  26D9               	addwf	fsr2l,f,c
  4098   000902  0E20               	movlw	32
  4099   000904  6EDF               	movwf	indf2,c
  4100   000906  EF8D  F004         	goto	l114
  4101   00090A                     l1717:
  4102                           
  4103                           ;newmain.c: 174:         str[2] = tens + '0';
  4104   00090A  5049               	movf	rpm_to_str@str^0,w,c
  4105   00090C  6ED9               	movwf	fsr2l,c
  4106   00090E  6ADA               	clrf	fsr2h,c
  4107   000910  0E02               	movlw	2
  4108   000912  26D9               	addwf	fsr2l,f,c
  4109   000914  504B               	movf	rpm_to_str@tens^0,w,c
  4110   000916  0F30               	addlw	48
  4111   000918  6EDF               	movwf	indf2,c
  4112   00091A                     l114:
  4113                           
  4114                           ;newmain.c: 176:     str[3] = ones + '0';
  4115   00091A  5049               	movf	rpm_to_str@str^0,w,c
  4116   00091C  6ED9               	movwf	fsr2l,c
  4117   00091E  6ADA               	clrf	fsr2h,c
  4118   000920  0E03               	movlw	3
  4119   000922  26D9               	addwf	fsr2l,f,c
  4120   000924  504A               	movf	rpm_to_str@ones^0,w,c
  4121   000926  0F30               	addlw	48
  4122   000928  6EDF               	movwf	indf2,c
  4123                           
  4124                           ;newmain.c: 178:     str[4] = '\0';
  4125   00092A  5049               	movf	rpm_to_str@str^0,w,c
  4126   00092C  6ED9               	movwf	fsr2l,c
  4127   00092E  6ADA               	clrf	fsr2h,c
  4128   000930  0E04               	movlw	4
  4129   000932  26D9               	addwf	fsr2l,f,c
  4130   000934  6ADF               	clrf	indf2,c
  4131   000936  0012               	return		;funcret
  4132   000938                     __end_of_rpm_to_str:
  4133                           	callstack 0
  4134                           
  4135 ;; *************** function ___lwmod *****************
  4136 ;; Defined at:
  4137 ;;		line 7 in file "C:\Program Files\Microchip\xc8\v3.10\pic\sources\c99\common\lwmod.c"
  4138 ;; Parameters:    Size  Location     Type
  4139 ;;  dividend        2    7[COMRAM] unsigned int 
  4140 ;;  divisor         2    9[COMRAM] unsigned int 
  4141 ;; Auto vars:     Size  Location     Type
  4142 ;;  counter         1   11[COMRAM] unsigned char 
  4143 ;; Return value:  Size  Location     Type
  4144 ;;                  2    7[COMRAM] unsigned int 
  4145 ;; Registers used:
  4146 ;;		wreg, status,2, status,0
  4147 ;; Tracked objects:
  4148 ;;		On entry : 0/0
  4149 ;;		On exit  : 0/0
  4150 ;;		Unchanged: 0/0
  4151 ;; Data sizes:     COMRAM   BANK0   BANK1   BANK2   BANK3   BANK4   BANK5
  4152 ;;      Params:         4       0       0       0       0       0       0
  4153 ;;      Locals:         1       0       0       0       0       0       0
  4154 ;;      Temps:          0       0       0       0       0       0       0
  4155 ;;      Totals:         5       0       0       0       0       0       0
  4156 ;;Total ram usage:        5 bytes
  4157 ;; Hardware stack levels used: 1
  4158 ;; Hardware stack levels required when called: 1
  4159 ;; This function calls:
  4160 ;;		Nothing
  4161 ;; This function is called by:
  4162 ;;		_speed_to_str
  4163 ;;		_rpm_to_str
  4164 ;;		_temp_to_str
  4165 ;; This function uses a non-reentrant model
  4166 ;;
  4167                           
  4168                           	psect	text4
  4169   000CB6                     __ptext4:
  4170                           	callstack 0
  4171   000CB6                     ___lwmod:
  4172                           	callstack 28
  4173   000CB6  5044               	movf	___lwmod@divisor^0,w,c
  4174   000CB8  1045               	iorwf	(___lwmod@divisor+1)^0,w,c
  4175   000CBA  B4D8               	btfsc	status,2,c
  4176   000CBC  EF62  F006         	goto	u561
  4177   000CC0  EF64  F006         	goto	u560
  4178   000CC4                     u561:
  4179   000CC4  EF88  F006         	goto	l953
  4180   000CC8                     u560:
  4181   000CC8  0E01               	movlw	1
  4182   000CCA  6E46               	movwf	___lwmod@counter^0,c
  4183   000CCC  EF6C  F006         	goto	l1563
  4184   000CD0                     l1561:
  4185   000CD0  90D8               	bcf	status,0,c
  4186   000CD2  3644               	rlcf	___lwmod@divisor^0,f,c
  4187   000CD4  3645               	rlcf	(___lwmod@divisor+1)^0,f,c
  4188   000CD6  2A46               	incf	___lwmod@counter^0,f,c
  4189   000CD8                     l1563:
  4190   000CD8  AE45               	btfss	(___lwmod@divisor+1)^0,7,c
  4191   000CDA  EF71  F006         	goto	u571
  4192   000CDE  EF73  F006         	goto	u570
  4193   000CE2                     u571:
  4194   000CE2  EF68  F006         	goto	l1561
  4195   000CE6                     u570:
  4196   000CE6                     l1565:
  4197   000CE6  5044               	movf	___lwmod@divisor^0,w,c
  4198   000CE8  5C42               	subwf	___lwmod@dividend^0,w,c
  4199   000CEA  5045               	movf	(___lwmod@divisor+1)^0,w,c
  4200   000CEC  5843               	subwfb	(___lwmod@dividend+1)^0,w,c
  4201   000CEE  A0D8               	btfss	status,0,c
  4202   000CF0  EF7C  F006         	goto	u581
  4203   000CF4  EF7E  F006         	goto	u580
  4204   000CF8                     u581:
  4205   000CF8  EF82  F006         	goto	l1569
  4206   000CFC                     u580:
  4207   000CFC  5044               	movf	___lwmod@divisor^0,w,c
  4208   000CFE  5E42               	subwf	___lwmod@dividend^0,f,c
  4209   000D00  5045               	movf	(___lwmod@divisor+1)^0,w,c
  4210   000D02  5A43               	subwfb	(___lwmod@dividend+1)^0,f,c
  4211   000D04                     l1569:
  4212   000D04  90D8               	bcf	status,0,c
  4213   000D06  3245               	rrcf	(___lwmod@divisor+1)^0,f,c
  4214   000D08  3244               	rrcf	___lwmod@divisor^0,f,c
  4215   000D0A  2E46               	decfsz	___lwmod@counter^0,f,c
  4216   000D0C  EF73  F006         	goto	l1565
  4217   000D10                     l953:
  4218   000D10  C042  F042         	movff	___lwmod@dividend,?___lwmod
  4219   000D14  C043  F043         	movff	___lwmod@dividend+1,?___lwmod+1
  4220   000D18  0012               	return		;funcret
  4221   000D1A                     __end_of___lwmod:
  4222                           	callstack 0
  4223                           
  4224 ;; *************** function ___lwdiv *****************
  4225 ;; Defined at:
  4226 ;;		line 7 in file "C:\Program Files\Microchip\xc8\v3.10\pic\sources\c99\common\lwdiv.c"
  4227 ;; Parameters:    Size  Location     Type
  4228 ;;  dividend        2    0[COMRAM] unsigned int 
  4229 ;;  divisor         2    2[COMRAM] unsigned int 
  4230 ;; Auto vars:     Size  Location     Type
  4231 ;;  quotient        2    4[COMRAM] unsigned int 
  4232 ;;  counter         1    6[COMRAM] unsigned char 
  4233 ;; Return value:  Size  Location     Type
  4234 ;;                  2    0[COMRAM] unsigned int 
  4235 ;; Registers used:
  4236 ;;		wreg, status,2, status,0
  4237 ;; Tracked objects:
  4238 ;;		On entry : 0/0
  4239 ;;		On exit  : 0/0
  4240 ;;		Unchanged: 0/0
  4241 ;; Data sizes:     COMRAM   BANK0   BANK1   BANK2   BANK3   BANK4   BANK5
  4242 ;;      Params:         4       0       0       0       0       0       0
  4243 ;;      Locals:         3       0       0       0       0       0       0
  4244 ;;      Temps:          0       0       0       0       0       0       0
  4245 ;;      Totals:         7       0       0       0       0       0       0
  4246 ;;Total ram usage:        7 bytes
  4247 ;; Hardware stack levels used: 1
  4248 ;; Hardware stack levels required when called: 1
  4249 ;; This function calls:
  4250 ;;		Nothing
  4251 ;; This function is called by:
  4252 ;;		_speed_to_str
  4253 ;;		_rpm_to_str
  4254 ;;		_temp_to_str
  4255 ;; This function uses a non-reentrant model
  4256 ;;
  4257                           
  4258                           	psect	text5
  4259   000BD8                     __ptext5:
  4260                           	callstack 0
  4261   000BD8                     ___lwdiv:
  4262                           	callstack 28
  4263   000BD8  6A40               	clrf	(___lwdiv@quotient+1)^0,c
  4264   000BDA  0E00               	movlw	0
  4265   000BDC  6E3F               	movwf	___lwdiv@quotient^0,c
  4266   000BDE  503D               	movf	___lwdiv@divisor^0,w,c
  4267   000BE0  103E               	iorwf	(___lwdiv@divisor+1)^0,w,c
  4268   000BE2  B4D8               	btfsc	status,2,c
  4269   000BE4  EFF6  F005         	goto	u531
  4270   000BE8  EFF8  F005         	goto	u530
  4271   000BEC                     u531:
  4272   000BEC  EF20  F006         	goto	l943
  4273   000BF0                     u530:
  4274   000BF0  0E01               	movlw	1
  4275   000BF2  6E41               	movwf	___lwdiv@counter^0,c
  4276   000BF4  EF00  F006         	goto	l1543
  4277   000BF8                     l1541:
  4278   000BF8  90D8               	bcf	status,0,c
  4279   000BFA  363D               	rlcf	___lwdiv@divisor^0,f,c
  4280   000BFC  363E               	rlcf	(___lwdiv@divisor+1)^0,f,c
  4281   000BFE  2A41               	incf	___lwdiv@counter^0,f,c
  4282   000C00                     l1543:
  4283   000C00  AE3E               	btfss	(___lwdiv@divisor+1)^0,7,c
  4284   000C02  EF05  F006         	goto	u541
  4285   000C06  EF07  F006         	goto	u540
  4286   000C0A                     u541:
  4287   000C0A  EFFC  F005         	goto	l1541
  4288   000C0E                     u540:
  4289   000C0E                     l1545:
  4290   000C0E  90D8               	bcf	status,0,c
  4291   000C10  363F               	rlcf	___lwdiv@quotient^0,f,c
  4292   000C12  3640               	rlcf	(___lwdiv@quotient+1)^0,f,c
  4293   000C14  503D               	movf	___lwdiv@divisor^0,w,c
  4294   000C16  5C3B               	subwf	___lwdiv@dividend^0,w,c
  4295   000C18  503E               	movf	(___lwdiv@divisor+1)^0,w,c
  4296   000C1A  583C               	subwfb	(___lwdiv@dividend+1)^0,w,c
  4297   000C1C  A0D8               	btfss	status,0,c
  4298   000C1E  EF13  F006         	goto	u551
  4299   000C22  EF15  F006         	goto	u550
  4300   000C26                     u551:
  4301   000C26  EF1A  F006         	goto	l1553
  4302   000C2A                     u550:
  4303   000C2A  503D               	movf	___lwdiv@divisor^0,w,c
  4304   000C2C  5E3B               	subwf	___lwdiv@dividend^0,f,c
  4305   000C2E  503E               	movf	(___lwdiv@divisor+1)^0,w,c
  4306   000C30  5A3C               	subwfb	(___lwdiv@dividend+1)^0,f,c
  4307   000C32  803F               	bsf	___lwdiv@quotient^0,0,c
  4308   000C34                     l1553:
  4309   000C34  90D8               	bcf	status,0,c
  4310   000C36  323E               	rrcf	(___lwdiv@divisor+1)^0,f,c
  4311   000C38  323D               	rrcf	___lwdiv@divisor^0,f,c
  4312   000C3A  2E41               	decfsz	___lwdiv@counter^0,f,c
  4313   000C3C  EF07  F006         	goto	l1545
  4314   000C40                     l943:
  4315   000C40  C03F  F03B         	movff	___lwdiv@quotient,?___lwdiv
  4316   000C44  C040  F03C         	movff	___lwdiv@quotient+1,?___lwdiv+1
  4317   000C48  0012               	return		;funcret
  4318   000C4A                     __end_of___lwdiv:
  4319                           	callstack 0
  4320                           
  4321 ;; *************** function _init_timer2 *****************
  4322 ;; Defined at:
  4323 ;;		line 32 in file "timer0.c"
  4324 ;; Parameters:    Size  Location     Type
  4325 ;;		None
  4326 ;; Auto vars:     Size  Location     Type
  4327 ;;		None
  4328 ;; Return value:  Size  Location     Type
  4329 ;;                  1    wreg      void 
  4330 ;; Registers used:
  4331 ;;		wreg, status,2
  4332 ;; Tracked objects:
  4333 ;;		On entry : 0/0
  4334 ;;		On exit  : 0/0
  4335 ;;		Unchanged: 0/0
  4336 ;; Data sizes:     COMRAM   BANK0   BANK1   BANK2   BANK3   BANK4   BANK5
  4337 ;;      Params:         0       0       0       0       0       0       0
  4338 ;;      Locals:         0       0       0       0       0       0       0
  4339 ;;      Temps:          0       0       0       0       0       0       0
  4340 ;;      Totals:         0       0       0       0       0       0       0
  4341 ;;Total ram usage:        0 bytes
  4342 ;; Hardware stack levels used: 1
  4343 ;; Hardware stack levels required when called: 1
  4344 ;; This function calls:
  4345 ;;		Nothing
  4346 ;; This function is called by:
  4347 ;;		_main
  4348 ;; This function uses a non-reentrant model
  4349 ;;
  4350                           
  4351                           	psect	text6
  4352   000E66                     __ptext6:
  4353                           	callstack 0
  4354   000E66                     _init_timer2:
  4355                           	callstack 29
  4356   000E66                     
  4357                           ;timer0.c: 34:     TMR2ON = 1;
  4358   000E66  84CA               	bsf	4042,2,c	;volatile
  4359                           
  4360                           ;timer0.c: 35:     TMR2IE = 1;
  4361   000E68  829D               	bsf	3997,1,c	;volatile
  4362                           
  4363                           ;timer0.c: 36:     TMR2IF = 0;
  4364   000E6A  929E               	bcf	3998,1,c	;volatile
  4365   000E6C                     
  4366                           ;timer0.c: 37:     PR2 = 249;
  4367   000E6C  0EF9               	movlw	249
  4368   000E6E  6ECB               	movwf	203,c	;volatile
  4369   000E70  0012               	return		;funcret
  4370   000E72                     __end_of_init_timer2:
  4371                           	callstack 0
  4372                           
  4373 ;; *************** function _init_matrix_keypad *****************
  4374 ;; Defined at:
  4375 ;;		line 4 in file "matrix_keypad.c"
  4376 ;; Parameters:    Size  Location     Type
  4377 ;;		None
  4378 ;; Auto vars:     Size  Location     Type
  4379 ;;		None
  4380 ;; Return value:  Size  Location     Type
  4381 ;;                  1    wreg      void 
  4382 ;; Registers used:
  4383 ;;		wreg, status,2, status,0
  4384 ;; Tracked objects:
  4385 ;;		On entry : 0/0
  4386 ;;		On exit  : 0/0
  4387 ;;		Unchanged: 0/0
  4388 ;; Data sizes:     COMRAM   BANK0   BANK1   BANK2   BANK3   BANK4   BANK5
  4389 ;;      Params:         0       0       0       0       0       0       0
  4390 ;;      Locals:         0       0       0       0       0       0       0
  4391 ;;      Temps:          0       0       0       0       0       0       0
  4392 ;;      Totals:         0       0       0       0       0       0       0
  4393 ;;Total ram usage:        0 bytes
  4394 ;; Hardware stack levels used: 1
  4395 ;; Hardware stack levels required when called: 1
  4396 ;; This function calls:
  4397 ;;		Nothing
  4398 ;; This function is called by:
  4399 ;;		_main
  4400 ;; This function uses a non-reentrant model
  4401 ;;
  4402                           
  4403                           	psect	text7
  4404   000E54                     __ptext7:
  4405                           	callstack 0
  4406   000E54                     _init_matrix_keypad:
  4407                           	callstack 29
  4408   000E54                     
  4409                           ;matrix_keypad.c: 7:  ADCON1 = 0x0F;
  4410   000E54  0E0F               	movlw	15
  4411   000E56  6EC1               	movwf	193,c	;volatile
  4412                           
  4413                           ;matrix_keypad.c: 10:  TRISB = 0x0E;
  4414   000E58  0E0E               	movlw	14
  4415   000E5A  6E93               	movwf	147,c	;volatile
  4416   000E5C                     
  4417                           ;matrix_keypad.c: 13:  RBPU = 0;
  4418   000E5C  9EF1               	bcf	4081,7,c	;volatile
  4419   000E5E                     
  4420                           ;matrix_keypad.c: 15:  PORTB = PORTB | 0xE0;
  4421   000E5E  5081               	movf	129,w,c	;volatile
  4422   000E60  09E0               	iorlw	224
  4423   000E62  6E81               	movwf	129,c	;volatile
  4424   000E64  0012               	return		;funcret
  4425   000E66                     __end_of_init_matrix_keypad:
  4426                           	callstack 0
  4427                           
  4428 ;; *************** function _init_clcd *****************
  4429 ;; Defined at:
  4430 ;;		line 27 in file "clcd.c"
  4431 ;; Parameters:    Size  Location     Type
  4432 ;;		None
  4433 ;; Auto vars:     Size  Location     Type
  4434 ;;		None
  4435 ;; Return value:  Size  Location     Type
  4436 ;;                  1    wreg      void 
  4437 ;; Registers used:
  4438 ;;		wreg, status,2, status,0, cstack
  4439 ;; Tracked objects:
  4440 ;;		On entry : 0/0
  4441 ;;		On exit  : 0/0
  4442 ;;		Unchanged: 0/0
  4443 ;; Data sizes:     COMRAM   BANK0   BANK1   BANK2   BANK3   BANK4   BANK5
  4444 ;;      Params:         0       0       0       0       0       0       0
  4445 ;;      Locals:         0       0       0       0       0       0       0
  4446 ;;      Temps:          1       0       0       0       0       0       0
  4447 ;;      Totals:         1       0       0       0       0       0       0
  4448 ;;Total ram usage:        1 bytes
  4449 ;; Hardware stack levels used: 1
  4450 ;; Hardware stack levels required when called: 2
  4451 ;; This function calls:
  4452 ;;		_clcd_write
  4453 ;; This function is called by:
  4454 ;;		_main
  4455 ;; This function uses a non-reentrant model
  4456 ;;
  4457                           
  4458                           	psect	text8
  4459   000ABE                     __ptext8:
  4460                           	callstack 0
  4461   000ABE                     _init_clcd:
  4462                           	callstack 28
  4463   000ABE                     
  4464                           ;clcd.c: 30:  TRISD = 0x00;
  4465   000ABE  6A95               	clrf	149,c	;volatile
  4466   000AC0                     
  4467                           ;clcd.c: 32:  TRISC = TRISC & 0xF8;
  4468   000AC0  5094               	movf	148,w,c	;volatile
  4469   000AC2  0BF8               	andlw	248
  4470   000AC4  6E94               	movwf	148,c	;volatile
  4471   000AC6                     
  4472                           ;clcd.c: 34:  RC0 = 0;
  4473   000AC6  9082               	bcf	3970,0,c	;volatile
  4474   000AC8                     
  4475                           ;clcd.c: 38:     _delay((unsigned long)((30)*(20000000/4000.0)));
  4476   000AC8  0EC3               	movlw	195
  4477   000ACA  6E3D               	movwf	??_init_clcd^0,c
  4478   000ACC  0ECD               	movlw	205
  4479   000ACE                     u827:
  4480   000ACE  2EE8               	decfsz	wreg,f,c
  4481   000AD0  D7FE               	bra	u827
  4482   000AD2  2E3D               	decfsz	??_init_clcd^0,f,c
  4483   000AD4  D7FC               	bra	u827
  4484   000AD6  0000               	nop	
  4485   000AD8                     
  4486                           ;clcd.c: 41:     clcd_write(0x33, 0 );
  4487   000AD8  0E00               	movlw	0
  4488   000ADA  6E3B               	movwf	clcd_write@control_bit^0,c
  4489   000ADC  0E33               	movlw	51
  4490   000ADE  ECD5  F006         	call	_clcd_write
  4491   000AE2                     
  4492                           ;clcd.c: 42:     _delay((unsigned long)((4100)*(20000000/4000000.0)));
  4493   000AE2  0E1B               	movlw	27
  4494   000AE4  6E3D               	movwf	??_init_clcd^0,c
  4495   000AE6  0E9E               	movlw	158
  4496   000AE8                     u837:
  4497   000AE8  2EE8               	decfsz	wreg,f,c
  4498   000AEA  D7FE               	bra	u837
  4499   000AEC  2E3D               	decfsz	??_init_clcd^0,f,c
  4500   000AEE  D7FC               	bra	u837
  4501   000AF0  D000               	nop2	
  4502   000AF2                     
  4503                           ;clcd.c: 43:     clcd_write(0x33, 0 );
  4504   000AF2  0E00               	movlw	0
  4505   000AF4  6E3B               	movwf	clcd_write@control_bit^0,c
  4506   000AF6  0E33               	movlw	51
  4507   000AF8  ECD5  F006         	call	_clcd_write
  4508   000AFC                     
  4509                           ;clcd.c: 44:     _delay((unsigned long)((100)*(20000000/4000000.0)));
  4510   000AFC  0EA6               	movlw	166
  4511   000AFE                     u847:
  4512   000AFE  2EE8               	decfsz	wreg,f,c
  4513   000B00  D7FE               	bra	u847
  4514   000B02  D000               	nop2	
  4515   000B04                     
  4516                           ;clcd.c: 45:     clcd_write(0x33, 0 );
  4517   000B04  0E00               	movlw	0
  4518   000B06  6E3B               	movwf	clcd_write@control_bit^0,c
  4519   000B08  0E33               	movlw	51
  4520   000B0A  ECD5  F006         	call	_clcd_write
  4521   000B0E                     
  4522                           ;clcd.c: 46:     _delay((unsigned long)((1)*(20000000/4000000.0)));
  4523   000B0E  D000               	nop2		;2 cycle nop
  4524   000B10  D000               	nop2		;2 cycle nop
  4525   000B12  0000               	nop	
  4526   000B14                     
  4527                           ;clcd.c: 48:     clcd_write(0x02, 0);
  4528   000B14  0E00               	movlw	0
  4529   000B16  6E3B               	movwf	clcd_write@control_bit^0,c
  4530   000B18  0E02               	movlw	2
  4531   000B1A  ECD5  F006         	call	_clcd_write
  4532   000B1E                     
  4533                           ;clcd.c: 49:     _delay((unsigned long)((100)*(20000000/4000000.0)));
  4534   000B1E  0EA6               	movlw	166
  4535   000B20                     u857:
  4536   000B20  2EE8               	decfsz	wreg,f,c
  4537   000B22  D7FE               	bra	u857
  4538   000B24  D000               	nop2	
  4539   000B26                     
  4540                           ;clcd.c: 50:     clcd_write(0x38, 0);
  4541   000B26  0E00               	movlw	0
  4542   000B28  6E3B               	movwf	clcd_write@control_bit^0,c
  4543   000B2A  0E38               	movlw	56
  4544   000B2C  ECD5  F006         	call	_clcd_write
  4545   000B30                     
  4546                           ;clcd.c: 51:     _delay((unsigned long)((100)*(20000000/4000000.0)));
  4547   000B30  0EA6               	movlw	166
  4548   000B32                     u867:
  4549   000B32  2EE8               	decfsz	wreg,f,c
  4550   000B34  D7FE               	bra	u867
  4551   000B36  D000               	nop2	
  4552   000B38                     
  4553                           ;clcd.c: 52:     clcd_write(0x01, 0);
  4554   000B38  0E00               	movlw	0
  4555   000B3A  6E3B               	movwf	clcd_write@control_bit^0,c
  4556   000B3C  0E01               	movlw	1
  4557   000B3E  ECD5  F006         	call	_clcd_write
  4558   000B42                     
  4559                           ;clcd.c: 53:     _delay((unsigned long)((500)*(20000000/4000000.0)));
  4560   000B42  0E04               	movlw	4
  4561   000B44  6E3D               	movwf	??_init_clcd^0,c
  4562   000B46  0E3E               	movlw	62
  4563   000B48                     u877:
  4564   000B48  2EE8               	decfsz	wreg,f,c
  4565   000B4A  D7FE               	bra	u877
  4566   000B4C  2E3D               	decfsz	??_init_clcd^0,f,c
  4567   000B4E  D7FC               	bra	u877
  4568   000B50                     
  4569                           ;clcd.c: 54:     clcd_write(0x0C, 0);
  4570   000B50  0E00               	movlw	0
  4571   000B52  6E3B               	movwf	clcd_write@control_bit^0,c
  4572   000B54  0E0C               	movlw	12
  4573   000B56  ECD5  F006         	call	_clcd_write
  4574   000B5A                     
  4575                           ;clcd.c: 55:     _delay((unsigned long)((100)*(20000000/4000000.0)));
  4576   000B5A  0EA6               	movlw	166
  4577   000B5C                     u887:
  4578   000B5C  2EE8               	decfsz	wreg,f,c
  4579   000B5E  D7FE               	bra	u887
  4580   000B60  D000               	nop2	
  4581   000B62  0012               	return		;funcret
  4582   000B64                     __end_of_init_clcd:
  4583                           	callstack 0
  4584                           
  4585 ;; *************** function _init_can *****************
  4586 ;; Defined at:
  4587 ;;		line 20 in file "can.c"
  4588 ;; Parameters:    Size  Location     Type
  4589 ;;		None
  4590 ;; Auto vars:     Size  Location     Type
  4591 ;;		None
  4592 ;; Return value:  Size  Location     Type
  4593 ;;                  1    wreg      void 
  4594 ;; Registers used:
  4595 ;;		wreg, status,2, status,0
  4596 ;; Tracked objects:
  4597 ;;		On entry : 0/0
  4598 ;;		On exit  : 0/0
  4599 ;;		Unchanged: 0/0
  4600 ;; Data sizes:     COMRAM   BANK0   BANK1   BANK2   BANK3   BANK4   BANK5
  4601 ;;      Params:         0       0       0       0       0       0       0
  4602 ;;      Locals:         0       0       0       0       0       0       0
  4603 ;;      Temps:          0       0       0       0       0       0       0
  4604 ;;      Totals:         0       0       0       0       0       0       0
  4605 ;;Total ram usage:        0 bytes
  4606 ;; Hardware stack levels used: 1
  4607 ;; Hardware stack levels required when called: 1
  4608 ;; This function calls:
  4609 ;;		Nothing
  4610 ;; This function is called by:
  4611 ;;		_main
  4612 ;; This function uses a non-reentrant model
  4613 ;;
  4614                           
  4615                           	psect	text9
  4616   000D6A                     __ptext9:
  4617                           	callstack 0
  4618   000D6A                     _init_can:
  4619                           	callstack 29
  4620   000D6A                     
  4621                           ;can.c: 23:   TRISB2 = 0;
  4622   000D6A  9493               	bcf	3987,2,c	;volatile
  4623                           
  4624                           ;can.c: 24:   TRISB3 = 1;
  4625   000D6C  8693               	bsf	3987,3,c	;volatile
  4626   000D6E                     
  4627                           ;can.c: 28:   { CANCON &= 0x1F; CANCON |= e_can_op_mode_config; };
  4628   000D6E  0E1F               	movlw	31
  4629   000D70  166F               	andwf	111,f,c	;volatile
  4630   000D72  8E6F               	bsf	111,7,c	;volatile
  4631   000D74                     l1579:
  4632   000D74  0E80               	movlw	128
  4633   000D76  186E               	xorwf	110,w,c	;volatile
  4634   000D78  A4D8               	btfss	status,2,c
  4635   000D7A  EFC1  F006         	goto	u591
  4636   000D7E  EFC3  F006         	goto	u590
  4637   000D82                     u591:
  4638   000D82  EFBA  F006         	goto	l1579
  4639   000D86                     u590:
  4640   000D86                     
  4641                           ;can.c: 34:   ECANCON = 0x00;
  4642   000D86  6A77               	clrf	119,c	;volatile
  4643   000D88                     
  4644                           ;can.c: 37:   BRGCON1 = 0xE1;
  4645   000D88  0EE1               	movlw	225
  4646   000D8A  6E70               	movwf	112,c	;volatile
  4647                           
  4648                           ;can.c: 38:   BRGCON2 = 0x1B;
  4649   000D8C  0E1B               	movlw	27
  4650   000D8E  6E71               	movwf	113,c	;volatile
  4651                           
  4652                           ;can.c: 39:   BRGCON3 = 0x03;
  4653   000D90  0E03               	movlw	3
  4654   000D92  6E72               	movwf	114,c	;volatile
  4655   000D94                     
  4656                           ;can.c: 51:   RXF0EIDH = 0x00;
  4657   000D94  010F               	movlb	15	; () banked
  4658   000D96  6B02               	clrf	2,b	;volatile
  4659   000D98                     
  4660                           ; BSR set to: 15
  4661                           ;can.c: 52:   RXF0EIDL = 0x00;
  4662   000D98  6B03               	clrf	3,b	;volatile
  4663   000D9A                     
  4664                           ; BSR set to: 15
  4665                           ;can.c: 55:   RXF0SIDH = 0x00;
  4666   000D9A  6B00               	clrf	0,b	;volatile
  4667   000D9C                     
  4668                           ; BSR set to: 15
  4669                           ;can.c: 56:   RXF0SIDL = 0x00;
  4670   000D9C  6B01               	clrf	1,b	;volatile
  4671   000D9E                     
  4672                           ; BSR set to: 15
  4673                           ;can.c: 59:   { CANCON &= 0x1F; CANCON |= e_can_op_mode_normal; };
  4674   000D9E  0E1F               	movlw	31
  4675   000DA0  166F               	andwf	111,f,c	;volatile
  4676   000DA2                     
  4677                           ; BSR set to: 15
  4678   000DA2  506F               	movf	111,w,c	;volatile
  4679   000DA4                     
  4680                           ; BSR set to: 15
  4681                           ;can.c: 62:   RXB0CON = 0x60;
  4682   000DA4  0E60               	movlw	96
  4683   000DA6  6E60               	movwf	96,c	;volatile
  4684   000DA8                     
  4685                           ; BSR set to: 15
  4686   000DA8  0012               	return		;funcret
  4687   000DAA                     __end_of_init_can:
  4688                           	callstack 0
  4689                           
  4690 ;; *************** function _init_adc *****************
  4691 ;; Defined at:
  4692 ;;		line 4 in file "adc.c"
  4693 ;; Parameters:    Size  Location     Type
  4694 ;;		None
  4695 ;; Auto vars:     Size  Location     Type
  4696 ;;		None
  4697 ;; Return value:  Size  Location     Type
  4698 ;;                  1    wreg      void 
  4699 ;; Registers used:
  4700 ;;		wreg, status,2
  4701 ;; Tracked objects:
  4702 ;;		On entry : 0/0
  4703 ;;		On exit  : 0/0
  4704 ;;		Unchanged: 0/0
  4705 ;; Data sizes:     COMRAM   BANK0   BANK1   BANK2   BANK3   BANK4   BANK5
  4706 ;;      Params:         0       0       0       0       0       0       0
  4707 ;;      Locals:         0       0       0       0       0       0       0
  4708 ;;      Temps:          0       0       0       0       0       0       0
  4709 ;;      Totals:         0       0       0       0       0       0       0
  4710 ;;Total ram usage:        0 bytes
  4711 ;; Hardware stack levels used: 1
  4712 ;; Hardware stack levels required when called: 1
  4713 ;; This function calls:
  4714 ;;		Nothing
  4715 ;; This function is called by:
  4716 ;;		_main
  4717 ;; This function uses a non-reentrant model
  4718 ;;
  4719                           
  4720                           	psect	text10
  4721   000E1C                     __ptext10:
  4722                           	callstack 0
  4723   000E1C                     _init_adc:
  4724                           	callstack 29
  4725   000E1C                     
  4726                           ;adc.c: 7:  ADFM = 1;
  4727   000E1C  8EC0               	bsf	4032,7,c	;volatile
  4728                           
  4729                           ;adc.c: 13:  ACQT2 = 0;
  4730   000E1E  9AC0               	bcf	4032,5,c	;volatile
  4731                           
  4732                           ;adc.c: 14:  ACQT1 = 1;
  4733   000E20  88C0               	bsf	4032,4,c	;volatile
  4734                           
  4735                           ;adc.c: 15:  ACQT0 = 0;
  4736   000E22  96C0               	bcf	4032,3,c	;volatile
  4737                           
  4738                           ;adc.c: 21:  ADCS0 = 0;
  4739   000E24  90C0               	bcf	4032,0,c	;volatile
  4740                           
  4741                           ;adc.c: 22:  ADCS1 = 1;
  4742   000E26  82C0               	bsf	4032,1,c	;volatile
  4743                           
  4744                           ;adc.c: 23:  ADCS2 = 0;
  4745   000E28  94C0               	bcf	4032,2,c	;volatile
  4746                           
  4747                           ;adc.c: 26:  GODONE = 0;
  4748   000E2A  92C2               	bcf	4034,1,c	;volatile
  4749                           
  4750                           ;adc.c: 31:  VCFG1 = 0;
  4751   000E2C  9AC1               	bcf	4033,5,c	;volatile
  4752                           
  4753                           ;adc.c: 33:  VCFG0 = 0;
  4754   000E2E  98C1               	bcf	4033,4,c	;volatile
  4755   000E30                     
  4756                           ;adc.c: 36:  ADCON1 = 0x0B;
  4757   000E30  0E0B               	movlw	11
  4758   000E32  6EC1               	movwf	193,c	;volatile
  4759   000E34                     
  4760                           ;adc.c: 39:  ADRESH = 0;
  4761   000E34  6AC4               	clrf	196,c	;volatile
  4762   000E36                     
  4763                           ;adc.c: 40:  ADRESL = 0;
  4764   000E36  6AC3               	clrf	195,c	;volatile
  4765   000E38                     
  4766                           ;adc.c: 43:  ADON = 1;
  4767   000E38  80C2               	bsf	4034,0,c	;volatile
  4768   000E3A  0012               	return		;funcret
  4769   000E3C                     __end_of_init_adc:
  4770                           	callstack 0
  4771                           
  4772 ;; *************** function _clcd_putch *****************
  4773 ;; Defined at:
  4774 ;;		line 67 in file "clcd.c"
  4775 ;; Parameters:    Size  Location     Type
  4776 ;;  data            1    wreg     const unsigned char 
  4777 ;;  addr            1    2[COMRAM] unsigned char 
  4778 ;; Auto vars:     Size  Location     Type
  4779 ;;  data            1    3[COMRAM] const unsigned char 
  4780 ;; Return value:  Size  Location     Type
  4781 ;;                  1    wreg      void 
  4782 ;; Registers used:
  4783 ;;		wreg, status,2, cstack
  4784 ;; Tracked objects:
  4785 ;;		On entry : 0/0
  4786 ;;		On exit  : 0/0
  4787 ;;		Unchanged: 0/0
  4788 ;; Data sizes:     COMRAM   BANK0   BANK1   BANK2   BANK3   BANK4   BANK5
  4789 ;;      Params:         1       0       0       0       0       0       0
  4790 ;;      Locals:         1       0       0       0       0       0       0
  4791 ;;      Temps:          0       0       0       0       0       0       0
  4792 ;;      Totals:         2       0       0       0       0       0       0
  4793 ;;Total ram usage:        2 bytes
  4794 ;; Hardware stack levels used: 1
  4795 ;; Hardware stack levels required when called: 2
  4796 ;; This function calls:
  4797 ;;		_clcd_write
  4798 ;; This function is called by:
  4799 ;;		_main
  4800 ;; This function uses a non-reentrant model
  4801 ;;
  4802                           
  4803                           	psect	text11
  4804   000E3C                     __ptext11:
  4805                           	callstack 0
  4806   000E3C                     _clcd_putch:
  4807                           	callstack 28
  4808                           
  4809                           ;incstack = 0
  4810                           ;clcd_putch@data stored from wreg
  4811   000E3C  6E3E               	movwf	clcd_putch@data^0,c
  4812   000E3E                     
  4813                           ;clcd.c: 67: void clcd_putch(const unsigned char data, unsigned char addr);clcd.c: 68: {
      +                          ;clcd.c: 69:  clcd_write(addr, 0);
  4814   000E3E  0E00               	movlw	0
  4815   000E40  6E3B               	movwf	clcd_write@control_bit^0,c
  4816   000E42  503D               	movf	clcd_putch@addr^0,w,c
  4817   000E44  ECD5  F006         	call	_clcd_write
  4818                           
  4819                           ;clcd.c: 70:  clcd_write(data, 1);
  4820   000E48  0E01               	movlw	1
  4821   000E4A  6E3B               	movwf	clcd_write@control_bit^0,c
  4822   000E4C  503E               	movf	clcd_putch@data^0,w,c
  4823   000E4E  ECD5  F006         	call	_clcd_write
  4824   000E52  0012               	return		;funcret
  4825   000E54                     __end_of_clcd_putch:
  4826                           	callstack 0
  4827                           
  4828 ;; *************** function _clcd_print *****************
  4829 ;; Defined at:
  4830 ;;		line 58 in file "clcd.c"
  4831 ;; Parameters:    Size  Location     Type
  4832 ;;  data            2    2[COMRAM] PTR const unsigned char 
  4833 ;;		 -> cantemp_arr(10), canrpm_arr(10), canspd(10), STR_1(17), 
  4834 ;;  addr            1    4[COMRAM] unsigned char 
  4835 ;; Auto vars:     Size  Location     Type
  4836 ;;		None
  4837 ;; Return value:  Size  Location     Type
  4838 ;;                  1    wreg      void 
  4839 ;; Registers used:
  4840 ;;		wreg, fsr0l, fsr0h, status,2, status,0, tblptrl, tblptrh, tblptru, cstack
  4841 ;; Tracked objects:
  4842 ;;		On entry : 0/0
  4843 ;;		On exit  : 0/0
  4844 ;;		Unchanged: 0/0
  4845 ;; Data sizes:     COMRAM   BANK0   BANK1   BANK2   BANK3   BANK4   BANK5
  4846 ;;      Params:         3       0       0       0       0       0       0
  4847 ;;      Locals:         0       0       0       0       0       0       0
  4848 ;;      Temps:          0       0       0       0       0       0       0
  4849 ;;      Totals:         3       0       0       0       0       0       0
  4850 ;;Total ram usage:        3 bytes
  4851 ;; Hardware stack levels used: 1
  4852 ;; Hardware stack levels required when called: 2
  4853 ;; This function calls:
  4854 ;;		_clcd_write
  4855 ;; This function is called by:
  4856 ;;		_main
  4857 ;; This function uses a non-reentrant model
  4858 ;;
  4859                           
  4860                           	psect	text12
  4861   000C4A                     __ptext12:
  4862                           	callstack 0
  4863   000C4A                     _clcd_print:
  4864                           	callstack 28
  4865   000C4A                     
  4866                           ;clcd.c: 58: void clcd_print(const unsigned char *data, unsigned char addr);clcd.c: 59: 
      +                          {;clcd.c: 60:  clcd_write(addr, 0);
  4867   000C4A  0E00               	movlw	0
  4868   000C4C  6E3B               	movwf	clcd_write@control_bit^0,c
  4869   000C4E  503F               	movf	clcd_print@addr^0,w,c
  4870   000C50  ECD5  F006         	call	_clcd_write
  4871                           
  4872                           ;clcd.c: 61:  while (*data != '\0')
  4873   000C54  EF42  F006         	goto	l1659
  4874   000C58                     l1655:
  4875                           
  4876                           ;clcd.c: 62:  {;clcd.c: 63:   clcd_write(*data++, 1);
  4877   000C58  0E01               	movlw	1
  4878   000C5A  6E3B               	movwf	clcd_write@control_bit^0,c
  4879   000C5C  C03D  FFF6         	movff	clcd_print@data,tblptrl
  4880   000C60  C03E  FFF7         	movff	clcd_print@data+1,tblptrh
  4881   000C64  6AF8               	clrf	tblptru,c
  4882   000C66  0E05               	movlw	(high __ramtop+-1)
  4883   000C68  64F7               	cpfsgt	tblptrh,c
  4884   000C6A  D003               	bra	u607
  4885   000C6C  0008               	tblrd		*
  4886   000C6E  50F5               	movf	tablat,w,c
  4887   000C70  D005               	bra	u600
  4888   000C72                     u607:
  4889   000C72  CFF6 FFE9          	movff	tblptrl,fsr0l
  4890   000C76  CFF7 FFEA          	movff	tblptrh,fsr0h
  4891   000C7A  50EF               	movf	indf0,w,c
  4892   000C7C                     u600:
  4893   000C7C  ECD5  F006         	call	_clcd_write
  4894   000C80  4A3D               	infsnz	clcd_print@data^0,f,c
  4895   000C82  2A3E               	incf	(clcd_print@data+1)^0,f,c
  4896   000C84                     l1659:
  4897                           
  4898                           ;clcd.c: 61:  while (*data != '\0')
  4899   000C84  C03D  FFF6         	movff	clcd_print@data,tblptrl
  4900   000C88  C03E  FFF7         	movff	clcd_print@data+1,tblptrh
  4901   000C8C  6AF8               	clrf	tblptru,c
  4902   000C8E  0E05               	movlw	(high __ramtop+-1)
  4903   000C90  64F7               	cpfsgt	tblptrh,c
  4904   000C92  D003               	bra	u617
  4905   000C94  0008               	tblrd		*
  4906   000C96  50F5               	movf	tablat,w,c
  4907   000C98  D005               	bra	u610
  4908   000C9A                     u617:
  4909   000C9A  CFF6 FFE9          	movff	tblptrl,fsr0l
  4910   000C9E  CFF7 FFEA          	movff	tblptrh,fsr0h
  4911   000CA2  50EF               	movf	indf0,w,c
  4912   000CA4                     u610:
  4913   000CA4  0900               	iorlw	0
  4914   000CA6  A4D8               	btfss	status,2,c
  4915   000CA8  EF58  F006         	goto	u621
  4916   000CAC  EF5A  F006         	goto	u620
  4917   000CB0                     u621:
  4918   000CB0  EF2C  F006         	goto	l1655
  4919   000CB4                     u620:
  4920   000CB4  0012               	return		;funcret
  4921   000CB6                     __end_of_clcd_print:
  4922                           	callstack 0
  4923                           
  4924 ;; *************** function _clcd_write *****************
  4925 ;; Defined at:
  4926 ;;		line 4 in file "clcd.c"
  4927 ;; Parameters:    Size  Location     Type
  4928 ;;  byte            1    wreg     unsigned char 
  4929 ;;  control_bit     1    0[COMRAM] unsigned char 
  4930 ;; Auto vars:     Size  Location     Type
  4931 ;;  byte            1    1[COMRAM] unsigned char 
  4932 ;; Return value:  Size  Location     Type
  4933 ;;                  1    wreg      void 
  4934 ;; Registers used:
  4935 ;;		wreg
  4936 ;; Tracked objects:
  4937 ;;		On entry : 0/0
  4938 ;;		On exit  : 0/0
  4939 ;;		Unchanged: 0/0
  4940 ;; Data sizes:     COMRAM   BANK0   BANK1   BANK2   BANK3   BANK4   BANK5
  4941 ;;      Params:         1       0       0       0       0       0       0
  4942 ;;      Locals:         1       0       0       0       0       0       0
  4943 ;;      Temps:          0       0       0       0       0       0       0
  4944 ;;      Totals:         2       0       0       0       0       0       0
  4945 ;;Total ram usage:        2 bytes
  4946 ;; Hardware stack levels used: 1
  4947 ;; Hardware stack levels required when called: 1
  4948 ;; This function calls:
  4949 ;;		Nothing
  4950 ;; This function is called by:
  4951 ;;		_init_clcd
  4952 ;;		_clcd_print
  4953 ;;		_clcd_putch
  4954 ;; This function uses a non-reentrant model
  4955 ;;
  4956                           
  4957                           	psect	text13
  4958   000DAA                     __ptext13:
  4959                           	callstack 0
  4960   000DAA                     _clcd_write:
  4961                           	callstack 28
  4962                           
  4963                           ;incstack = 0
  4964                           ;clcd_write@byte stored from wreg
  4965   000DAA  6E3C               	movwf	clcd_write@byte^0,c
  4966   000DAC                     
  4967                           ;clcd.c: 4: void clcd_write(unsigned char byte, unsigned char control_bit);clcd.c: 5: {;
      +                          clcd.c: 6:  RC1 = control_bit;
  4968   000DAC  B03B               	btfsc	clcd_write@control_bit^0,0,c
  4969   000DAE  EFDB  F006         	goto	u501
  4970   000DB2  EFDE  F006         	goto	u500
  4971   000DB6                     u501:
  4972   000DB6  8282               	bsf	3970,1,c	;volatile
  4973   000DB8  EFDF  F006         	goto	u515
  4974   000DBC                     u500:
  4975   000DBC  9282               	bcf	3970,1,c	;volatile
  4976   000DBE                     u515:
  4977   000DBE                     
  4978                           ;clcd.c: 7:  PORTD = byte;
  4979   000DBE  C03C  FF83         	movff	clcd_write@byte,3971	;volatile
  4980   000DC2                     
  4981                           ;clcd.c: 10:  RC2 = 1;
  4982   000DC2  8482               	bsf	3970,2,c	;volatile
  4983   000DC4                     
  4984                           ;clcd.c: 11:  RC2 = 0;
  4985   000DC4  9482               	bcf	3970,2,c	;volatile
  4986   000DC6                     
  4987                           ;clcd.c: 13:  TRISD7 = 0xFF;
  4988   000DC6  8E95               	bsf	3989,7,c	;volatile
  4989   000DC8                     
  4990                           ;clcd.c: 14:  RC0 = 1;
  4991   000DC8  8082               	bsf	3970,0,c	;volatile
  4992   000DCA                     
  4993                           ;clcd.c: 15:  RC1 = 0;
  4994   000DCA  9282               	bcf	3970,1,c	;volatile
  4995   000DCC                     l1529:
  4996                           
  4997                           ;clcd.c: 18:  {;clcd.c: 19:   RC2 = 1;
  4998   000DCC  8482               	bsf	3970,2,c	;volatile
  4999   000DCE                     
  5000                           ;clcd.c: 20:   RC2 = 0;
  5001   000DCE  9482               	bcf	3970,2,c	;volatile
  5002   000DD0                     
  5003                           ;clcd.c: 21:  } while (RD7);
  5004   000DD0  BE83               	btfsc	3971,7,c	;volatile
  5005   000DD2  EFED  F006         	goto	u521
  5006   000DD6  EFEF  F006         	goto	u520
  5007   000DDA                     u521:
  5008   000DDA  EFE6  F006         	goto	l1529
  5009   000DDE                     u520:
  5010   000DDE                     
  5011                           ;clcd.c: 23:  RC0 = 0;
  5012   000DDE  9082               	bcf	3970,0,c	;volatile
  5013                           
  5014                           ;clcd.c: 24:  TRISD7 = 0x00;
  5015   000DE0  9E95               	bcf	3989,7,c	;volatile
  5016   000DE2  0012               	return		;funcret
  5017   000DE4                     __end_of_clcd_write:
  5018                           	callstack 0
  5019                           
  5020 ;; *************** function _can_receive *****************
  5021 ;; Defined at:
  5022 ;;		line 66 in file "can.c"
  5023 ;; Parameters:    Size  Location     Type
  5024 ;;		None
  5025 ;; Auto vars:     Size  Location     Type
  5026 ;;  rx_msg_flag     1    0        unsigned char 
  5027 ;; Return value:  Size  Location     Type
  5028 ;;                  1    wreg      unsigned char 
  5029 ;; Registers used:
  5030 ;;		wreg
  5031 ;; Tracked objects:
  5032 ;;		On entry : 0/0
  5033 ;;		On exit  : 0/0
  5034 ;;		Unchanged: 0/0
  5035 ;; Data sizes:     COMRAM   BANK0   BANK1   BANK2   BANK3   BANK4   BANK5
  5036 ;;      Params:         0       0       0       0       0       0       0
  5037 ;;      Locals:         0       0       0       0       0       0       0
  5038 ;;      Temps:          0       0       0       0       0       0       0
  5039 ;;      Totals:         0       0       0       0       0       0       0
  5040 ;;Total ram usage:        0 bytes
  5041 ;; Hardware stack levels used: 1
  5042 ;; Hardware stack levels required when called: 1
  5043 ;; This function calls:
  5044 ;;		Nothing
  5045 ;; This function is called by:
  5046 ;;		_main
  5047 ;; This function uses a non-reentrant model
  5048 ;;
  5049                           
  5050                           	psect	text14
  5051   000D1A                     __ptext14:
  5052                           	callstack 0
  5053   000D1A                     _can_receive:
  5054                           	callstack 29
  5055   000D1A                     
  5056                           ;can.c: 70:   if (RXB0FUL)
  5057   000D1A  AE60               	btfss	3936,7,c	;volatile
  5058   000D1C  EF92  F006         	goto	u631
  5059   000D20  EF94  F006         	goto	u630
  5060   000D24                     u631:
  5061   000D24  EFB3  F006         	goto	l1671
  5062   000D28                     u630:
  5063   000D28                     
  5064                           ;can.c: 71:   {;can.c: 72:     can_payload[0] = RXB0EIDH;
  5065   000D28  CF63 F002          	movff	3939,_can_payload	;volatile
  5066                           
  5067                           ;can.c: 73:     can_payload[1] = RXB0EIDL;
  5068   000D2C  CF64 F003          	movff	3940,_can_payload+1	;volatile
  5069                           
  5070                           ;can.c: 74:     can_payload[2] = RXB0SIDH;
  5071   000D30  CF61 F004          	movff	3937,_can_payload+2	;volatile
  5072                           
  5073                           ;can.c: 75:     can_payload[3] = RXB0SIDL;
  5074   000D34  CF62 F005          	movff	3938,_can_payload+3	;volatile
  5075                           
  5076                           ;can.c: 76:     can_payload[4] = RXB0DLC;
  5077   000D38  CF65 F006          	movff	3941,_can_payload+4	;volatile
  5078                           
  5079                           ;can.c: 77:     can_payload[5] = RXB0D0;
  5080   000D3C  CF66 F007          	movff	3942,_can_payload+5	;volatile
  5081                           
  5082                           ;can.c: 78:     can_payload[6] = RXB0D1;
  5083   000D40  CF67 F008          	movff	3943,_can_payload+6	;volatile
  5084                           
  5085                           ;can.c: 79:     can_payload[7] = RXB0D2;
  5086   000D44  CF68 F009          	movff	3944,_can_payload+7	;volatile
  5087                           
  5088                           ;can.c: 80:     can_payload[8] = RXB0D3;
  5089   000D48  CF69 F00A          	movff	3945,_can_payload+8	;volatile
  5090                           
  5091                           ;can.c: 81:     can_payload[9] = RXB0D4;
  5092   000D4C  CF6A F00B          	movff	3946,_can_payload+9	;volatile
  5093                           
  5094                           ;can.c: 82:     can_payload[10] = RXB0D5;
  5095   000D50  CF6B F00C          	movff	3947,_can_payload+10	;volatile
  5096                           
  5097                           ;can.c: 83:     can_payload[11] = RXB0D6;
  5098   000D54  CF6C F00D          	movff	3948,_can_payload+11	;volatile
  5099                           
  5100                           ;can.c: 84:     can_payload[12] = RXB0D7;
  5101   000D58  CF6D F00E          	movff	3949,_can_payload+12	;volatile
  5102                           
  5103                           ;can.c: 86:     RXB0FUL = 0;
  5104   000D5C  9E60               	bcf	3936,7,c	;volatile
  5105                           
  5106                           ;can.c: 87:     RXB0IF = 0;
  5107   000D5E  90A4               	bcf	4004,0,c	;volatile
  5108   000D60                     
  5109                           ;can.c: 89:     return 1;
  5110   000D60  0E01               	movlw	1
  5111   000D62  EFB4  F006         	goto	l335
  5112   000D66                     l1671:
  5113                           
  5114                           ;can.c: 91:   {;can.c: 92:     return 0;
  5115   000D66  0E00               	movlw	0
  5116   000D68                     l335:
  5117   000D68  0012               	return		;funcret
  5118   000D6A                     __end_of_can_receive:
  5119                           	callstack 0
  5120                           
  5121 ;; *************** function _isr *****************
  5122 ;; Defined at:
  5123 ;;		line 96 in file "newmain.c"
  5124 ;; Parameters:    Size  Location     Type
  5125 ;;		None
  5126 ;; Auto vars:     Size  Location     Type
  5127 ;;		None
  5128 ;; Return value:  Size  Location     Type
  5129 ;;                  1    wreg      void 
  5130 ;; Registers used:
  5131 ;;		wreg, status,2, status,0
  5132 ;; Tracked objects:
  5133 ;;		On entry : 0/0
  5134 ;;		On exit  : 0/0
  5135 ;;		Unchanged: 0/0
  5136 ;; Data sizes:     COMRAM   BANK0   BANK1   BANK2   BANK3   BANK4   BANK5
  5137 ;;      Params:         0       0       0       0       0       0       0
  5138 ;;      Locals:         0       0       0       0       0       0       0
  5139 ;;      Temps:          0       0       0       0       0       0       0
  5140 ;;      Totals:         0       0       0       0       0       0       0
  5141 ;;Total ram usage:        0 bytes
  5142 ;; Hardware stack levels used: 1
  5143 ;; This function calls:
  5144 ;;		Nothing
  5145 ;; This function is called by:
  5146 ;;		Interrupt level 2
  5147 ;; This function uses a non-reentrant model
  5148 ;;
  5149                           
  5150                           	psect	intcode
  5151   000008                     __pintcode:
  5152                           	callstack 0
  5153   000008                     _isr:
  5154                           	callstack 28
  5155                           
  5156                           ;incstack = 0
  5157   000008  8201               	bsf	int$flags,1,c	;set compiler interrupt flag (level 2)
  5158   00000A  ED03  F005         	call	int_func,f	;refresh shadow registers
  5159                           
  5160                           	psect	intcode_body
  5161   000A06                     __pintcode_body:
  5162                           	callstack 28
  5163   000A06                     int_func:
  5164                           	callstack 28
  5165   000A06  0006               	pop		; remove dummy address from shadow register refresh
  5166   000A08                     
  5167                           ;newmain.c: 98:   if (TMR2IF)
  5168   000A08  A29E               	btfss	3998,1,c	;volatile
  5169   000A0A  EF09  F005         	goto	i2u33_41
  5170   000A0E  EF0B  F005         	goto	i2u33_40
  5171   000A12                     i2u33_41:
  5172   000A12  EF5D  F005         	goto	i2l99
  5173   000A16                     i2u33_40:
  5174   000A16                     
  5175                           ;newmain.c: 99:   {;newmain.c: 100:     TMR2IF=0;
  5176   000A16  929E               	bcf	3998,1,c	;volatile
  5177   000A18                     
  5178                           ;newmain.c: 101:     count++;
  5179   000A18  4A0F               	infsnz	_count^0,f,c
  5180   000A1A  2A10               	incf	(_count+1)^0,f,c
  5181   000A1C                     
  5182                           ;newmain.c: 103:     if (count == 10000)
  5183   000A1C  0E10               	movlw	16
  5184   000A1E  180F               	xorwf	_count^0,w,c
  5185   000A20  E107               	bnz	i2u34_41
  5186   000A22  0E27               	movlw	39
  5187   000A24  1810               	xorwf	(_count+1)^0,w,c
  5188   000A26  A4D8               	btfss	status,2,c
  5189   000A28  EF18  F005         	goto	i2u34_41
  5190   000A2C  EF1A  F005         	goto	i2u34_40
  5191   000A30                     i2u34_41:
  5192   000A30  EF5D  F005         	goto	i2l99
  5193   000A34                     i2u34_40:
  5194   000A34                     
  5195                           ;newmain.c: 104:     {;newmain.c: 105:       count = 0;
  5196   000A34  6A10               	clrf	(_count+1)^0,c
  5197   000A36  0E00               	movlw	0
  5198   000A38  6E0F               	movwf	_count^0,c
  5199                           
  5200                           ;newmain.c: 107:       if (led_state == e_ind_off)
  5201   000A3A  501B               	movf	_led_state^0,w,c	;volatile
  5202   000A3C  A4D8               	btfss	status,2,c
  5203   000A3E  EF23  F005         	goto	i2u35_41
  5204   000A42  EF25  F005         	goto	i2u35_40
  5205   000A46                     i2u35_41:
  5206   000A46  EF29  F005         	goto	i2l1441
  5207   000A4A                     i2u35_40:
  5208   000A4A                     
  5209                           ;newmain.c: 108:       {;newmain.c: 109:         (PORTBbits.RB0 = 0);
  5210   000A4A  9081               	bcf	129,0,c	;volatile
  5211                           
  5212                           ;newmain.c: 110:         (PORTBbits.RB4 = 0);
  5213   000A4C  9881               	bcf	129,4,c	;volatile
  5214                           
  5215                           ;newmain.c: 111:       } else
  5216   000A4E  EF5D  F005         	goto	i2l99
  5217   000A52                     i2l1441:
  5218                           
  5219                           ;newmain.c: 112:       {;newmain.c: 113:         if (blink_state == 0)
  5220   000A52  501C               	movf	_blink_state^0,w,c
  5221   000A54  A4D8               	btfss	status,2,c
  5222   000A56  EF2F  F005         	goto	i2u36_41
  5223   000A5A  EF31  F005         	goto	i2u36_40
  5224   000A5E                     i2u36_41:
  5225   000A5E  EF5A  F005         	goto	i2l91
  5226   000A62                     i2u36_40:
  5227   000A62                     
  5228                           ;newmain.c: 114:         {;newmain.c: 115:           blink_state = 1;
  5229   000A62  0E01               	movlw	1
  5230   000A64  6E1C               	movwf	_blink_state^0,c
  5231   000A66                     
  5232                           ;newmain.c: 116:           if (led_state == e_ind_left || led_state == e_ind_hazard)
  5233   000A66  041B               	decf	_led_state^0,w,c	;volatile
  5234   000A68  B4D8               	btfsc	status,2,c
  5235   000A6A  EF39  F005         	goto	i2u37_41
  5236   000A6E  EF3B  F005         	goto	i2u37_40
  5237   000A72                     i2u37_41:
  5238   000A72  EF44  F005         	goto	i2l94
  5239   000A76                     i2u37_40:
  5240   000A76  0E03               	movlw	3
  5241   000A78  181B               	xorwf	_led_state^0,w,c	;volatile
  5242   000A7A  A4D8               	btfss	status,2,c
  5243   000A7C  EF42  F005         	goto	i2u38_41
  5244   000A80  EF44  F005         	goto	i2u38_40
  5245   000A84                     i2u38_41:
  5246   000A84  EF45  F005         	goto	i2l1449
  5247   000A88                     i2u38_40:
  5248   000A88                     i2l94:
  5249                           
  5250                           ;newmain.c: 117:             (PORTBbits.RB0 = 1);
  5251   000A88  8081               	bsf	129,0,c	;volatile
  5252   000A8A                     i2l1449:
  5253                           
  5254                           ;newmain.c: 118:           if (led_state == e_ind_right || led_state == e_ind_hazard)
  5255   000A8A  0E02               	movlw	2
  5256   000A8C  181B               	xorwf	_led_state^0,w,c	;volatile
  5257   000A8E  B4D8               	btfsc	status,2,c
  5258   000A90  EF4C  F005         	goto	i2u39_41
  5259   000A94  EF4E  F005         	goto	i2u39_40
  5260   000A98                     i2u39_41:
  5261   000A98  EF57  F005         	goto	i2l97
  5262   000A9C                     i2u39_40:
  5263   000A9C  0E03               	movlw	3
  5264   000A9E  181B               	xorwf	_led_state^0,w,c	;volatile
  5265   000AA0  A4D8               	btfss	status,2,c
  5266   000AA2  EF55  F005         	goto	i2u40_41
  5267   000AA6  EF57  F005         	goto	i2u40_40
  5268   000AAA                     i2u40_41:
  5269   000AAA  EF5D  F005         	goto	i2l99
  5270   000AAE                     i2u40_40:
  5271   000AAE                     i2l97:
  5272                           
  5273                           ;newmain.c: 119:             (PORTBbits.RB4 = 1);
  5274   000AAE  8881               	bsf	129,4,c	;volatile
  5275   000AB0  EF5D  F005         	goto	i2l99
  5276   000AB4                     i2l91:
  5277                           
  5278                           ;newmain.c: 121:         {;newmain.c: 122:           blink_state = 0;
  5279   000AB4  6A1C               	clrf	_blink_state^0,c
  5280                           
  5281                           ;newmain.c: 123:           (PORTBbits.RB0 = 0);
  5282   000AB6  9081               	bcf	129,0,c	;volatile
  5283                           
  5284                           ;newmain.c: 124:           (PORTBbits.RB4 = 0);
  5285   000AB8  9881               	bcf	129,4,c	;volatile
  5286   000ABA                     i2l99:
  5287   000ABA  9201               	bcf	int$flags,1,c	;clear compiler interrupt flag (level 2)
  5288   000ABC  0011               	retfie		f
  5289   000ABE                     __end_of_isr:
  5290                           	callstack 0
  5291                           
  5292                           	psect	rparam
  5293   000001                     ___rparam_used  equ	1
  5294   000000                     ___param_bank   equ	0
  5295   000000                     __Lparam        equ	__Lrparam
  5296   000000                     __Hparam        equ	__Hrparam
  5297   000001                     btemp           set	1	;btemp
  5298   000001                     int$flags       set	1
  5299   000001                     btemp0          set	1
  5300   000002                     btemp1          set	2
  5301                           tosu	equ	0xFFF
  5302                           tosh	equ	0xFFE
  5303                           tosl	equ	0xFFD
  5304                           stkptr	equ	0xFFC
  5305                           pclatu	equ	0xFFB
  5306                           pclath	equ	0xFFA
  5307                           pcl	equ	0xFF9
  5308                           tblptru	equ	0xFF8
  5309                           tblptrh	equ	0xFF7
  5310                           tblptrl	equ	0xFF6
  5311                           tablat	equ	0xFF5
  5312                           prodh	equ	0xFF4
  5313                           prodl	equ	0xFF3
  5314                           indf0	equ	0xFEF
  5315                           postinc0	equ	0xFEE
  5316                           postdec0	equ	0xFED
  5317                           preinc0	equ	0xFEC
  5318                           plusw0	equ	0xFEB
  5319                           fsr0h	equ	0xFEA
  5320                           fsr0l	equ	0xFE9
  5321                           wreg	equ	0xFE8
  5322                           indf1	equ	0xFE7
  5323                           postinc1	equ	0xFE6
  5324                           postdec1	equ	0xFE5
  5325                           preinc1	equ	0xFE4
  5326                           plusw1	equ	0xFE3
  5327                           fsr1h	equ	0xFE2
  5328                           fsr1l	equ	0xFE1
  5329                           bsr	equ	0xFE0
  5330                           indf2	equ	0xFDF
  5331                           postinc2	equ	0xFDE
  5332                           postdec2	equ	0xFDD
  5333                           preinc2	equ	0xFDC
  5334                           plusw2	equ	0xFDB
  5335                           fsr2h	equ	0xFDA
  5336                           fsr2l	equ	0xFD9
  5337                           status	equ	0xFD8

Data Sizes:
    Strings     17
    Constant    0
    Data        1
    BSS         67
    Persistent  0
    Stack       0

Auto Spaces:
    Space          Size  Autos    Used
    COMRAM           94     29      87
    BANK0           160      0      10
    BANK1           256      0       0
    BANK2           256      0       0
    BANK3           256      0       0
    BANK4           256      0       0
    BANK5           256      0       0

Pointer List with Targets:

    clcd_print@data	PTR const unsigned char  size(2) Largest target is 17
		 -> canrpm_arr(COMRAM[10]), canspd(COMRAM[10]), cantemp_arr(COMRAM[10]), STR_1(CODE[17]), 

    rpm_to_str@str	PTR unsigned char  size(1) Largest target is 10
		 -> canrpm_arr(COMRAM[10]), 

    speed_to_str@str	PTR unsigned char  size(1) Largest target is 10
		 -> canspd(COMRAM[10]), 

    temp_to_str@str	PTR unsigned char  size(1) Largest target is 10
		 -> cantemp_arr(COMRAM[10]), 


Critical Paths under _main in COMRAM

    _main->_rpm_to_str
    _temp_to_str->___lwmod
    _speed_to_str->___lwmod
    _rpm_to_str->___lwmod
    ___lwmod->___lwdiv
    _init_clcd->_clcd_write
    _clcd_putch->_clcd_write
    _clcd_print->_clcd_write

Critical Paths under _isr in COMRAM

    None.

Critical Paths under _main in BANK0

    None.

Critical Paths under _isr in BANK0

    None.

Critical Paths under _main in BANK1

    None.

Critical Paths under _isr in BANK1

    None.

Critical Paths under _main in BANK2

    None.

Critical Paths under _isr in BANK2

    None.

Critical Paths under _main in BANK3

    None.

Critical Paths under _isr in BANK3

    None.

Critical Paths under _main in BANK4

    None.

Critical Paths under _isr in BANK4

    None.

Critical Paths under _main in BANK5

    None.

Critical Paths under _isr in BANK5

    None.

Call Graph Tables:

 ---------------------------------------------------------------------------------
 (Depth) Function   	        Calls       Base Space   Used Autos Params    Refs
 ---------------------------------------------------------------------------------
 (0) _main                                                10    10      0    2426
                                             19 COMRAM    10    10      0
                        _can_receive
                         _clcd_print
                         _clcd_putch
                           _init_adc
                           _init_can
                          _init_clcd
                 _init_matrix_keypad
                        _init_timer2
                         _rpm_to_str
                       _speed_to_str
                        _temp_to_str
 ---------------------------------------------------------------------------------
 (1) _temp_to_str                                          5     2      3     547
                                             12 COMRAM     5     2      3
                            ___lwdiv
                            ___lwmod
 ---------------------------------------------------------------------------------
 (1) _speed_to_str                                         3     0      3     589
                                             12 COMRAM     3     0      3
                            ___lwdiv
                            ___lwmod
 ---------------------------------------------------------------------------------
 (1) _rpm_to_str                                           7     4      3     835
                                             12 COMRAM     7     4      3
                            ___lwdiv
                            ___lwmod
 ---------------------------------------------------------------------------------
 (2) ___lwmod                                              5     1      4     171
                                              7 COMRAM     5     1      4
                            ___lwdiv (ARG)
 ---------------------------------------------------------------------------------
 (2) ___lwdiv                                              7     3      4     174
                                              0 COMRAM     7     3      4
 ---------------------------------------------------------------------------------
 (1) _init_timer2                                          0     0      0       0
 ---------------------------------------------------------------------------------
 (1) _init_matrix_keypad                                   0     0      0       0
 ---------------------------------------------------------------------------------
 (1) _init_clcd                                            1     1      0      62
                                              2 COMRAM     1     1      0
                         _clcd_write
 ---------------------------------------------------------------------------------
 (1) _init_can                                             0     0      0       0
 ---------------------------------------------------------------------------------
 (1) _init_adc                                             0     0      0       0
 ---------------------------------------------------------------------------------
 (1) _clcd_putch                                           2     1      1     118
                                              2 COMRAM     2     1      1
                         _clcd_write
 ---------------------------------------------------------------------------------
 (1) _clcd_print                                           3     0      3     137
                                              2 COMRAM     3     0      3
                         _clcd_write
 ---------------------------------------------------------------------------------
 (2) _clcd_write                                           2     1      1      62
                                              0 COMRAM     2     1      1
 ---------------------------------------------------------------------------------
 (1) _can_receive                                          1     1      0       1
 ---------------------------------------------------------------------------------
 Estimated maximum stack depth 2
 ---------------------------------------------------------------------------------
 (Depth) Function   	        Calls       Base Space   Used Autos Params    Refs
 ---------------------------------------------------------------------------------
 (3) _isr                                                  0     0      0       0
 ---------------------------------------------------------------------------------
 Estimated maximum stack depth 3
 ---------------------------------------------------------------------------------

 Call Graph Graphs:

 _main (ROOT)
   _can_receive
   _clcd_print
     _clcd_write
   _clcd_putch
     _clcd_write
   _init_adc
   _init_can
   _init_clcd
     _clcd_write
   _init_matrix_keypad
   _init_timer2
   _rpm_to_str
     ___lwdiv
     ___lwmod
       ___lwdiv (ARG)
   _speed_to_str
     ___lwdiv
     ___lwmod
   _temp_to_str
     ___lwdiv
     ___lwmod

 _isr (ROOT)

Address spaces:
Name               Size   Autos  Total    Usage
BIGRAM            1535      0       0      0.0%
BITBIGSFRlllll     512      0       0      0.0%
BITBANK5           256      0       0      0.0%
BANK5              256      0       0      0.0%
BITBANK4           256      0       0      0.0%
BANK4              256      0       0      0.0%
BITBANK3           256      0       0      0.0%
BANK3              256      0       0      0.0%
BITBANK2           256      0       0      0.0%
BANK2              256      0       0      0.0%
BITBANK1           256      0       0      0.0%
BANK1              256      0       0      0.0%
BITBANK0           160      0       0      0.0%
BANK0              160      0      10      6.2%
BITBIGSFRh         144      0       0      0.0%
BITCOMRAM           94      0       0      0.0%
COMRAM              94     29      87     92.6%
BITBIGSFRllllh      63      0       0      0.0%
BITBIGSFRllh        25      0       0      0.0%
BITBIGSFRlh         14      0       0      0.0%
BITBIGSFRlllh        5      0       0      0.0%
STACK                0      0       0      0.0%
DATA                 0      0      98      0.0%


Microchip Technology PIC18 Macro Assembler V3.10 build 20250813170317 
Symbol Table                                                                                   Mon Jun  8 12:37:18 2026

            clcd_print@addr 003F              clcd_print@data 003D                          _GO 7E11  
        _init_matrix_keypad 0E54                         l120 0BD6                         l114 091A  
                       l106 0A04                         l115 0936                         l133 0E64  
                       l119 0BBA                         l233 0E3A                         l330 0D86  
                       l331 0DA8                         l174 0DDE                         l335 0D68  
                       l175 0DE2                         l184 0CB4                         l178 0B62  
                       l187 0E52                         l198 0E70                         l950 0C48  
                       l943 0C40                         l960 0D18                         l953 0D10  
                       _GIE 7F97                         _RC0 7C10                         _RC1 7C11  
                       _RC2 7C12                         _RD7 7C1F                         u500 0DBC  
                       u501 0DB6                         _PR2 0FCB                         u520 0DDE  
                       u600 0C7C                         u521 0DDA                         u610 0CA4  
                       u530 0BF0                         u515 0DBE                         u531 0BEC  
                       u620 0CB4                         u540 0C0E                         u700 08E8  
                       u621 0CB0                         u541 0C0A                         u701 08E4  
                       u630 0D28                         u550 0C2A                         u710 08F8  
                       u631 0D24                         u607 0C72                         u551 0C26  
                       u711 08F4                         u560 0CC8                         u640 094E  
                       u720 0BA0                         u800 079E                         u617 0C9A  
                       u561 0CC4                         u641 094A                         u721 0B9C  
                       u801 079A                         u570 0CE6                         u650 0990  
                       u810 07BE                         u730 0658                         u571 0CE2  
                       u651 098C                         u811 07BA                         u731 0654  
                       u580 0CFC                         u660 086C                         u581 0CF8  
                       u661 0868                         u590 0D86                         u670 0896  
                       u750 06A4                         u591 0D82                         u671 0892  
                       u751 06A0                         u680 08A6                         u760 06E6  
                       u681 08A2                         u761 06E2                         u745 0660  
                       u690 08D8                         u770 072E                         u827 0ACE  
                       u691 08D4                         u771 072A                         u780 076A  
                       u837 0AE8                         u781 0766                         u790 077E  
                       u847 0AFE                         u791 077A                         u857 0B20  
                       u867 0B32                         u877 0B48                         u887 0B5C  
                       _arr 0060             speed_to_str@str 0049                         _isr 0008  
                       _val 0013              clcd_putch@addr 003D              clcd_putch@data 003E  
                       wreg 0FE8         ?_init_matrix_keypad 003B                 main@cantemp 0054  
                      l1521 0DC4                        l1601 0E1C                        l1531 0DCE  
                      l1523 0DC6                        l1515 0DAC                        l1603 0E30  
                      l1611 0E54                        l1533 0DD0                        l1525 0DC8  
                      l1517 0DBE                        l1605 0E34                        l1621 0AC6  
                      l1613 0E5C                        l1541 0BF8                        l1701 0886  
                      l1527 0DCA                        l1519 0DC2                        l1607 0E36  
                      l1631 0AFC                        l1623 0AC8                        l1615 0E5E  
                      l1551 0C32                        l1543 0C00                        l1535 0BD8  
                      l1711 08D8                        l1703 0896                        l1529 0DCC  
                      l1609 0E38                        l1641 0B26                        l1633 0B04  
                      l1625 0AD8                        l1617 0ABE                        l1553 0C34  
                      l1545 0C0E                        l1537 0BDE                        l1561 0CD0  
                      l1713 08E8                        l1705 08A6                        l1721 0B90  
                      l1651 0B5A                        l1643 0B30                        l1635 0B0E  
                      l1627 0AE2                        l1619 0AC0                        l1555 0C3A  
                      l1547 0C14                        l1539 0BF0                        l1571 0D0A  
                      l1563 0CD8                        l1715 08F8                        l1707 08B8  
                      l1723 0BA0                        l1731 061C                        l1661 0D1A  
                      l1653 0C4A                        l1581 0D88                        l1573 0D6A  
                      l1645 0B38                        l1637 0B14                        l1629 0AF2  
                      l1549 0C2A                        l1565 0CE6                        l1557 0CB6  
                      l1717 090A                        l1709 08C8                        l1725 0BAE  
                      l1741 0630                        l1733 0628                        l1663 0D28  
                      l1671 0D66                        l1655 0C58                        l1591 0D9E  
                      l1583 0D94                        l1575 0D6E                        l1647 0B42  
                      l1639 0B1E                        l1567 0CFC                        l1559 0CC8  
                      l1719 0B64                        l1751 06B6                        l1743 0644  
                      l1735 062A                        l1727 0614                        l1665 0D60  
                      l1657 0C80                        l1593 0DA2                        l1585 0D98  
                      l1577 0D72                        l1649 0B50                        l1569 0D04  
                      l1681 097A                        l1761 0708                        l1753 06C4  
                      l1745 0658                        l1737 062C                        l1729 0618  
                      l1659 0C84                        l1691 0E3E                        l1595 0DA4  
                      l1587 0D9A                        l1579 0D74                        l1683 0990  
                      l1675 0938                        l1771 0744                        l1763 071A  
                      l1747 06A4                        l1755 06D2                        l1739 062E  
                      l1589 0D9C                        l1597 0E66                        l1693 07DE  
                      l1685 09C8                        l1677 094E                        l1781 078C  
                      l1765 072E                        l1773 0756                        l1757 06E6  
                      l1749 06B2                        l1599 0E6C                        l1695 085C  
                      l1687 09D6                        l1679 0970                        l1783 079E  
                      l1775 076A                        l1767 072E                        l1759 06F8  
                      l1697 086C                        l1689 09F8                        l1785 07AC  
                      l1777 076E                        l1769 0734                        l1699 087A  
                      l1787 07BE                        l1779 077E                        l1789 07CC  
                      _ADFM 7E07                        ?_isr 003B                        _ADON 7E10  
                      STR_1 0601                        _PEIE 7F96                        i2l91 0AB4  
                      i2l94 0A88                        i2l97 0AAE                        i2l99 0ABA  
                      _RBPU 7F8F                        _main 0614                        fsr0h 0FEA  
                      indf0 0FEF                        fsr2h 0FDA                        fsr0l 0FE9  
                      indf2 0FDF                        fsr2l 0FD9                        btemp 0001  
                      start 000E        ??_init_matrix_keypad 003B                ___param_bank 0000  
            clcd_write@byte 003C                       ??_isr 003B                       _ADCS0 7E00  
                     _ADCS1 7E01                       _ADCS2 7E02                       ?_main 003B  
                     _ACQT0 7E03                       _ACQT1 7E04                       _ACQT2 7E05  
           __end_of___lwdiv 0C4A             __end_of___lwmod 0D1A                       _VCFG0 7E0C  
                     _VCFG1 7E0D                       _PORTB 0F81                       _PORTD 0F83  
                     _TRISB 0F93                       _TRISC 0F94                       _TRISD 0F95  
              ?_init_timer2 003B           speed_to_str@speed 0047                       _count 000F  
                     _speed 0015                       btemp0 0001                       btemp1 0002  
                     tablat 0FF5                       status 0FD8             __initialization 0DE4  
              __end_of_main 07DE                      ??_main 004E               __activetblptr 0002  
                    _ADCON0 0FC2                      _ADCON1 0FC1            read_switches@key 0017  
                    _CANCON 0F6F                      _ADRESH 0FC4                      _ADRESL 0FC3  
                    _GODONE 7E11                      i2l1431 0A16                      i2l1441 0A52  
                    i2l1433 0A18                      i2l1451 0A9C                      i2l1443 0A62  
                    i2l1435 0A1C                      i2l1445 0A66                      i2l1437 0A34  
                    i2l1429 0A08                      i2l1447 0A76                      i2l1439 0A4A  
                    i2l1449 0A8A                      _RXB0D0 0F66                      _RXB0D1 0F67  
                    _RXB0D2 0F68                      _RXB0D3 0F69                      _RXB0D4 0F6A  
                    _RXB0D5 0F6B                      _RXB0D6 0F6C                      _RXB0D7 0F6D  
                    _RXB0IF 7D20                      _TMR2IE 7CE9                      _TMR2IF 7CF1  
                    _TXB0D0 0F46                      _TXB0D1 0F47                      _TXB0D2 0F48  
                    _TXB0D3 0F49                      _TXB0D4 0F4A                      _TXB0D5 0F4B  
                    _TXB0D6 0F4C                      _TXB0D7 0F4D                      _TMR2ON 7E52  
                    _TRISB2 7C9A                      _TRISA5 7C95                      _TRISB3 7C9B  
                    _TRISD7 7CAF                      _canspd 0031               rpm_to_str@rpm 0047  
             rpm_to_str@str 0049                   ??___lwdiv 003F                   ??___lwmod 0046  
          __end_of_init_adc 0E3C            __end_of_init_can 0DAA                      clear_0 0DFC  
                    clear_1 0E08                      isa$std 0001                ?_temp_to_str 0047  
              __pdataCOMRAM 0058                __mediumconst 0600                      tblptrh 0FF7  
                    tblptrl 0FF6                      tblptru 0FF8                  __accesstop 0060  
   __end_of__initialization 0E0E               ___rparam_used 0001              __pcstackCOMRAM 003B  
            _cur_ind_status 0019                  __pbssBANK0 0060                  _canrpm_arr 0027  
                _clcd_print 0C4A                  _clcd_putch 0E3C                  _clcd_write 0DAA  
         read_switches@once 0058                     _ECANCON 0F77                     _CANSTAT 0F6E  
                   _BRGCON1 0F70                     _BRGCON2 0F71                     _BRGCON3 0F72  
       rpm_to_str@thousands 004D                     i2u40_40 0AAE                     i2u40_41 0AAA  
                   i2u33_40 0A16                     i2u33_41 0A12                     i2u34_40 0A34  
                   i2u34_41 0A30                     _RXB0DLC 0F65                     i2u35_40 0A4A  
                   i2u35_41 0A46                     i2u36_40 0A62                     i2u36_41 0A5E  
                   _RXB0CON 0F60                     i2u37_40 0A76                     i2u37_41 0A72  
                   i2u38_40 0A88                     i2u38_41 0A84                     i2u39_40 0A9C  
                   i2u39_41 0A98                     _RXB0FUL 7B07                     _TXB0DLC 0F45  
                   _TXB0REQ 7A03                   ?_init_adc 003B                   ?_init_can 003B  
                   __Hparam 0000                     __Lparam 0000               ??_can_receive 003B  
                   ___lwdiv 0BD8                     ___lwmod 0CB6                __psmallconst 0600  
                   _cangear 0018                     __pcinit 0DE4                     __ramtop 0600  
            rpm_to_str@ones 004A              rpm_to_str@tens 004B                     __ptext0 0614  
                   __ptext1 0B64                     __ptext2 0938                     __ptext3 07DE  
                   __ptext4 0CB6                     __ptext5 0BD8                     __ptext6 0E66  
                   __ptext7 0E54                     __ptext8 0ABE                     __ptext9 0D6A  
         __end_of_init_clcd 0B64              __pintcode_body 0A06        end_of_initialization 0E0E  
                ??_init_adc 003B                  ??_init_can 003B               __Lmediumconst 0000  
                   int_func 0A06             _prev_ind_status 001A                 ?_clcd_print 003D  
               ?_clcd_putch 003D                 ?_clcd_write 003B               ?_speed_to_str 0047  
                   postinc0 0FEE                   _PORTBbits 0F81         __end_of_can_receive 0D6A  
                _rpm_to_str 07DE                  main@canrpm 0052             temp_to_str@ones 004A  
           temp_to_str@temp 0047             temp_to_str@tens 004B              ??_speed_to_str 004A  
             __pidataCOMRAM 0E72         start_initialization 0DE4                 __end_of_isr 0ABE  
               _can_receive 0D1A                 _can_payload 0002               ??_init_timer2 003B  
               __pbssCOMRAM 0002                 ?_rpm_to_str 0047                 _cantemp_arr 001D  
          ___lwdiv@dividend 003B          rpm_to_str@hundreds 004C                   __pintcode 0008  
                  ?___lwdiv 003B                    ?___lwmod 0042                 _blink_state 001C  
                 _led_state 001B                 __smallconst 0600        __end_of_speed_to_str 0A06  
          ___lwdiv@quotient 003F                   _init_clcd 0ABE         __end_of_init_timer2 0E72  
              ??_clcd_print 0040                ??_clcd_putch 003E  __end_of_init_matrix_keypad 0E66  
              ??_clcd_write 003C                    _RXB0EIDH 0F63                    _RXB0EIDL 0F64  
                  _RXB0SIDH 0F61                    _RXB0SIDL 0F62                    _RXF0EIDH 0F02  
                  _RXF0EIDL 0F03                    _RXF0SIDH 0F00                    _RXF0SIDL 0F01  
                  _TXB0EIDH 0F43                    _TXB0EIDL 0F44                    _TXB0SIDH 0F41  
                  _TXB0SIDL 0F42               ??_temp_to_str 004A       clcd_write@control_bit 003B  
                 main@msgid 0056              temp_to_str@str 0049          __end_of_clcd_print 0CB6  
        __end_of_clcd_putch 0E54          __end_of_clcd_write 0DE4                  ?_init_clcd 003B  
                  __Hrparam 0000                    __Lrparam 0000                 _init_timer2 0E66  
           ___lwdiv@divisor 003D         __end_of_temp_to_str 0BD8             ___lwdiv@counter 0041  
                  __ptext10 0E1C                    __ptext11 0E3C                    __ptext12 0C4A  
                  __ptext13 0DAA                    __ptext14 0D1A                    _init_adc 0E1C  
                  _init_can 0D6A                    isa$xinst 0000                ?_can_receive 003B  
                  int$flags 0001                    _pwmcount 0011                ??_rpm_to_str 004A  
               ??_init_clcd 003D                    intlevel2 0000            ___lwmod@dividend 0042  
              _speed_to_str 0938          __end_of_rpm_to_str 0938                 _temp_to_str 0B64  
           ___lwmod@divisor 0044             ___lwmod@counter 0046  
