

Microchip MPLAB XC8 Assembler V3.10 build 20250813170317 
                                                                                               Mon Jun  8 17:08:02 2026

Microchip MPLAB XC8 C Compiler v3.10 (Free license) build 20250813170317 Og1 
     1                           	processor	18F4580
     2                           	fnconf	rparam,??,?,0
     3                           	pagewidth 120
     4                           	opt	flic
     5                           	psect	idataBANK0,global,class=CODE,space=0,delta=1,noexec
     6                           	psect	mediumconst,global,reloc=2,class=MEDIUMCONST,space=0,delta=1,noexec
     7                           	psect	cinit,global,reloc=2,class=CODE,space=0,delta=1
     8                           	psect	bssCOMRAM,global,class=COMRAM,space=1,delta=1,lowdata,noexec
     9                           	psect	bssBANK0,global,class=BANK0,space=1,delta=1,lowdata,noexec
    10                           	psect	dataBANK0,global,class=BANK0,space=1,delta=1,lowdata,noexec
    11                           	psect	cstackBANK0,global,class=BANK0,space=1,delta=1,lowdata,noexec
    12                           	psect	cstackCOMRAM,global,class=COMRAM,space=1,delta=1,lowdata,noexec
    13                           	psect	text0,global,reloc=2,class=CODE,space=0,delta=1
    14                           	psect	text1,global,reloc=2,class=CODE,space=0,delta=1
    15                           	psect	text2,global,reloc=2,class=CODE,space=0,delta=1
    16                           	psect	text3,global,reloc=2,class=CODE,space=0,delta=1
    17                           	psect	text4,global,reloc=2,class=CODE,space=0,delta=1
    18                           	psect	text5,global,reloc=2,class=CODE,space=0,delta=1
    19                           	psect	text6,global,reloc=2,class=CODE,space=0,delta=1
    20                           	psect	text7,global,reloc=2,class=CODE,space=0,delta=1
    21                           	psect	text8,global,reloc=2,class=CODE,space=0,delta=1
    22                           	psect	text9,global,reloc=2,class=CODE,space=0,delta=1
    23                           	psect	text10,global,reloc=2,class=CODE,space=0,delta=1,group=1
    24                           	psect	text11,global,reloc=2,class=CODE,space=0,delta=1,group=1
    25                           	psect	text12,global,reloc=2,class=CODE,space=0,delta=1
    26                           	psect	text13,global,reloc=2,class=CODE,space=0,delta=1
    27                           	psect	text14,global,reloc=2,class=CODE,space=0,delta=1,group=1
    28                           	psect	text15,global,reloc=2,class=CODE,space=0,delta=1,group=1
    29                           	psect	text16,global,reloc=2,class=CODE,space=0,delta=1,group=1
    30                           	psect	text17,global,reloc=2,class=CODE,space=0,delta=1
    31                           	psect	text18,global,reloc=2,class=CODE,space=0,delta=1
    32                           	psect	text19,global,reloc=2,class=CODE,space=0,delta=1
    33                           	psect	text20,global,reloc=2,class=CODE,space=0,delta=1
    34                           	psect	intsave_regs,global,class=BIGRAM,space=1,delta=1,noexec
    35                           	psect	rparam,global,class=COMRAM,space=1,delta=1,noexec
    36                           	psect	idloc,global,abs,ovrld,class=IDLOC,space=5,delta=1,noexec
    37                           	psect	config,global,abs,ovrld,class=CONFIG,space=4,delta=1,noexec
    38   000000                     
    39                           ; Version 2.20
    40                           ; Generated 12/02/2020 GMT
    41                           ; 
    42                           ; Copyright © 2020, Microchip Technology Inc. and its subsidiaries ("Microchip")
    43                           ; All rights reserved.
    44                           ; 
    45                           ; This software is developed by Microchip Technology Inc. and its subsidiaries ("Microch
      +                          ip").
    46                           ; 
    47                           ; Redistribution and use in source and binary forms, with or without modification, are
    48                           ; permitted provided that the following conditions are met:
    49                           ; 
    50                           ;     1. Redistributions of source code must retain the above copyright notice, this lis
      +                          t of
    51                           ;        conditions and the following disclaimer.
    52                           ; 
    53                           ;     2. Redistributions in binary form must reproduce the above copyright notice, this 
      +                          list
    54                           ;        of conditions and the following disclaimer in the documentation and/or other
    55                           ;        materials provided with the distribution.
    56                           ; 
    57                           ;     3. Microchip's name may not be used to endorse or promote products derived from th
      +                          is
    58                           ;        software without specific prior written permission.
    59                           ; 
    60                           ; THIS SOFTWARE IS PROVIDED BY MICROCHIP "AS IS" AND ANY EXPRESS OR IMPLIED WARRANTIES,
    61                           ; INCLUDING, BUT NOT LIMITED TO, THE IMPLIED WARRANTIES OF MERCHANTABILITY AND FITNESS F
      +                          OR
    62                           ; PURPOSE ARE DISCLAIMED.  IN NO EVENT SHALL MICROCHIP BE LIABLE FOR ANY DIRECT, INDIREC
      +                          T,
    63                           ; INCIDENTAL, SPECIAL, EXEMPLARY, OR CONSEQUENTIAL DAMAGES (INCLUDING BUT NOT LIMITED TO
    64                           ; PROCUREMENT OF SUBSTITUTE GOODS OR SERVICES; LOSS OF USE, DATA OR PROFITS; OR BUSINESS
    65                           ; INTERRUPTION) HOWSOEVER CAUSED AND ON ANY THEORY OF LIABILITY, WHETHER IN CONTRACT, ST
      +                          RICT
    66                           ; LIABILITY, OR TORT (INCLUDING NEGLIGENCE OR OTHERWISE) ARISING IN ANY WAY OUT OF THE U
      +                          SE OF
    67                           ; THIS SOFTWARE, EVEN IF ADVISED OF THE POSSIBILITY OF SUCH DAMAGE.
    68                           ; 
    69                           ; 
    70                           ; Code-generator required, PIC18F4580 Definitions
    71                           ; 
    72                           ; SFR Addresses
    73   000FE0                     bsr             equ	4064
    74   000FE9                     fsr0            equ	4073
    75   000FEA                     fsr0h           equ	4074
    76   000FE9                     fsr0l           equ	4073
    77   000FE1                     fsr1            equ	4065
    78   000FE2                     fsr1h           equ	4066
    79   000FE1                     fsr1l           equ	4065
    80   000FD9                     fsr2            equ	4057
    81   000FDA                     fsr2h           equ	4058
    82   000FD9                     fsr2l           equ	4057
    83   000FEF                     indf0           equ	4079
    84   000FE7                     indf1           equ	4071
    85   000FDF                     indf2           equ	4063
    86   000FF2                     intcon          equ	4082
    87   000000                     nvmcon          equ	0
    88   000FF9                     pcl             equ	4089
    89   000FFA                     pclath          equ	4090
    90   000FFB                     pclatu          equ	4091
    91   000FEB                     plusw0          equ	4075
    92   000FE3                     plusw1          equ	4067
    93   000FDB                     plusw2          equ	4059
    94   000FED                     postdec0        equ	4077
    95   000FE5                     postdec1        equ	4069
    96   000FDD                     postdec2        equ	4061
    97   000FEE                     postinc0        equ	4078
    98   000FE6                     postinc1        equ	4070
    99   000FDE                     postinc2        equ	4062
   100   000FEC                     preinc0         equ	4076
   101   000FE4                     preinc1         equ	4068
   102   000FDC                     preinc2         equ	4060
   103   000FF3                     prod            equ	4083
   104   000FF4                     prodh           equ	4084
   105   000FF3                     prodl           equ	4083
   106   000FD8                     status          equ	4056
   107   000FF5                     tablat          equ	4085
   108   000FF6                     tblptr          equ	4086
   109   000FF7                     tblptrh         equ	4087
   110   000FF6                     tblptrl         equ	4086
   111   000FF8                     tblptru         equ	4088
   112   000FFD                     tosl            equ	4093
   113   000FE8                     wreg            equ	4072
   114   000D60                     RXF6SIDH        equ	3424	;# 
   115   000D61                     RXF6SIDL        equ	3425	;# 
   116   000D62                     RXF6EIDH        equ	3426	;# 
   117   000D63                     RXF6EIDL        equ	3427	;# 
   118   000D64                     RXF7SIDH        equ	3428	;# 
   119   000D65                     RXF7SIDL        equ	3429	;# 
   120   000D66                     RXF7EIDH        equ	3430	;# 
   121   000D67                     RXF7EIDL        equ	3431	;# 
   122   000D68                     RXF8SIDH        equ	3432	;# 
   123   000D69                     RXF8SIDL        equ	3433	;# 
   124   000D6A                     RXF8EIDH        equ	3434	;# 
   125   000D6B                     RXF8EIDL        equ	3435	;# 
   126   000D70                     RXF9SIDH        equ	3440	;# 
   127   000D71                     RXF9SIDL        equ	3441	;# 
   128   000D72                     RXF9EIDH        equ	3442	;# 
   129   000D73                     RXF9EIDL        equ	3443	;# 
   130   000D74                     RXF10SIDH       equ	3444	;# 
   131   000D75                     RXF10SIDL       equ	3445	;# 
   132   000D76                     RXF10EIDH       equ	3446	;# 
   133   000D77                     RXF10EIDL       equ	3447	;# 
   134   000D78                     RXF11SIDH       equ	3448	;# 
   135   000D79                     RXF11SIDL       equ	3449	;# 
   136   000D7A                     RXF11EIDH       equ	3450	;# 
   137   000D7B                     RXF11EIDL       equ	3451	;# 
   138   000D80                     RXF12SIDH       equ	3456	;# 
   139   000D81                     RXF12SIDL       equ	3457	;# 
   140   000D82                     RXF12EIDH       equ	3458	;# 
   141   000D83                     RXF12EIDL       equ	3459	;# 
   142   000D84                     RXF13SIDH       equ	3460	;# 
   143   000D85                     RXF13SIDL       equ	3461	;# 
   144   000D86                     RXF13EIDH       equ	3462	;# 
   145   000D87                     RXF13EIDL       equ	3463	;# 
   146   000D88                     RXF14SIDH       equ	3464	;# 
   147   000D89                     RXF14SIDL       equ	3465	;# 
   148   000D8A                     RXF14EIDH       equ	3466	;# 
   149   000D8B                     RXF14EIDL       equ	3467	;# 
   150   000D90                     RXF15SIDH       equ	3472	;# 
   151   000D91                     RXF15SIDL       equ	3473	;# 
   152   000D92                     RXF15EIDH       equ	3474	;# 
   153   000D93                     RXF15EIDL       equ	3475	;# 
   154   000DD4                     RXFCON0         equ	3540	;# 
   155   000DD5                     RXFCON1         equ	3541	;# 
   156   000DD8                     SDFLC           equ	3544	;# 
   157   000DE0                     RXFBCON0        equ	3552	;# 
   158   000DE1                     RXFBCON1        equ	3553	;# 
   159   000DE2                     RXFBCON2        equ	3554	;# 
   160   000DE3                     RXFBCON3        equ	3555	;# 
   161   000DE4                     RXFBCON4        equ	3556	;# 
   162   000DE5                     RXFBCON5        equ	3557	;# 
   163   000DE6                     RXFBCON6        equ	3558	;# 
   164   000DE7                     RXFBCON7        equ	3559	;# 
   165   000DF0                     MSEL0           equ	3568	;# 
   166   000DF1                     MSEL1           equ	3569	;# 
   167   000DF2                     MSEL2           equ	3570	;# 
   168   000DF3                     MSEL3           equ	3571	;# 
   169   000DF8                     BSEL0           equ	3576	;# 
   170   000DFA                     BIE0            equ	3578	;# 
   171   000DFC                     TXBIE           equ	3580	;# 
   172   000E20                     B0CON           equ	3616	;# 
   173   000E21                     B0SIDH          equ	3617	;# 
   174   000E22                     B0SIDL          equ	3618	;# 
   175   000E23                     B0EIDH          equ	3619	;# 
   176   000E24                     B0EIDL          equ	3620	;# 
   177   000E25                     B0DLC           equ	3621	;# 
   178   000E26                     B0D0            equ	3622	;# 
   179   000E27                     B0D1            equ	3623	;# 
   180   000E28                     B0D2            equ	3624	;# 
   181   000E29                     B0D3            equ	3625	;# 
   182   000E2A                     B0D4            equ	3626	;# 
   183   000E2B                     B0D5            equ	3627	;# 
   184   000E2C                     B0D6            equ	3628	;# 
   185   000E2D                     B0D7            equ	3629	;# 
   186   000E2E                     CANSTAT_RO9     equ	3630	;# 
   187   000E2F                     CANCON_RO9      equ	3631	;# 
   188   000E30                     B1CON           equ	3632	;# 
   189   000E31                     B1SIDH          equ	3633	;# 
   190   000E32                     B1SIDL          equ	3634	;# 
   191   000E33                     B1EIDH          equ	3635	;# 
   192   000E34                     B1EIDL          equ	3636	;# 
   193   000E35                     B1DLC           equ	3637	;# 
   194   000E36                     B1D0            equ	3638	;# 
   195   000E37                     B1D1            equ	3639	;# 
   196   000E38                     B1D2            equ	3640	;# 
   197   000E39                     B1D3            equ	3641	;# 
   198   000E3A                     B1D4            equ	3642	;# 
   199   000E3B                     B1D5            equ	3643	;# 
   200   000E3C                     B1D6            equ	3644	;# 
   201   000E3D                     B1D7            equ	3645	;# 
   202   000E3E                     CANSTAT_RO8     equ	3646	;# 
   203   000E3F                     CANCON_RO8      equ	3647	;# 
   204   000E40                     B2CON           equ	3648	;# 
   205   000E41                     B2SIDH          equ	3649	;# 
   206   000E42                     B2SIDL          equ	3650	;# 
   207   000E43                     B2EIDH          equ	3651	;# 
   208   000E44                     B2EIDL          equ	3652	;# 
   209   000E45                     B2DLC           equ	3653	;# 
   210   000E46                     B2D0            equ	3654	;# 
   211   000E47                     B2D1            equ	3655	;# 
   212   000E48                     B2D2            equ	3656	;# 
   213   000E49                     B2D3            equ	3657	;# 
   214   000E4A                     B2D4            equ	3658	;# 
   215   000E4B                     B2D5            equ	3659	;# 
   216   000E4C                     B2D6            equ	3660	;# 
   217   000E4D                     B2D7            equ	3661	;# 
   218   000E4E                     CANSTAT_RO7     equ	3662	;# 
   219   000E4F                     CANCON_RO7      equ	3663	;# 
   220   000E50                     B3CON           equ	3664	;# 
   221   000E51                     B3SIDH          equ	3665	;# 
   222   000E52                     B3SIDL          equ	3666	;# 
   223   000E53                     B3EIDH          equ	3667	;# 
   224   000E54                     B3EIDL          equ	3668	;# 
   225   000E55                     B3DLC           equ	3669	;# 
   226   000E56                     B3D0            equ	3670	;# 
   227   000E57                     B3D1            equ	3671	;# 
   228   000E58                     B3D2            equ	3672	;# 
   229   000E59                     B3D3            equ	3673	;# 
   230   000E5A                     B3D4            equ	3674	;# 
   231   000E5B                     B3D5            equ	3675	;# 
   232   000E5C                     B3D6            equ	3676	;# 
   233   000E5D                     B3D7            equ	3677	;# 
   234   000E5E                     CANSTAT_RO6     equ	3678	;# 
   235   000E5F                     CANCON_RO6      equ	3679	;# 
   236   000E60                     B4CON           equ	3680	;# 
   237   000E61                     B4SIDH          equ	3681	;# 
   238   000E62                     B4SIDL          equ	3682	;# 
   239   000E63                     B4EIDH          equ	3683	;# 
   240   000E64                     B4EIDL          equ	3684	;# 
   241   000E65                     B4DLC           equ	3685	;# 
   242   000E66                     B4D0            equ	3686	;# 
   243   000E67                     B4D1            equ	3687	;# 
   244   000E68                     B4D2            equ	3688	;# 
   245   000E69                     B4D3            equ	3689	;# 
   246   000E6A                     B4D4            equ	3690	;# 
   247   000E6B                     B4D5            equ	3691	;# 
   248   000E6C                     B4D6            equ	3692	;# 
   249   000E6D                     B4D7            equ	3693	;# 
   250   000E6E                     CANSTAT_RO5     equ	3694	;# 
   251   000E6F                     CANCON_RO5      equ	3695	;# 
   252   000E70                     B5CON           equ	3696	;# 
   253   000E71                     B5SIDH          equ	3697	;# 
   254   000E72                     B5SIDL          equ	3698	;# 
   255   000E73                     B5EIDH          equ	3699	;# 
   256   000E74                     B5EIDL          equ	3700	;# 
   257   000E75                     B5DLC           equ	3701	;# 
   258   000E76                     B5D0            equ	3702	;# 
   259   000E77                     B5D1            equ	3703	;# 
   260   000E78                     B5D2            equ	3704	;# 
   261   000E79                     B5D3            equ	3705	;# 
   262   000E7A                     B5D4            equ	3706	;# 
   263   000E7B                     B5D5            equ	3707	;# 
   264   000E7C                     B5D6            equ	3708	;# 
   265   000E7D                     B5D7            equ	3709	;# 
   266   000E7E                     CANSTAT_RO4     equ	3710	;# 
   267   000E7F                     CANCON_RO4      equ	3711	;# 
   268   000F00                     RXF0SIDH        equ	3840	;# 
   269   000F01                     RXF0SIDL        equ	3841	;# 
   270   000F02                     RXF0EIDH        equ	3842	;# 
   271   000F03                     RXF0EIDL        equ	3843	;# 
   272   000F04                     RXF1SIDH        equ	3844	;# 
   273   000F05                     RXF1SIDL        equ	3845	;# 
   274   000F06                     RXF1EIDH        equ	3846	;# 
   275   000F07                     RXF1EIDL        equ	3847	;# 
   276   000F08                     RXF2SIDH        equ	3848	;# 
   277   000F09                     RXF2SIDL        equ	3849	;# 
   278   000F0A                     RXF2EIDH        equ	3850	;# 
   279   000F0B                     RXF2EIDL        equ	3851	;# 
   280   000F0C                     RXF3SIDH        equ	3852	;# 
   281   000F0D                     RXF3SIDL        equ	3853	;# 
   282   000F0E                     RXF3EIDH        equ	3854	;# 
   283   000F0F                     RXF3EIDL        equ	3855	;# 
   284   000F10                     RXF4SIDH        equ	3856	;# 
   285   000F11                     RXF4SIDL        equ	3857	;# 
   286   000F12                     RXF4EIDH        equ	3858	;# 
   287   000F13                     RXF4EIDL        equ	3859	;# 
   288   000F14                     RXF5SIDH        equ	3860	;# 
   289   000F15                     RXF5SIDL        equ	3861	;# 
   290   000F16                     RXF5EIDH        equ	3862	;# 
   291   000F17                     RXF5EIDL        equ	3863	;# 
   292   000F18                     RXM0SIDH        equ	3864	;# 
   293   000F19                     RXM0SIDL        equ	3865	;# 
   294   000F1A                     RXM0EIDH        equ	3866	;# 
   295   000F1B                     RXM0EIDL        equ	3867	;# 
   296   000F1C                     RXM1SIDH        equ	3868	;# 
   297   000F1D                     RXM1SIDL        equ	3869	;# 
   298   000F1E                     RXM1EIDH        equ	3870	;# 
   299   000F1F                     RXM1EIDL        equ	3871	;# 
   300   000F20                     TXB2CON         equ	3872	;# 
   301   000F21                     TXB2SIDH        equ	3873	;# 
   302   000F22                     TXB2SIDL        equ	3874	;# 
   303   000F23                     TXB2EIDH        equ	3875	;# 
   304   000F24                     TXB2EIDL        equ	3876	;# 
   305   000F25                     TXB2DLC         equ	3877	;# 
   306   000F26                     TXB2D0          equ	3878	;# 
   307   000F27                     TXB2D1          equ	3879	;# 
   308   000F28                     TXB2D2          equ	3880	;# 
   309   000F29                     TXB2D3          equ	3881	;# 
   310   000F2A                     TXB2D4          equ	3882	;# 
   311   000F2B                     TXB2D5          equ	3883	;# 
   312   000F2C                     TXB2D6          equ	3884	;# 
   313   000F2D                     TXB2D7          equ	3885	;# 
   314   000F2E                     CANSTAT_RO3     equ	3886	;# 
   315   000F2F                     CANCON_RO3      equ	3887	;# 
   316   000F30                     TXB1CON         equ	3888	;# 
   317   000F31                     TXB1SIDH        equ	3889	;# 
   318   000F32                     TXB1SIDL        equ	3890	;# 
   319   000F33                     TXB1EIDH        equ	3891	;# 
   320   000F34                     TXB1EIDL        equ	3892	;# 
   321   000F35                     TXB1DLC         equ	3893	;# 
   322   000F36                     TXB1D0          equ	3894	;# 
   323   000F37                     TXB1D1          equ	3895	;# 
   324   000F38                     TXB1D2          equ	3896	;# 
   325   000F39                     TXB1D3          equ	3897	;# 
   326   000F3A                     TXB1D4          equ	3898	;# 
   327   000F3B                     TXB1D5          equ	3899	;# 
   328   000F3C                     TXB1D6          equ	3900	;# 
   329   000F3D                     TXB1D7          equ	3901	;# 
   330   000F3E                     CANSTAT_RO2     equ	3902	;# 
   331   000F3F                     CANCON_RO2      equ	3903	;# 
   332   000F40                     TXB0CON         equ	3904	;# 
   333   000F41                     TXB0SIDH        equ	3905	;# 
   334   000F42                     TXB0SIDL        equ	3906	;# 
   335   000F43                     TXB0EIDH        equ	3907	;# 
   336   000F44                     TXB0EIDL        equ	3908	;# 
   337   000F45                     TXB0DLC         equ	3909	;# 
   338   000F46                     TXB0D0          equ	3910	;# 
   339   000F47                     TXB0D1          equ	3911	;# 
   340   000F48                     TXB0D2          equ	3912	;# 
   341   000F49                     TXB0D3          equ	3913	;# 
   342   000F4A                     TXB0D4          equ	3914	;# 
   343   000F4B                     TXB0D5          equ	3915	;# 
   344   000F4C                     TXB0D6          equ	3916	;# 
   345   000F4D                     TXB0D7          equ	3917	;# 
   346   000F4E                     CANSTAT_RO1     equ	3918	;# 
   347   000F4F                     CANCON_RO1      equ	3919	;# 
   348   000F50                     RXB1CON         equ	3920	;# 
   349   000F51                     RXB1SIDH        equ	3921	;# 
   350   000F52                     RXB1SIDL        equ	3922	;# 
   351   000F53                     RXB1EIDH        equ	3923	;# 
   352   000F54                     RXB1EIDL        equ	3924	;# 
   353   000F55                     RXB1DLC         equ	3925	;# 
   354   000F56                     RXB1D0          equ	3926	;# 
   355   000F57                     RXB1D1          equ	3927	;# 
   356   000F58                     RXB1D2          equ	3928	;# 
   357   000F59                     RXB1D3          equ	3929	;# 
   358   000F5A                     RXB1D4          equ	3930	;# 
   359   000F5B                     RXB1D5          equ	3931	;# 
   360   000F5C                     RXB1D6          equ	3932	;# 
   361   000F5D                     RXB1D7          equ	3933	;# 
   362   000F5E                     CANSTAT_RO0     equ	3934	;# 
   363   000F5F                     CANCON_RO0      equ	3935	;# 
   364   000F60                     RXB0CON         equ	3936	;# 
   365   000F61                     RXB0SIDH        equ	3937	;# 
   366   000F62                     RXB0SIDL        equ	3938	;# 
   367   000F63                     RXB0EIDH        equ	3939	;# 
   368   000F64                     RXB0EIDL        equ	3940	;# 
   369   000F65                     RXB0DLC         equ	3941	;# 
   370   000F66                     RXB0D0          equ	3942	;# 
   371   000F67                     RXB0D1          equ	3943	;# 
   372   000F68                     RXB0D2          equ	3944	;# 
   373   000F69                     RXB0D3          equ	3945	;# 
   374   000F6A                     RXB0D4          equ	3946	;# 
   375   000F6B                     RXB0D5          equ	3947	;# 
   376   000F6C                     RXB0D6          equ	3948	;# 
   377   000F6D                     RXB0D7          equ	3949	;# 
   378   000F6E                     CANSTAT         equ	3950	;# 
   379   000F6F                     CANCON          equ	3951	;# 
   380   000F70                     BRGCON1         equ	3952	;# 
   381   000F71                     BRGCON2         equ	3953	;# 
   382   000F72                     BRGCON3         equ	3954	;# 
   383   000F73                     CIOCON          equ	3955	;# 
   384   000F74                     COMSTAT         equ	3956	;# 
   385   000F75                     RXERRCNT        equ	3957	;# 
   386   000F76                     TXERRCNT        equ	3958	;# 
   387   000F77                     ECANCON         equ	3959	;# 
   388   000F80                     PORTA           equ	3968	;# 
   389   000F81                     PORTB           equ	3969	;# 
   390   000F82                     PORTC           equ	3970	;# 
   391   000F83                     PORTD           equ	3971	;# 
   392   000F84                     PORTE           equ	3972	;# 
   393   000F89                     LATA            equ	3977	;# 
   394   000F8A                     LATB            equ	3978	;# 
   395   000F8B                     LATC            equ	3979	;# 
   396   000F8C                     LATD            equ	3980	;# 
   397   000F8D                     LATE            equ	3981	;# 
   398   000F92                     TRISA           equ	3986	;# 
   399   000F92                     DDRA            equ	3986	;# 
   400   000F93                     TRISB           equ	3987	;# 
   401   000F93                     DDRB            equ	3987	;# 
   402   000F94                     TRISC           equ	3988	;# 
   403   000F94                     DDRC            equ	3988	;# 
   404   000F95                     TRISD           equ	3989	;# 
   405   000F95                     DDRD            equ	3989	;# 
   406   000F96                     TRISE           equ	3990	;# 
   407   000F96                     DDRE            equ	3990	;# 
   408   000F9B                     OSCTUNE         equ	3995	;# 
   409   000F9D                     PIE1            equ	3997	;# 
   410   000F9E                     PIR1            equ	3998	;# 
   411   000F9F                     IPR1            equ	3999	;# 
   412   000FA0                     PIE2            equ	4000	;# 
   413   000FA1                     PIR2            equ	4001	;# 
   414   000FA2                     IPR2            equ	4002	;# 
   415   000FA3                     PIE3            equ	4003	;# 
   416   000FA4                     PIR3            equ	4004	;# 
   417   000FA5                     IPR3            equ	4005	;# 
   418   000FA6                     EECON1          equ	4006	;# 
   419   000FA7                     EECON2          equ	4007	;# 
   420   000FA8                     EEDATA          equ	4008	;# 
   421   000FA9                     EEADR           equ	4009	;# 
   422   000FAB                     RCSTA           equ	4011	;# 
   423   000FAB                     RCSTA1          equ	4011	;# 
   424   000FAC                     TXSTA           equ	4012	;# 
   425   000FAC                     TXSTA1          equ	4012	;# 
   426   000FAD                     TXREG           equ	4013	;# 
   427   000FAD                     TXREG1          equ	4013	;# 
   428   000FAE                     RCREG           equ	4014	;# 
   429   000FAE                     RCREG1          equ	4014	;# 
   430   000FAF                     SPBRG           equ	4015	;# 
   431   000FAF                     SPBRG1          equ	4015	;# 
   432   000FB0                     SPBRGH          equ	4016	;# 
   433   000FB1                     T3CON           equ	4017	;# 
   434   000FB2                     TMR3            equ	4018	;# 
   435   000FB2                     TMR3L           equ	4018	;# 
   436   000FB3                     TMR3H           equ	4019	;# 
   437   000FB4                     CMCON           equ	4020	;# 
   438   000FB5                     CVRCON          equ	4021	;# 
   439   000FB6                     ECCP1AS         equ	4022	;# 
   440   000FB7                     ECCP1DEL        equ	4023	;# 
   441   000FB8                     BAUDCON         equ	4024	;# 
   442   000FB8                     BAUDCTL         equ	4024	;# 
   443   000FBA                     ECCP1CON        equ	4026	;# 
   444   000FBB                     ECCPR1          equ	4027	;# 
   445   000FBB                     ECCPR1L         equ	4027	;# 
   446   000FBC                     ECCPR1H         equ	4028	;# 
   447   000FBD                     CCP1CON         equ	4029	;# 
   448   000FBE                     CCPR1           equ	4030	;# 
   449   000FBE                     CCPR1L          equ	4030	;# 
   450   000FBF                     CCPR1H          equ	4031	;# 
   451   000FC0                     ADCON2          equ	4032	;# 
   452   000FC1                     ADCON1          equ	4033	;# 
   453   000FC2                     ADCON0          equ	4034	;# 
   454   000FC3                     ADRES           equ	4035	;# 
   455   000FC3                     ADRESL          equ	4035	;# 
   456   000FC4                     ADRESH          equ	4036	;# 
   457   000FC5                     SSPCON2         equ	4037	;# 
   458   000FC6                     SSPCON1         equ	4038	;# 
   459   000FC7                     SSPSTAT         equ	4039	;# 
   460   000FC8                     SSPADD          equ	4040	;# 
   461   000FC9                     SSPBUF          equ	4041	;# 
   462   000FCA                     T2CON           equ	4042	;# 
   463   000FCB                     PR2             equ	4043	;# 
   464   000FCB                     MEMCON          equ	4043	;# 
   465   000FCC                     TMR2            equ	4044	;# 
   466   000FCD                     T1CON           equ	4045	;# 
   467   000FCE                     TMR1            equ	4046	;# 
   468   000FCE                     TMR1L           equ	4046	;# 
   469   000FCF                     TMR1H           equ	4047	;# 
   470   000FD0                     RCON            equ	4048	;# 
   471   000FD1                     WDTCON          equ	4049	;# 
   472   000FD2                     HLVDCON         equ	4050	;# 
   473   000FD2                     LVDCON          equ	4050	;# 
   474   000FD3                     OSCCON          equ	4051	;# 
   475   000FD5                     T0CON           equ	4053	;# 
   476   000FD6                     TMR0            equ	4054	;# 
   477   000FD6                     TMR0L           equ	4054	;# 
   478   000FD7                     TMR0H           equ	4055	;# 
   479   000FD8                     STATUS          equ	4056	;# 
   480   000FD9                     FSR2            equ	4057	;# 
   481   000FD9                     FSR2L           equ	4057	;# 
   482   000FDA                     FSR2H           equ	4058	;# 
   483   000FDB                     PLUSW2          equ	4059	;# 
   484   000FDC                     PREINC2         equ	4060	;# 
   485   000FDD                     POSTDEC2        equ	4061	;# 
   486   000FDE                     POSTINC2        equ	4062	;# 
   487   000FDF                     INDF2           equ	4063	;# 
   488   000FE0                     BSR             equ	4064	;# 
   489   000FE1                     FSR1            equ	4065	;# 
   490   000FE1                     FSR1L           equ	4065	;# 
   491   000FE2                     FSR1H           equ	4066	;# 
   492   000FE3                     PLUSW1          equ	4067	;# 
   493   000FE4                     PREINC1         equ	4068	;# 
   494   000FE5                     POSTDEC1        equ	4069	;# 
   495   000FE6                     POSTINC1        equ	4070	;# 
   496   000FE7                     INDF1           equ	4071	;# 
   497   000FE8                     WREG            equ	4072	;# 
   498   000FE9                     FSR0            equ	4073	;# 
   499   000FE9                     FSR0L           equ	4073	;# 
   500   000FEA                     FSR0H           equ	4074	;# 
   501   000FEB                     PLUSW0          equ	4075	;# 
   502   000FEC                     PREINC0         equ	4076	;# 
   503   000FED                     POSTDEC0        equ	4077	;# 
   504   000FEE                     POSTINC0        equ	4078	;# 
   505   000FEF                     INDF0           equ	4079	;# 
   506   000FF0                     INTCON3         equ	4080	;# 
   507   000FF1                     INTCON2         equ	4081	;# 
   508   000FF2                     INTCON          equ	4082	;# 
   509   000FF3                     PROD            equ	4083	;# 
   510   000FF3                     PRODL           equ	4083	;# 
   511   000FF4                     PRODH           equ	4084	;# 
   512   000FF5                     TABLAT          equ	4085	;# 
   513   000FF6                     TBLPTR          equ	4086	;# 
   514   000FF6                     TBLPTRL         equ	4086	;# 
   515   000FF7                     TBLPTRH         equ	4087	;# 
   516   000FF8                     TBLPTRU         equ	4088	;# 
   517   000FF9                     PCLAT           equ	4089	;# 
   518   000FF9                     PC              equ	4089	;# 
   519   000FF9                     PCL             equ	4089	;# 
   520   000FFA                     PCLATH          equ	4090	;# 
   521   000FFB                     PCLATU          equ	4091	;# 
   522   000FFC                     STKPTR          equ	4092	;# 
   523   000FFD                     TOS             equ	4093	;# 
   524   000FFD                     TOSL            equ	4093	;# 
   525   000FFE                     TOSH            equ	4094	;# 
   526   000FFF                     TOSU            equ	4095	;# 
   527   000D60                     RXF6SIDH        equ	3424	;# 
   528   000D61                     RXF6SIDL        equ	3425	;# 
   529   000D62                     RXF6EIDH        equ	3426	;# 
   530   000D63                     RXF6EIDL        equ	3427	;# 
   531   000D64                     RXF7SIDH        equ	3428	;# 
   532   000D65                     RXF7SIDL        equ	3429	;# 
   533   000D66                     RXF7EIDH        equ	3430	;# 
   534   000D67                     RXF7EIDL        equ	3431	;# 
   535   000D68                     RXF8SIDH        equ	3432	;# 
   536   000D69                     RXF8SIDL        equ	3433	;# 
   537   000D6A                     RXF8EIDH        equ	3434	;# 
   538   000D6B                     RXF8EIDL        equ	3435	;# 
   539   000D70                     RXF9SIDH        equ	3440	;# 
   540   000D71                     RXF9SIDL        equ	3441	;# 
   541   000D72                     RXF9EIDH        equ	3442	;# 
   542   000D73                     RXF9EIDL        equ	3443	;# 
   543   000D74                     RXF10SIDH       equ	3444	;# 
   544   000D75                     RXF10SIDL       equ	3445	;# 
   545   000D76                     RXF10EIDH       equ	3446	;# 
   546   000D77                     RXF10EIDL       equ	3447	;# 
   547   000D78                     RXF11SIDH       equ	3448	;# 
   548   000D79                     RXF11SIDL       equ	3449	;# 
   549   000D7A                     RXF11EIDH       equ	3450	;# 
   550   000D7B                     RXF11EIDL       equ	3451	;# 
   551   000D80                     RXF12SIDH       equ	3456	;# 
   552   000D81                     RXF12SIDL       equ	3457	;# 
   553   000D82                     RXF12EIDH       equ	3458	;# 
   554   000D83                     RXF12EIDL       equ	3459	;# 
   555   000D84                     RXF13SIDH       equ	3460	;# 
   556   000D85                     RXF13SIDL       equ	3461	;# 
   557   000D86                     RXF13EIDH       equ	3462	;# 
   558   000D87                     RXF13EIDL       equ	3463	;# 
   559   000D88                     RXF14SIDH       equ	3464	;# 
   560   000D89                     RXF14SIDL       equ	3465	;# 
   561   000D8A                     RXF14EIDH       equ	3466	;# 
   562   000D8B                     RXF14EIDL       equ	3467	;# 
   563   000D90                     RXF15SIDH       equ	3472	;# 
   564   000D91                     RXF15SIDL       equ	3473	;# 
   565   000D92                     RXF15EIDH       equ	3474	;# 
   566   000D93                     RXF15EIDL       equ	3475	;# 
   567   000DD4                     RXFCON0         equ	3540	;# 
   568   000DD5                     RXFCON1         equ	3541	;# 
   569   000DD8                     SDFLC           equ	3544	;# 
   570   000DE0                     RXFBCON0        equ	3552	;# 
   571   000DE1                     RXFBCON1        equ	3553	;# 
   572   000DE2                     RXFBCON2        equ	3554	;# 
   573   000DE3                     RXFBCON3        equ	3555	;# 
   574   000DE4                     RXFBCON4        equ	3556	;# 
   575   000DE5                     RXFBCON5        equ	3557	;# 
   576   000DE6                     RXFBCON6        equ	3558	;# 
   577   000DE7                     RXFBCON7        equ	3559	;# 
   578   000DF0                     MSEL0           equ	3568	;# 
   579   000DF1                     MSEL1           equ	3569	;# 
   580   000DF2                     MSEL2           equ	3570	;# 
   581   000DF3                     MSEL3           equ	3571	;# 
   582   000DF8                     BSEL0           equ	3576	;# 
   583   000DFA                     BIE0            equ	3578	;# 
   584   000DFC                     TXBIE           equ	3580	;# 
   585   000E20                     B0CON           equ	3616	;# 
   586   000E21                     B0SIDH          equ	3617	;# 
   587   000E22                     B0SIDL          equ	3618	;# 
   588   000E23                     B0EIDH          equ	3619	;# 
   589   000E24                     B0EIDL          equ	3620	;# 
   590   000E25                     B0DLC           equ	3621	;# 
   591   000E26                     B0D0            equ	3622	;# 
   592   000E27                     B0D1            equ	3623	;# 
   593   000E28                     B0D2            equ	3624	;# 
   594   000E29                     B0D3            equ	3625	;# 
   595   000E2A                     B0D4            equ	3626	;# 
   596   000E2B                     B0D5            equ	3627	;# 
   597   000E2C                     B0D6            equ	3628	;# 
   598   000E2D                     B0D7            equ	3629	;# 
   599   000E2E                     CANSTAT_RO9     equ	3630	;# 
   600   000E2F                     CANCON_RO9      equ	3631	;# 
   601   000E30                     B1CON           equ	3632	;# 
   602   000E31                     B1SIDH          equ	3633	;# 
   603   000E32                     B1SIDL          equ	3634	;# 
   604   000E33                     B1EIDH          equ	3635	;# 
   605   000E34                     B1EIDL          equ	3636	;# 
   606   000E35                     B1DLC           equ	3637	;# 
   607   000E36                     B1D0            equ	3638	;# 
   608   000E37                     B1D1            equ	3639	;# 
   609   000E38                     B1D2            equ	3640	;# 
   610   000E39                     B1D3            equ	3641	;# 
   611   000E3A                     B1D4            equ	3642	;# 
   612   000E3B                     B1D5            equ	3643	;# 
   613   000E3C                     B1D6            equ	3644	;# 
   614   000E3D                     B1D7            equ	3645	;# 
   615   000E3E                     CANSTAT_RO8     equ	3646	;# 
   616   000E3F                     CANCON_RO8      equ	3647	;# 
   617   000E40                     B2CON           equ	3648	;# 
   618   000E41                     B2SIDH          equ	3649	;# 
   619   000E42                     B2SIDL          equ	3650	;# 
   620   000E43                     B2EIDH          equ	3651	;# 
   621   000E44                     B2EIDL          equ	3652	;# 
   622   000E45                     B2DLC           equ	3653	;# 
   623   000E46                     B2D0            equ	3654	;# 
   624   000E47                     B2D1            equ	3655	;# 
   625   000E48                     B2D2            equ	3656	;# 
   626   000E49                     B2D3            equ	3657	;# 
   627   000E4A                     B2D4            equ	3658	;# 
   628   000E4B                     B2D5            equ	3659	;# 
   629   000E4C                     B2D6            equ	3660	;# 
   630   000E4D                     B2D7            equ	3661	;# 
   631   000E4E                     CANSTAT_RO7     equ	3662	;# 
   632   000E4F                     CANCON_RO7      equ	3663	;# 
   633   000E50                     B3CON           equ	3664	;# 
   634   000E51                     B3SIDH          equ	3665	;# 
   635   000E52                     B3SIDL          equ	3666	;# 
   636   000E53                     B3EIDH          equ	3667	;# 
   637   000E54                     B3EIDL          equ	3668	;# 
   638   000E55                     B3DLC           equ	3669	;# 
   639   000E56                     B3D0            equ	3670	;# 
   640   000E57                     B3D1            equ	3671	;# 
   641   000E58                     B3D2            equ	3672	;# 
   642   000E59                     B3D3            equ	3673	;# 
   643   000E5A                     B3D4            equ	3674	;# 
   644   000E5B                     B3D5            equ	3675	;# 
   645   000E5C                     B3D6            equ	3676	;# 
   646   000E5D                     B3D7            equ	3677	;# 
   647   000E5E                     CANSTAT_RO6     equ	3678	;# 
   648   000E5F                     CANCON_RO6      equ	3679	;# 
   649   000E60                     B4CON           equ	3680	;# 
   650   000E61                     B4SIDH          equ	3681	;# 
   651   000E62                     B4SIDL          equ	3682	;# 
   652   000E63                     B4EIDH          equ	3683	;# 
   653   000E64                     B4EIDL          equ	3684	;# 
   654   000E65                     B4DLC           equ	3685	;# 
   655   000E66                     B4D0            equ	3686	;# 
   656   000E67                     B4D1            equ	3687	;# 
   657   000E68                     B4D2            equ	3688	;# 
   658   000E69                     B4D3            equ	3689	;# 
   659   000E6A                     B4D4            equ	3690	;# 
   660   000E6B                     B4D5            equ	3691	;# 
   661   000E6C                     B4D6            equ	3692	;# 
   662   000E6D                     B4D7            equ	3693	;# 
   663   000E6E                     CANSTAT_RO5     equ	3694	;# 
   664   000E6F                     CANCON_RO5      equ	3695	;# 
   665   000E70                     B5CON           equ	3696	;# 
   666   000E71                     B5SIDH          equ	3697	;# 
   667   000E72                     B5SIDL          equ	3698	;# 
   668   000E73                     B5EIDH          equ	3699	;# 
   669   000E74                     B5EIDL          equ	3700	;# 
   670   000E75                     B5DLC           equ	3701	;# 
   671   000E76                     B5D0            equ	3702	;# 
   672   000E77                     B5D1            equ	3703	;# 
   673   000E78                     B5D2            equ	3704	;# 
   674   000E79                     B5D3            equ	3705	;# 
   675   000E7A                     B5D4            equ	3706	;# 
   676   000E7B                     B5D5            equ	3707	;# 
   677   000E7C                     B5D6            equ	3708	;# 
   678   000E7D                     B5D7            equ	3709	;# 
   679   000E7E                     CANSTAT_RO4     equ	3710	;# 
   680   000E7F                     CANCON_RO4      equ	3711	;# 
   681   000F00                     RXF0SIDH        equ	3840	;# 
   682   000F01                     RXF0SIDL        equ	3841	;# 
   683   000F02                     RXF0EIDH        equ	3842	;# 
   684   000F03                     RXF0EIDL        equ	3843	;# 
   685   000F04                     RXF1SIDH        equ	3844	;# 
   686   000F05                     RXF1SIDL        equ	3845	;# 
   687   000F06                     RXF1EIDH        equ	3846	;# 
   688   000F07                     RXF1EIDL        equ	3847	;# 
   689   000F08                     RXF2SIDH        equ	3848	;# 
   690   000F09                     RXF2SIDL        equ	3849	;# 
   691   000F0A                     RXF2EIDH        equ	3850	;# 
   692   000F0B                     RXF2EIDL        equ	3851	;# 
   693   000F0C                     RXF3SIDH        equ	3852	;# 
   694   000F0D                     RXF3SIDL        equ	3853	;# 
   695   000F0E                     RXF3EIDH        equ	3854	;# 
   696   000F0F                     RXF3EIDL        equ	3855	;# 
   697   000F10                     RXF4SIDH        equ	3856	;# 
   698   000F11                     RXF4SIDL        equ	3857	;# 
   699   000F12                     RXF4EIDH        equ	3858	;# 
   700   000F13                     RXF4EIDL        equ	3859	;# 
   701   000F14                     RXF5SIDH        equ	3860	;# 
   702   000F15                     RXF5SIDL        equ	3861	;# 
   703   000F16                     RXF5EIDH        equ	3862	;# 
   704   000F17                     RXF5EIDL        equ	3863	;# 
   705   000F18                     RXM0SIDH        equ	3864	;# 
   706   000F19                     RXM0SIDL        equ	3865	;# 
   707   000F1A                     RXM0EIDH        equ	3866	;# 
   708   000F1B                     RXM0EIDL        equ	3867	;# 
   709   000F1C                     RXM1SIDH        equ	3868	;# 
   710   000F1D                     RXM1SIDL        equ	3869	;# 
   711   000F1E                     RXM1EIDH        equ	3870	;# 
   712   000F1F                     RXM1EIDL        equ	3871	;# 
   713   000F20                     TXB2CON         equ	3872	;# 
   714   000F21                     TXB2SIDH        equ	3873	;# 
   715   000F22                     TXB2SIDL        equ	3874	;# 
   716   000F23                     TXB2EIDH        equ	3875	;# 
   717   000F24                     TXB2EIDL        equ	3876	;# 
   718   000F25                     TXB2DLC         equ	3877	;# 
   719   000F26                     TXB2D0          equ	3878	;# 
   720   000F27                     TXB2D1          equ	3879	;# 
   721   000F28                     TXB2D2          equ	3880	;# 
   722   000F29                     TXB2D3          equ	3881	;# 
   723   000F2A                     TXB2D4          equ	3882	;# 
   724   000F2B                     TXB2D5          equ	3883	;# 
   725   000F2C                     TXB2D6          equ	3884	;# 
   726   000F2D                     TXB2D7          equ	3885	;# 
   727   000F2E                     CANSTAT_RO3     equ	3886	;# 
   728   000F2F                     CANCON_RO3      equ	3887	;# 
   729   000F30                     TXB1CON         equ	3888	;# 
   730   000F31                     TXB1SIDH        equ	3889	;# 
   731   000F32                     TXB1SIDL        equ	3890	;# 
   732   000F33                     TXB1EIDH        equ	3891	;# 
   733   000F34                     TXB1EIDL        equ	3892	;# 
   734   000F35                     TXB1DLC         equ	3893	;# 
   735   000F36                     TXB1D0          equ	3894	;# 
   736   000F37                     TXB1D1          equ	3895	;# 
   737   000F38                     TXB1D2          equ	3896	;# 
   738   000F39                     TXB1D3          equ	3897	;# 
   739   000F3A                     TXB1D4          equ	3898	;# 
   740   000F3B                     TXB1D5          equ	3899	;# 
   741   000F3C                     TXB1D6          equ	3900	;# 
   742   000F3D                     TXB1D7          equ	3901	;# 
   743   000F3E                     CANSTAT_RO2     equ	3902	;# 
   744   000F3F                     CANCON_RO2      equ	3903	;# 
   745   000F40                     TXB0CON         equ	3904	;# 
   746   000F41                     TXB0SIDH        equ	3905	;# 
   747   000F42                     TXB0SIDL        equ	3906	;# 
   748   000F43                     TXB0EIDH        equ	3907	;# 
   749   000F44                     TXB0EIDL        equ	3908	;# 
   750   000F45                     TXB0DLC         equ	3909	;# 
   751   000F46                     TXB0D0          equ	3910	;# 
   752   000F47                     TXB0D1          equ	3911	;# 
   753   000F48                     TXB0D2          equ	3912	;# 
   754   000F49                     TXB0D3          equ	3913	;# 
   755   000F4A                     TXB0D4          equ	3914	;# 
   756   000F4B                     TXB0D5          equ	3915	;# 
   757   000F4C                     TXB0D6          equ	3916	;# 
   758   000F4D                     TXB0D7          equ	3917	;# 
   759   000F4E                     CANSTAT_RO1     equ	3918	;# 
   760   000F4F                     CANCON_RO1      equ	3919	;# 
   761   000F50                     RXB1CON         equ	3920	;# 
   762   000F51                     RXB1SIDH        equ	3921	;# 
   763   000F52                     RXB1SIDL        equ	3922	;# 
   764   000F53                     RXB1EIDH        equ	3923	;# 
   765   000F54                     RXB1EIDL        equ	3924	;# 
   766   000F55                     RXB1DLC         equ	3925	;# 
   767   000F56                     RXB1D0          equ	3926	;# 
   768   000F57                     RXB1D1          equ	3927	;# 
   769   000F58                     RXB1D2          equ	3928	;# 
   770   000F59                     RXB1D3          equ	3929	;# 
   771   000F5A                     RXB1D4          equ	3930	;# 
   772   000F5B                     RXB1D5          equ	3931	;# 
   773   000F5C                     RXB1D6          equ	3932	;# 
   774   000F5D                     RXB1D7          equ	3933	;# 
   775   000F5E                     CANSTAT_RO0     equ	3934	;# 
   776   000F5F                     CANCON_RO0      equ	3935	;# 
   777   000F60                     RXB0CON         equ	3936	;# 
   778   000F61                     RXB0SIDH        equ	3937	;# 
   779   000F62                     RXB0SIDL        equ	3938	;# 
   780   000F63                     RXB0EIDH        equ	3939	;# 
   781   000F64                     RXB0EIDL        equ	3940	;# 
   782   000F65                     RXB0DLC         equ	3941	;# 
   783   000F66                     RXB0D0          equ	3942	;# 
   784   000F67                     RXB0D1          equ	3943	;# 
   785   000F68                     RXB0D2          equ	3944	;# 
   786   000F69                     RXB0D3          equ	3945	;# 
   787   000F6A                     RXB0D4          equ	3946	;# 
   788   000F6B                     RXB0D5          equ	3947	;# 
   789   000F6C                     RXB0D6          equ	3948	;# 
   790   000F6D                     RXB0D7          equ	3949	;# 
   791   000F6E                     CANSTAT         equ	3950	;# 
   792   000F6F                     CANCON          equ	3951	;# 
   793   000F70                     BRGCON1         equ	3952	;# 
   794   000F71                     BRGCON2         equ	3953	;# 
   795   000F72                     BRGCON3         equ	3954	;# 
   796   000F73                     CIOCON          equ	3955	;# 
   797   000F74                     COMSTAT         equ	3956	;# 
   798   000F75                     RXERRCNT        equ	3957	;# 
   799   000F76                     TXERRCNT        equ	3958	;# 
   800   000F77                     ECANCON         equ	3959	;# 
   801   000F80                     PORTA           equ	3968	;# 
   802   000F81                     PORTB           equ	3969	;# 
   803   000F82                     PORTC           equ	3970	;# 
   804   000F83                     PORTD           equ	3971	;# 
   805   000F84                     PORTE           equ	3972	;# 
   806   000F89                     LATA            equ	3977	;# 
   807   000F8A                     LATB            equ	3978	;# 
   808   000F8B                     LATC            equ	3979	;# 
   809   000F8C                     LATD            equ	3980	;# 
   810   000F8D                     LATE            equ	3981	;# 
   811   000F92                     TRISA           equ	3986	;# 
   812   000F92                     DDRA            equ	3986	;# 
   813   000F93                     TRISB           equ	3987	;# 
   814   000F93                     DDRB            equ	3987	;# 
   815   000F94                     TRISC           equ	3988	;# 
   816   000F94                     DDRC            equ	3988	;# 
   817   000F95                     TRISD           equ	3989	;# 
   818   000F95                     DDRD            equ	3989	;# 
   819   000F96                     TRISE           equ	3990	;# 
   820   000F96                     DDRE            equ	3990	;# 
   821   000F9B                     OSCTUNE         equ	3995	;# 
   822   000F9D                     PIE1            equ	3997	;# 
   823   000F9E                     PIR1            equ	3998	;# 
   824   000F9F                     IPR1            equ	3999	;# 
   825   000FA0                     PIE2            equ	4000	;# 
   826   000FA1                     PIR2            equ	4001	;# 
   827   000FA2                     IPR2            equ	4002	;# 
   828   000FA3                     PIE3            equ	4003	;# 
   829   000FA4                     PIR3            equ	4004	;# 
   830   000FA5                     IPR3            equ	4005	;# 
   831   000FA6                     EECON1          equ	4006	;# 
   832   000FA7                     EECON2          equ	4007	;# 
   833   000FA8                     EEDATA          equ	4008	;# 
   834   000FA9                     EEADR           equ	4009	;# 
   835   000FAB                     RCSTA           equ	4011	;# 
   836   000FAB                     RCSTA1          equ	4011	;# 
   837   000FAC                     TXSTA           equ	4012	;# 
   838   000FAC                     TXSTA1          equ	4012	;# 
   839   000FAD                     TXREG           equ	4013	;# 
   840   000FAD                     TXREG1          equ	4013	;# 
   841   000FAE                     RCREG           equ	4014	;# 
   842   000FAE                     RCREG1          equ	4014	;# 
   843   000FAF                     SPBRG           equ	4015	;# 
   844   000FAF                     SPBRG1          equ	4015	;# 
   845   000FB0                     SPBRGH          equ	4016	;# 
   846   000FB1                     T3CON           equ	4017	;# 
   847   000FB2                     TMR3            equ	4018	;# 
   848   000FB2                     TMR3L           equ	4018	;# 
   849   000FB3                     TMR3H           equ	4019	;# 
   850   000FB4                     CMCON           equ	4020	;# 
   851   000FB5                     CVRCON          equ	4021	;# 
   852   000FB6                     ECCP1AS         equ	4022	;# 
   853   000FB7                     ECCP1DEL        equ	4023	;# 
   854   000FB8                     BAUDCON         equ	4024	;# 
   855   000FB8                     BAUDCTL         equ	4024	;# 
   856   000FBA                     ECCP1CON        equ	4026	;# 
   857   000FBB                     ECCPR1          equ	4027	;# 
   858   000FBB                     ECCPR1L         equ	4027	;# 
   859   000FBC                     ECCPR1H         equ	4028	;# 
   860   000FBD                     CCP1CON         equ	4029	;# 
   861   000FBE                     CCPR1           equ	4030	;# 
   862   000FBE                     CCPR1L          equ	4030	;# 
   863   000FBF                     CCPR1H          equ	4031	;# 
   864   000FC0                     ADCON2          equ	4032	;# 
   865   000FC1                     ADCON1          equ	4033	;# 
   866   000FC2                     ADCON0          equ	4034	;# 
   867   000FC3                     ADRES           equ	4035	;# 
   868   000FC3                     ADRESL          equ	4035	;# 
   869   000FC4                     ADRESH          equ	4036	;# 
   870   000FC5                     SSPCON2         equ	4037	;# 
   871   000FC6                     SSPCON1         equ	4038	;# 
   872   000FC7                     SSPSTAT         equ	4039	;# 
   873   000FC8                     SSPADD          equ	4040	;# 
   874   000FC9                     SSPBUF          equ	4041	;# 
   875   000FCA                     T2CON           equ	4042	;# 
   876   000FCB                     PR2             equ	4043	;# 
   877   000FCB                     MEMCON          equ	4043	;# 
   878   000FCC                     TMR2            equ	4044	;# 
   879   000FCD                     T1CON           equ	4045	;# 
   880   000FCE                     TMR1            equ	4046	;# 
   881   000FCE                     TMR1L           equ	4046	;# 
   882   000FCF                     TMR1H           equ	4047	;# 
   883   000FD0                     RCON            equ	4048	;# 
   884   000FD1                     WDTCON          equ	4049	;# 
   885   000FD2                     HLVDCON         equ	4050	;# 
   886   000FD2                     LVDCON          equ	4050	;# 
   887   000FD3                     OSCCON          equ	4051	;# 
   888   000FD5                     T0CON           equ	4053	;# 
   889   000FD6                     TMR0            equ	4054	;# 
   890   000FD6                     TMR0L           equ	4054	;# 
   891   000FD7                     TMR0H           equ	4055	;# 
   892   000FD8                     STATUS          equ	4056	;# 
   893   000FD9                     FSR2            equ	4057	;# 
   894   000FD9                     FSR2L           equ	4057	;# 
   895   000FDA                     FSR2H           equ	4058	;# 
   896   000FDB                     PLUSW2          equ	4059	;# 
   897   000FDC                     PREINC2         equ	4060	;# 
   898   000FDD                     POSTDEC2        equ	4061	;# 
   899   000FDE                     POSTINC2        equ	4062	;# 
   900   000FDF                     INDF2           equ	4063	;# 
   901   000FE0                     BSR             equ	4064	;# 
   902   000FE1                     FSR1            equ	4065	;# 
   903   000FE1                     FSR1L           equ	4065	;# 
   904   000FE2                     FSR1H           equ	4066	;# 
   905   000FE3                     PLUSW1          equ	4067	;# 
   906   000FE4                     PREINC1         equ	4068	;# 
   907   000FE5                     POSTDEC1        equ	4069	;# 
   908   000FE6                     POSTINC1        equ	4070	;# 
   909   000FE7                     INDF1           equ	4071	;# 
   910   000FE8                     WREG            equ	4072	;# 
   911   000FE9                     FSR0            equ	4073	;# 
   912   000FE9                     FSR0L           equ	4073	;# 
   913   000FEA                     FSR0H           equ	4074	;# 
   914   000FEB                     PLUSW0          equ	4075	;# 
   915   000FEC                     PREINC0         equ	4076	;# 
   916   000FED                     POSTDEC0        equ	4077	;# 
   917   000FEE                     POSTINC0        equ	4078	;# 
   918   000FEF                     INDF0           equ	4079	;# 
   919   000FF0                     INTCON3         equ	4080	;# 
   920   000FF1                     INTCON2         equ	4081	;# 
   921   000FF2                     INTCON          equ	4082	;# 
   922   000FF3                     PROD            equ	4083	;# 
   923   000FF3                     PRODL           equ	4083	;# 
   924   000FF4                     PRODH           equ	4084	;# 
   925   000FF5                     TABLAT          equ	4085	;# 
   926   000FF6                     TBLPTR          equ	4086	;# 
   927   000FF6                     TBLPTRL         equ	4086	;# 
   928   000FF7                     TBLPTRH         equ	4087	;# 
   929   000FF8                     TBLPTRU         equ	4088	;# 
   930   000FF9                     PCLAT           equ	4089	;# 
   931   000FF9                     PC              equ	4089	;# 
   932   000FF9                     PCL             equ	4089	;# 
   933   000FFA                     PCLATH          equ	4090	;# 
   934   000FFB                     PCLATU          equ	4091	;# 
   935   000FFC                     STKPTR          equ	4092	;# 
   936   000FFD                     TOS             equ	4093	;# 
   937   000FFD                     TOSL            equ	4093	;# 
   938   000FFE                     TOSH            equ	4094	;# 
   939   000FFF                     TOSU            equ	4095	;# 
   940   000D60                     RXF6SIDH        equ	3424	;# 
   941   000D61                     RXF6SIDL        equ	3425	;# 
   942   000D62                     RXF6EIDH        equ	3426	;# 
   943   000D63                     RXF6EIDL        equ	3427	;# 
   944   000D64                     RXF7SIDH        equ	3428	;# 
   945   000D65                     RXF7SIDL        equ	3429	;# 
   946   000D66                     RXF7EIDH        equ	3430	;# 
   947   000D67                     RXF7EIDL        equ	3431	;# 
   948   000D68                     RXF8SIDH        equ	3432	;# 
   949   000D69                     RXF8SIDL        equ	3433	;# 
   950   000D6A                     RXF8EIDH        equ	3434	;# 
   951   000D6B                     RXF8EIDL        equ	3435	;# 
   952   000D70                     RXF9SIDH        equ	3440	;# 
   953   000D71                     RXF9SIDL        equ	3441	;# 
   954   000D72                     RXF9EIDH        equ	3442	;# 
   955   000D73                     RXF9EIDL        equ	3443	;# 
   956   000D74                     RXF10SIDH       equ	3444	;# 
   957   000D75                     RXF10SIDL       equ	3445	;# 
   958   000D76                     RXF10EIDH       equ	3446	;# 
   959   000D77                     RXF10EIDL       equ	3447	;# 
   960   000D78                     RXF11SIDH       equ	3448	;# 
   961   000D79                     RXF11SIDL       equ	3449	;# 
   962   000D7A                     RXF11EIDH       equ	3450	;# 
   963   000D7B                     RXF11EIDL       equ	3451	;# 
   964   000D80                     RXF12SIDH       equ	3456	;# 
   965   000D81                     RXF12SIDL       equ	3457	;# 
   966   000D82                     RXF12EIDH       equ	3458	;# 
   967   000D83                     RXF12EIDL       equ	3459	;# 
   968   000D84                     RXF13SIDH       equ	3460	;# 
   969   000D85                     RXF13SIDL       equ	3461	;# 
   970   000D86                     RXF13EIDH       equ	3462	;# 
   971   000D87                     RXF13EIDL       equ	3463	;# 
   972   000D88                     RXF14SIDH       equ	3464	;# 
   973   000D89                     RXF14SIDL       equ	3465	;# 
   974   000D8A                     RXF14EIDH       equ	3466	;# 
   975   000D8B                     RXF14EIDL       equ	3467	;# 
   976   000D90                     RXF15SIDH       equ	3472	;# 
   977   000D91                     RXF15SIDL       equ	3473	;# 
   978   000D92                     RXF15EIDH       equ	3474	;# 
   979   000D93                     RXF15EIDL       equ	3475	;# 
   980   000DD4                     RXFCON0         equ	3540	;# 
   981   000DD5                     RXFCON1         equ	3541	;# 
   982   000DD8                     SDFLC           equ	3544	;# 
   983   000DE0                     RXFBCON0        equ	3552	;# 
   984   000DE1                     RXFBCON1        equ	3553	;# 
   985   000DE2                     RXFBCON2        equ	3554	;# 
   986   000DE3                     RXFBCON3        equ	3555	;# 
   987   000DE4                     RXFBCON4        equ	3556	;# 
   988   000DE5                     RXFBCON5        equ	3557	;# 
   989   000DE6                     RXFBCON6        equ	3558	;# 
   990   000DE7                     RXFBCON7        equ	3559	;# 
   991   000DF0                     MSEL0           equ	3568	;# 
   992   000DF1                     MSEL1           equ	3569	;# 
   993   000DF2                     MSEL2           equ	3570	;# 
   994   000DF3                     MSEL3           equ	3571	;# 
   995   000DF8                     BSEL0           equ	3576	;# 
   996   000DFA                     BIE0            equ	3578	;# 
   997   000DFC                     TXBIE           equ	3580	;# 
   998   000E20                     B0CON           equ	3616	;# 
   999   000E21                     B0SIDH          equ	3617	;# 
  1000   000E22                     B0SIDL          equ	3618	;# 
  1001   000E23                     B0EIDH          equ	3619	;# 
  1002   000E24                     B0EIDL          equ	3620	;# 
  1003   000E25                     B0DLC           equ	3621	;# 
  1004   000E26                     B0D0            equ	3622	;# 
  1005   000E27                     B0D1            equ	3623	;# 
  1006   000E28                     B0D2            equ	3624	;# 
  1007   000E29                     B0D3            equ	3625	;# 
  1008   000E2A                     B0D4            equ	3626	;# 
  1009   000E2B                     B0D5            equ	3627	;# 
  1010   000E2C                     B0D6            equ	3628	;# 
  1011   000E2D                     B0D7            equ	3629	;# 
  1012   000E2E                     CANSTAT_RO9     equ	3630	;# 
  1013   000E2F                     CANCON_RO9      equ	3631	;# 
  1014   000E30                     B1CON           equ	3632	;# 
  1015   000E31                     B1SIDH          equ	3633	;# 
  1016   000E32                     B1SIDL          equ	3634	;# 
  1017   000E33                     B1EIDH          equ	3635	;# 
  1018   000E34                     B1EIDL          equ	3636	;# 
  1019   000E35                     B1DLC           equ	3637	;# 
  1020   000E36                     B1D0            equ	3638	;# 
  1021   000E37                     B1D1            equ	3639	;# 
  1022   000E38                     B1D2            equ	3640	;# 
  1023   000E39                     B1D3            equ	3641	;# 
  1024   000E3A                     B1D4            equ	3642	;# 
  1025   000E3B                     B1D5            equ	3643	;# 
  1026   000E3C                     B1D6            equ	3644	;# 
  1027   000E3D                     B1D7            equ	3645	;# 
  1028   000E3E                     CANSTAT_RO8     equ	3646	;# 
  1029   000E3F                     CANCON_RO8      equ	3647	;# 
  1030   000E40                     B2CON           equ	3648	;# 
  1031   000E41                     B2SIDH          equ	3649	;# 
  1032   000E42                     B2SIDL          equ	3650	;# 
  1033   000E43                     B2EIDH          equ	3651	;# 
  1034   000E44                     B2EIDL          equ	3652	;# 
  1035   000E45                     B2DLC           equ	3653	;# 
  1036   000E46                     B2D0            equ	3654	;# 
  1037   000E47                     B2D1            equ	3655	;# 
  1038   000E48                     B2D2            equ	3656	;# 
  1039   000E49                     B2D3            equ	3657	;# 
  1040   000E4A                     B2D4            equ	3658	;# 
  1041   000E4B                     B2D5            equ	3659	;# 
  1042   000E4C                     B2D6            equ	3660	;# 
  1043   000E4D                     B2D7            equ	3661	;# 
  1044   000E4E                     CANSTAT_RO7     equ	3662	;# 
  1045   000E4F                     CANCON_RO7      equ	3663	;# 
  1046   000E50                     B3CON           equ	3664	;# 
  1047   000E51                     B3SIDH          equ	3665	;# 
  1048   000E52                     B3SIDL          equ	3666	;# 
  1049   000E53                     B3EIDH          equ	3667	;# 
  1050   000E54                     B3EIDL          equ	3668	;# 
  1051   000E55                     B3DLC           equ	3669	;# 
  1052   000E56                     B3D0            equ	3670	;# 
  1053   000E57                     B3D1            equ	3671	;# 
  1054   000E58                     B3D2            equ	3672	;# 
  1055   000E59                     B3D3            equ	3673	;# 
  1056   000E5A                     B3D4            equ	3674	;# 
  1057   000E5B                     B3D5            equ	3675	;# 
  1058   000E5C                     B3D6            equ	3676	;# 
  1059   000E5D                     B3D7            equ	3677	;# 
  1060   000E5E                     CANSTAT_RO6     equ	3678	;# 
  1061   000E5F                     CANCON_RO6      equ	3679	;# 
  1062   000E60                     B4CON           equ	3680	;# 
  1063   000E61                     B4SIDH          equ	3681	;# 
  1064   000E62                     B4SIDL          equ	3682	;# 
  1065   000E63                     B4EIDH          equ	3683	;# 
  1066   000E64                     B4EIDL          equ	3684	;# 
  1067   000E65                     B4DLC           equ	3685	;# 
  1068   000E66                     B4D0            equ	3686	;# 
  1069   000E67                     B4D1            equ	3687	;# 
  1070   000E68                     B4D2            equ	3688	;# 
  1071   000E69                     B4D3            equ	3689	;# 
  1072   000E6A                     B4D4            equ	3690	;# 
  1073   000E6B                     B4D5            equ	3691	;# 
  1074   000E6C                     B4D6            equ	3692	;# 
  1075   000E6D                     B4D7            equ	3693	;# 
  1076   000E6E                     CANSTAT_RO5     equ	3694	;# 
  1077   000E6F                     CANCON_RO5      equ	3695	;# 
  1078   000E70                     B5CON           equ	3696	;# 
  1079   000E71                     B5SIDH          equ	3697	;# 
  1080   000E72                     B5SIDL          equ	3698	;# 
  1081   000E73                     B5EIDH          equ	3699	;# 
  1082   000E74                     B5EIDL          equ	3700	;# 
  1083   000E75                     B5DLC           equ	3701	;# 
  1084   000E76                     B5D0            equ	3702	;# 
  1085   000E77                     B5D1            equ	3703	;# 
  1086   000E78                     B5D2            equ	3704	;# 
  1087   000E79                     B5D3            equ	3705	;# 
  1088   000E7A                     B5D4            equ	3706	;# 
  1089   000E7B                     B5D5            equ	3707	;# 
  1090   000E7C                     B5D6            equ	3708	;# 
  1091   000E7D                     B5D7            equ	3709	;# 
  1092   000E7E                     CANSTAT_RO4     equ	3710	;# 
  1093   000E7F                     CANCON_RO4      equ	3711	;# 
  1094   000F00                     RXF0SIDH        equ	3840	;# 
  1095   000F01                     RXF0SIDL        equ	3841	;# 
  1096   000F02                     RXF0EIDH        equ	3842	;# 
  1097   000F03                     RXF0EIDL        equ	3843	;# 
  1098   000F04                     RXF1SIDH        equ	3844	;# 
  1099   000F05                     RXF1SIDL        equ	3845	;# 
  1100   000F06                     RXF1EIDH        equ	3846	;# 
  1101   000F07                     RXF1EIDL        equ	3847	;# 
  1102   000F08                     RXF2SIDH        equ	3848	;# 
  1103   000F09                     RXF2SIDL        equ	3849	;# 
  1104   000F0A                     RXF2EIDH        equ	3850	;# 
  1105   000F0B                     RXF2EIDL        equ	3851	;# 
  1106   000F0C                     RXF3SIDH        equ	3852	;# 
  1107   000F0D                     RXF3SIDL        equ	3853	;# 
  1108   000F0E                     RXF3EIDH        equ	3854	;# 
  1109   000F0F                     RXF3EIDL        equ	3855	;# 
  1110   000F10                     RXF4SIDH        equ	3856	;# 
  1111   000F11                     RXF4SIDL        equ	3857	;# 
  1112   000F12                     RXF4EIDH        equ	3858	;# 
  1113   000F13                     RXF4EIDL        equ	3859	;# 
  1114   000F14                     RXF5SIDH        equ	3860	;# 
  1115   000F15                     RXF5SIDL        equ	3861	;# 
  1116   000F16                     RXF5EIDH        equ	3862	;# 
  1117   000F17                     RXF5EIDL        equ	3863	;# 
  1118   000F18                     RXM0SIDH        equ	3864	;# 
  1119   000F19                     RXM0SIDL        equ	3865	;# 
  1120   000F1A                     RXM0EIDH        equ	3866	;# 
  1121   000F1B                     RXM0EIDL        equ	3867	;# 
  1122   000F1C                     RXM1SIDH        equ	3868	;# 
  1123   000F1D                     RXM1SIDL        equ	3869	;# 
  1124   000F1E                     RXM1EIDH        equ	3870	;# 
  1125   000F1F                     RXM1EIDL        equ	3871	;# 
  1126   000F20                     TXB2CON         equ	3872	;# 
  1127   000F21                     TXB2SIDH        equ	3873	;# 
  1128   000F22                     TXB2SIDL        equ	3874	;# 
  1129   000F23                     TXB2EIDH        equ	3875	;# 
  1130   000F24                     TXB2EIDL        equ	3876	;# 
  1131   000F25                     TXB2DLC         equ	3877	;# 
  1132   000F26                     TXB2D0          equ	3878	;# 
  1133   000F27                     TXB2D1          equ	3879	;# 
  1134   000F28                     TXB2D2          equ	3880	;# 
  1135   000F29                     TXB2D3          equ	3881	;# 
  1136   000F2A                     TXB2D4          equ	3882	;# 
  1137   000F2B                     TXB2D5          equ	3883	;# 
  1138   000F2C                     TXB2D6          equ	3884	;# 
  1139   000F2D                     TXB2D7          equ	3885	;# 
  1140   000F2E                     CANSTAT_RO3     equ	3886	;# 
  1141   000F2F                     CANCON_RO3      equ	3887	;# 
  1142   000F30                     TXB1CON         equ	3888	;# 
  1143   000F31                     TXB1SIDH        equ	3889	;# 
  1144   000F32                     TXB1SIDL        equ	3890	;# 
  1145   000F33                     TXB1EIDH        equ	3891	;# 
  1146   000F34                     TXB1EIDL        equ	3892	;# 
  1147   000F35                     TXB1DLC         equ	3893	;# 
  1148   000F36                     TXB1D0          equ	3894	;# 
  1149   000F37                     TXB1D1          equ	3895	;# 
  1150   000F38                     TXB1D2          equ	3896	;# 
  1151   000F39                     TXB1D3          equ	3897	;# 
  1152   000F3A                     TXB1D4          equ	3898	;# 
  1153   000F3B                     TXB1D5          equ	3899	;# 
  1154   000F3C                     TXB1D6          equ	3900	;# 
  1155   000F3D                     TXB1D7          equ	3901	;# 
  1156   000F3E                     CANSTAT_RO2     equ	3902	;# 
  1157   000F3F                     CANCON_RO2      equ	3903	;# 
  1158   000F40                     TXB0CON         equ	3904	;# 
  1159   000F41                     TXB0SIDH        equ	3905	;# 
  1160   000F42                     TXB0SIDL        equ	3906	;# 
  1161   000F43                     TXB0EIDH        equ	3907	;# 
  1162   000F44                     TXB0EIDL        equ	3908	;# 
  1163   000F45                     TXB0DLC         equ	3909	;# 
  1164   000F46                     TXB0D0          equ	3910	;# 
  1165   000F47                     TXB0D1          equ	3911	;# 
  1166   000F48                     TXB0D2          equ	3912	;# 
  1167   000F49                     TXB0D3          equ	3913	;# 
  1168   000F4A                     TXB0D4          equ	3914	;# 
  1169   000F4B                     TXB0D5          equ	3915	;# 
  1170   000F4C                     TXB0D6          equ	3916	;# 
  1171   000F4D                     TXB0D7          equ	3917	;# 
  1172   000F4E                     CANSTAT_RO1     equ	3918	;# 
  1173   000F4F                     CANCON_RO1      equ	3919	;# 
  1174   000F50                     RXB1CON         equ	3920	;# 
  1175   000F51                     RXB1SIDH        equ	3921	;# 
  1176   000F52                     RXB1SIDL        equ	3922	;# 
  1177   000F53                     RXB1EIDH        equ	3923	;# 
  1178   000F54                     RXB1EIDL        equ	3924	;# 
  1179   000F55                     RXB1DLC         equ	3925	;# 
  1180   000F56                     RXB1D0          equ	3926	;# 
  1181   000F57                     RXB1D1          equ	3927	;# 
  1182   000F58                     RXB1D2          equ	3928	;# 
  1183   000F59                     RXB1D3          equ	3929	;# 
  1184   000F5A                     RXB1D4          equ	3930	;# 
  1185   000F5B                     RXB1D5          equ	3931	;# 
  1186   000F5C                     RXB1D6          equ	3932	;# 
  1187   000F5D                     RXB1D7          equ	3933	;# 
  1188   000F5E                     CANSTAT_RO0     equ	3934	;# 
  1189   000F5F                     CANCON_RO0      equ	3935	;# 
  1190   000F60                     RXB0CON         equ	3936	;# 
  1191   000F61                     RXB0SIDH        equ	3937	;# 
  1192   000F62                     RXB0SIDL        equ	3938	;# 
  1193   000F63                     RXB0EIDH        equ	3939	;# 
  1194   000F64                     RXB0EIDL        equ	3940	;# 
  1195   000F65                     RXB0DLC         equ	3941	;# 
  1196   000F66                     RXB0D0          equ	3942	;# 
  1197   000F67                     RXB0D1          equ	3943	;# 
  1198   000F68                     RXB0D2          equ	3944	;# 
  1199   000F69                     RXB0D3          equ	3945	;# 
  1200   000F6A                     RXB0D4          equ	3946	;# 
  1201   000F6B                     RXB0D5          equ	3947	;# 
  1202   000F6C                     RXB0D6          equ	3948	;# 
  1203   000F6D                     RXB0D7          equ	3949	;# 
  1204   000F6E                     CANSTAT         equ	3950	;# 
  1205   000F6F                     CANCON          equ	3951	;# 
  1206   000F70                     BRGCON1         equ	3952	;# 
  1207   000F71                     BRGCON2         equ	3953	;# 
  1208   000F72                     BRGCON3         equ	3954	;# 
  1209   000F73                     CIOCON          equ	3955	;# 
  1210   000F74                     COMSTAT         equ	3956	;# 
  1211   000F75                     RXERRCNT        equ	3957	;# 
  1212   000F76                     TXERRCNT        equ	3958	;# 
  1213   000F77                     ECANCON         equ	3959	;# 
  1214   000F80                     PORTA           equ	3968	;# 
  1215   000F81                     PORTB           equ	3969	;# 
  1216   000F82                     PORTC           equ	3970	;# 
  1217   000F83                     PORTD           equ	3971	;# 
  1218   000F84                     PORTE           equ	3972	;# 
  1219   000F89                     LATA            equ	3977	;# 
  1220   000F8A                     LATB            equ	3978	;# 
  1221   000F8B                     LATC            equ	3979	;# 
  1222   000F8C                     LATD            equ	3980	;# 
  1223   000F8D                     LATE            equ	3981	;# 
  1224   000F92                     TRISA           equ	3986	;# 
  1225   000F92                     DDRA            equ	3986	;# 
  1226   000F93                     TRISB           equ	3987	;# 
  1227   000F93                     DDRB            equ	3987	;# 
  1228   000F94                     TRISC           equ	3988	;# 
  1229   000F94                     DDRC            equ	3988	;# 
  1230   000F95                     TRISD           equ	3989	;# 
  1231   000F95                     DDRD            equ	3989	;# 
  1232   000F96                     TRISE           equ	3990	;# 
  1233   000F96                     DDRE            equ	3990	;# 
  1234   000F9B                     OSCTUNE         equ	3995	;# 
  1235   000F9D                     PIE1            equ	3997	;# 
  1236   000F9E                     PIR1            equ	3998	;# 
  1237   000F9F                     IPR1            equ	3999	;# 
  1238   000FA0                     PIE2            equ	4000	;# 
  1239   000FA1                     PIR2            equ	4001	;# 
  1240   000FA2                     IPR2            equ	4002	;# 
  1241   000FA3                     PIE3            equ	4003	;# 
  1242   000FA4                     PIR3            equ	4004	;# 
  1243   000FA5                     IPR3            equ	4005	;# 
  1244   000FA6                     EECON1          equ	4006	;# 
  1245   000FA7                     EECON2          equ	4007	;# 
  1246   000FA8                     EEDATA          equ	4008	;# 
  1247   000FA9                     EEADR           equ	4009	;# 
  1248   000FAB                     RCSTA           equ	4011	;# 
  1249   000FAB                     RCSTA1          equ	4011	;# 
  1250   000FAC                     TXSTA           equ	4012	;# 
  1251   000FAC                     TXSTA1          equ	4012	;# 
  1252   000FAD                     TXREG           equ	4013	;# 
  1253   000FAD                     TXREG1          equ	4013	;# 
  1254   000FAE                     RCREG           equ	4014	;# 
  1255   000FAE                     RCREG1          equ	4014	;# 
  1256   000FAF                     SPBRG           equ	4015	;# 
  1257   000FAF                     SPBRG1          equ	4015	;# 
  1258   000FB0                     SPBRGH          equ	4016	;# 
  1259   000FB1                     T3CON           equ	4017	;# 
  1260   000FB2                     TMR3            equ	4018	;# 
  1261   000FB2                     TMR3L           equ	4018	;# 
  1262   000FB3                     TMR3H           equ	4019	;# 
  1263   000FB4                     CMCON           equ	4020	;# 
  1264   000FB5                     CVRCON          equ	4021	;# 
  1265   000FB6                     ECCP1AS         equ	4022	;# 
  1266   000FB7                     ECCP1DEL        equ	4023	;# 
  1267   000FB8                     BAUDCON         equ	4024	;# 
  1268   000FB8                     BAUDCTL         equ	4024	;# 
  1269   000FBA                     ECCP1CON        equ	4026	;# 
  1270   000FBB                     ECCPR1          equ	4027	;# 
  1271   000FBB                     ECCPR1L         equ	4027	;# 
  1272   000FBC                     ECCPR1H         equ	4028	;# 
  1273   000FBD                     CCP1CON         equ	4029	;# 
  1274   000FBE                     CCPR1           equ	4030	;# 
  1275   000FBE                     CCPR1L          equ	4030	;# 
  1276   000FBF                     CCPR1H          equ	4031	;# 
  1277   000FC0                     ADCON2          equ	4032	;# 
  1278   000FC1                     ADCON1          equ	4033	;# 
  1279   000FC2                     ADCON0          equ	4034	;# 
  1280   000FC3                     ADRES           equ	4035	;# 
  1281   000FC3                     ADRESL          equ	4035	;# 
  1282   000FC4                     ADRESH          equ	4036	;# 
  1283   000FC5                     SSPCON2         equ	4037	;# 
  1284   000FC6                     SSPCON1         equ	4038	;# 
  1285   000FC7                     SSPSTAT         equ	4039	;# 
  1286   000FC8                     SSPADD          equ	4040	;# 
  1287   000FC9                     SSPBUF          equ	4041	;# 
  1288   000FCA                     T2CON           equ	4042	;# 
  1289   000FCB                     PR2             equ	4043	;# 
  1290   000FCB                     MEMCON          equ	4043	;# 
  1291   000FCC                     TMR2            equ	4044	;# 
  1292   000FCD                     T1CON           equ	4045	;# 
  1293   000FCE                     TMR1            equ	4046	;# 
  1294   000FCE                     TMR1L           equ	4046	;# 
  1295   000FCF                     TMR1H           equ	4047	;# 
  1296   000FD0                     RCON            equ	4048	;# 
  1297   000FD1                     WDTCON          equ	4049	;# 
  1298   000FD2                     HLVDCON         equ	4050	;# 
  1299   000FD2                     LVDCON          equ	4050	;# 
  1300   000FD3                     OSCCON          equ	4051	;# 
  1301   000FD5                     T0CON           equ	4053	;# 
  1302   000FD6                     TMR0            equ	4054	;# 
  1303   000FD6                     TMR0L           equ	4054	;# 
  1304   000FD7                     TMR0H           equ	4055	;# 
  1305   000FD8                     STATUS          equ	4056	;# 
  1306   000FD9                     FSR2            equ	4057	;# 
  1307   000FD9                     FSR2L           equ	4057	;# 
  1308   000FDA                     FSR2H           equ	4058	;# 
  1309   000FDB                     PLUSW2          equ	4059	;# 
  1310   000FDC                     PREINC2         equ	4060	;# 
  1311   000FDD                     POSTDEC2        equ	4061	;# 
  1312   000FDE                     POSTINC2        equ	4062	;# 
  1313   000FDF                     INDF2           equ	4063	;# 
  1314   000FE0                     BSR             equ	4064	;# 
  1315   000FE1                     FSR1            equ	4065	;# 
  1316   000FE1                     FSR1L           equ	4065	;# 
  1317   000FE2                     FSR1H           equ	4066	;# 
  1318   000FE3                     PLUSW1          equ	4067	;# 
  1319   000FE4                     PREINC1         equ	4068	;# 
  1320   000FE5                     POSTDEC1        equ	4069	;# 
  1321   000FE6                     POSTINC1        equ	4070	;# 
  1322   000FE7                     INDF1           equ	4071	;# 
  1323   000FE8                     WREG            equ	4072	;# 
  1324   000FE9                     FSR0            equ	4073	;# 
  1325   000FE9                     FSR0L           equ	4073	;# 
  1326   000FEA                     FSR0H           equ	4074	;# 
  1327   000FEB                     PLUSW0          equ	4075	;# 
  1328   000FEC                     PREINC0         equ	4076	;# 
  1329   000FED                     POSTDEC0        equ	4077	;# 
  1330   000FEE                     POSTINC0        equ	4078	;# 
  1331   000FEF                     INDF0           equ	4079	;# 
  1332   000FF0                     INTCON3         equ	4080	;# 
  1333   000FF1                     INTCON2         equ	4081	;# 
  1334   000FF2                     INTCON          equ	4082	;# 
  1335   000FF3                     PROD            equ	4083	;# 
  1336   000FF3                     PRODL           equ	4083	;# 
  1337   000FF4                     PRODH           equ	4084	;# 
  1338   000FF5                     TABLAT          equ	4085	;# 
  1339   000FF6                     TBLPTR          equ	4086	;# 
  1340   000FF6                     TBLPTRL         equ	4086	;# 
  1341   000FF7                     TBLPTRH         equ	4087	;# 
  1342   000FF8                     TBLPTRU         equ	4088	;# 
  1343   000FF9                     PCLAT           equ	4089	;# 
  1344   000FF9                     PC              equ	4089	;# 
  1345   000FF9                     PCL             equ	4089	;# 
  1346   000FFA                     PCLATH          equ	4090	;# 
  1347   000FFB                     PCLATU          equ	4091	;# 
  1348   000FFC                     STKPTR          equ	4092	;# 
  1349   000FFD                     TOS             equ	4093	;# 
  1350   000FFD                     TOSL            equ	4093	;# 
  1351   000FFE                     TOSH            equ	4094	;# 
  1352   000FFF                     TOSU            equ	4095	;# 
  1353   000D60                     RXF6SIDH        equ	3424	;# 
  1354   000D61                     RXF6SIDL        equ	3425	;# 
  1355   000D62                     RXF6EIDH        equ	3426	;# 
  1356   000D63                     RXF6EIDL        equ	3427	;# 
  1357   000D64                     RXF7SIDH        equ	3428	;# 
  1358   000D65                     RXF7SIDL        equ	3429	;# 
  1359   000D66                     RXF7EIDH        equ	3430	;# 
  1360   000D67                     RXF7EIDL        equ	3431	;# 
  1361   000D68                     RXF8SIDH        equ	3432	;# 
  1362   000D69                     RXF8SIDL        equ	3433	;# 
  1363   000D6A                     RXF8EIDH        equ	3434	;# 
  1364   000D6B                     RXF8EIDL        equ	3435	;# 
  1365   000D70                     RXF9SIDH        equ	3440	;# 
  1366   000D71                     RXF9SIDL        equ	3441	;# 
  1367   000D72                     RXF9EIDH        equ	3442	;# 
  1368   000D73                     RXF9EIDL        equ	3443	;# 
  1369   000D74                     RXF10SIDH       equ	3444	;# 
  1370   000D75                     RXF10SIDL       equ	3445	;# 
  1371   000D76                     RXF10EIDH       equ	3446	;# 
  1372   000D77                     RXF10EIDL       equ	3447	;# 
  1373   000D78                     RXF11SIDH       equ	3448	;# 
  1374   000D79                     RXF11SIDL       equ	3449	;# 
  1375   000D7A                     RXF11EIDH       equ	3450	;# 
  1376   000D7B                     RXF11EIDL       equ	3451	;# 
  1377   000D80                     RXF12SIDH       equ	3456	;# 
  1378   000D81                     RXF12SIDL       equ	3457	;# 
  1379   000D82                     RXF12EIDH       equ	3458	;# 
  1380   000D83                     RXF12EIDL       equ	3459	;# 
  1381   000D84                     RXF13SIDH       equ	3460	;# 
  1382   000D85                     RXF13SIDL       equ	3461	;# 
  1383   000D86                     RXF13EIDH       equ	3462	;# 
  1384   000D87                     RXF13EIDL       equ	3463	;# 
  1385   000D88                     RXF14SIDH       equ	3464	;# 
  1386   000D89                     RXF14SIDL       equ	3465	;# 
  1387   000D8A                     RXF14EIDH       equ	3466	;# 
  1388   000D8B                     RXF14EIDL       equ	3467	;# 
  1389   000D90                     RXF15SIDH       equ	3472	;# 
  1390   000D91                     RXF15SIDL       equ	3473	;# 
  1391   000D92                     RXF15EIDH       equ	3474	;# 
  1392   000D93                     RXF15EIDL       equ	3475	;# 
  1393   000DD4                     RXFCON0         equ	3540	;# 
  1394   000DD5                     RXFCON1         equ	3541	;# 
  1395   000DD8                     SDFLC           equ	3544	;# 
  1396   000DE0                     RXFBCON0        equ	3552	;# 
  1397   000DE1                     RXFBCON1        equ	3553	;# 
  1398   000DE2                     RXFBCON2        equ	3554	;# 
  1399   000DE3                     RXFBCON3        equ	3555	;# 
  1400   000DE4                     RXFBCON4        equ	3556	;# 
  1401   000DE5                     RXFBCON5        equ	3557	;# 
  1402   000DE6                     RXFBCON6        equ	3558	;# 
  1403   000DE7                     RXFBCON7        equ	3559	;# 
  1404   000DF0                     MSEL0           equ	3568	;# 
  1405   000DF1                     MSEL1           equ	3569	;# 
  1406   000DF2                     MSEL2           equ	3570	;# 
  1407   000DF3                     MSEL3           equ	3571	;# 
  1408   000DF8                     BSEL0           equ	3576	;# 
  1409   000DFA                     BIE0            equ	3578	;# 
  1410   000DFC                     TXBIE           equ	3580	;# 
  1411   000E20                     B0CON           equ	3616	;# 
  1412   000E21                     B0SIDH          equ	3617	;# 
  1413   000E22                     B0SIDL          equ	3618	;# 
  1414   000E23                     B0EIDH          equ	3619	;# 
  1415   000E24                     B0EIDL          equ	3620	;# 
  1416   000E25                     B0DLC           equ	3621	;# 
  1417   000E26                     B0D0            equ	3622	;# 
  1418   000E27                     B0D1            equ	3623	;# 
  1419   000E28                     B0D2            equ	3624	;# 
  1420   000E29                     B0D3            equ	3625	;# 
  1421   000E2A                     B0D4            equ	3626	;# 
  1422   000E2B                     B0D5            equ	3627	;# 
  1423   000E2C                     B0D6            equ	3628	;# 
  1424   000E2D                     B0D7            equ	3629	;# 
  1425   000E2E                     CANSTAT_RO9     equ	3630	;# 
  1426   000E2F                     CANCON_RO9      equ	3631	;# 
  1427   000E30                     B1CON           equ	3632	;# 
  1428   000E31                     B1SIDH          equ	3633	;# 
  1429   000E32                     B1SIDL          equ	3634	;# 
  1430   000E33                     B1EIDH          equ	3635	;# 
  1431   000E34                     B1EIDL          equ	3636	;# 
  1432   000E35                     B1DLC           equ	3637	;# 
  1433   000E36                     B1D0            equ	3638	;# 
  1434   000E37                     B1D1            equ	3639	;# 
  1435   000E38                     B1D2            equ	3640	;# 
  1436   000E39                     B1D3            equ	3641	;# 
  1437   000E3A                     B1D4            equ	3642	;# 
  1438   000E3B                     B1D5            equ	3643	;# 
  1439   000E3C                     B1D6            equ	3644	;# 
  1440   000E3D                     B1D7            equ	3645	;# 
  1441   000E3E                     CANSTAT_RO8     equ	3646	;# 
  1442   000E3F                     CANCON_RO8      equ	3647	;# 
  1443   000E40                     B2CON           equ	3648	;# 
  1444   000E41                     B2SIDH          equ	3649	;# 
  1445   000E42                     B2SIDL          equ	3650	;# 
  1446   000E43                     B2EIDH          equ	3651	;# 
  1447   000E44                     B2EIDL          equ	3652	;# 
  1448   000E45                     B2DLC           equ	3653	;# 
  1449   000E46                     B2D0            equ	3654	;# 
  1450   000E47                     B2D1            equ	3655	;# 
  1451   000E48                     B2D2            equ	3656	;# 
  1452   000E49                     B2D3            equ	3657	;# 
  1453   000E4A                     B2D4            equ	3658	;# 
  1454   000E4B                     B2D5            equ	3659	;# 
  1455   000E4C                     B2D6            equ	3660	;# 
  1456   000E4D                     B2D7            equ	3661	;# 
  1457   000E4E                     CANSTAT_RO7     equ	3662	;# 
  1458   000E4F                     CANCON_RO7      equ	3663	;# 
  1459   000E50                     B3CON           equ	3664	;# 
  1460   000E51                     B3SIDH          equ	3665	;# 
  1461   000E52                     B3SIDL          equ	3666	;# 
  1462   000E53                     B3EIDH          equ	3667	;# 
  1463   000E54                     B3EIDL          equ	3668	;# 
  1464   000E55                     B3DLC           equ	3669	;# 
  1465   000E56                     B3D0            equ	3670	;# 
  1466   000E57                     B3D1            equ	3671	;# 
  1467   000E58                     B3D2            equ	3672	;# 
  1468   000E59                     B3D3            equ	3673	;# 
  1469   000E5A                     B3D4            equ	3674	;# 
  1470   000E5B                     B3D5            equ	3675	;# 
  1471   000E5C                     B3D6            equ	3676	;# 
  1472   000E5D                     B3D7            equ	3677	;# 
  1473   000E5E                     CANSTAT_RO6     equ	3678	;# 
  1474   000E5F                     CANCON_RO6      equ	3679	;# 
  1475   000E60                     B4CON           equ	3680	;# 
  1476   000E61                     B4SIDH          equ	3681	;# 
  1477   000E62                     B4SIDL          equ	3682	;# 
  1478   000E63                     B4EIDH          equ	3683	;# 
  1479   000E64                     B4EIDL          equ	3684	;# 
  1480   000E65                     B4DLC           equ	3685	;# 
  1481   000E66                     B4D0            equ	3686	;# 
  1482   000E67                     B4D1            equ	3687	;# 
  1483   000E68                     B4D2            equ	3688	;# 
  1484   000E69                     B4D3            equ	3689	;# 
  1485   000E6A                     B4D4            equ	3690	;# 
  1486   000E6B                     B4D5            equ	3691	;# 
  1487   000E6C                     B4D6            equ	3692	;# 
  1488   000E6D                     B4D7            equ	3693	;# 
  1489   000E6E                     CANSTAT_RO5     equ	3694	;# 
  1490   000E6F                     CANCON_RO5      equ	3695	;# 
  1491   000E70                     B5CON           equ	3696	;# 
  1492   000E71                     B5SIDH          equ	3697	;# 
  1493   000E72                     B5SIDL          equ	3698	;# 
  1494   000E73                     B5EIDH          equ	3699	;# 
  1495   000E74                     B5EIDL          equ	3700	;# 
  1496   000E75                     B5DLC           equ	3701	;# 
  1497   000E76                     B5D0            equ	3702	;# 
  1498   000E77                     B5D1            equ	3703	;# 
  1499   000E78                     B5D2            equ	3704	;# 
  1500   000E79                     B5D3            equ	3705	;# 
  1501   000E7A                     B5D4            equ	3706	;# 
  1502   000E7B                     B5D5            equ	3707	;# 
  1503   000E7C                     B5D6            equ	3708	;# 
  1504   000E7D                     B5D7            equ	3709	;# 
  1505   000E7E                     CANSTAT_RO4     equ	3710	;# 
  1506   000E7F                     CANCON_RO4      equ	3711	;# 
  1507   000F00                     RXF0SIDH        equ	3840	;# 
  1508   000F01                     RXF0SIDL        equ	3841	;# 
  1509   000F02                     RXF0EIDH        equ	3842	;# 
  1510   000F03                     RXF0EIDL        equ	3843	;# 
  1511   000F04                     RXF1SIDH        equ	3844	;# 
  1512   000F05                     RXF1SIDL        equ	3845	;# 
  1513   000F06                     RXF1EIDH        equ	3846	;# 
  1514   000F07                     RXF1EIDL        equ	3847	;# 
  1515   000F08                     RXF2SIDH        equ	3848	;# 
  1516   000F09                     RXF2SIDL        equ	3849	;# 
  1517   000F0A                     RXF2EIDH        equ	3850	;# 
  1518   000F0B                     RXF2EIDL        equ	3851	;# 
  1519   000F0C                     RXF3SIDH        equ	3852	;# 
  1520   000F0D                     RXF3SIDL        equ	3853	;# 
  1521   000F0E                     RXF3EIDH        equ	3854	;# 
  1522   000F0F                     RXF3EIDL        equ	3855	;# 
  1523   000F10                     RXF4SIDH        equ	3856	;# 
  1524   000F11                     RXF4SIDL        equ	3857	;# 
  1525   000F12                     RXF4EIDH        equ	3858	;# 
  1526   000F13                     RXF4EIDL        equ	3859	;# 
  1527   000F14                     RXF5SIDH        equ	3860	;# 
  1528   000F15                     RXF5SIDL        equ	3861	;# 
  1529   000F16                     RXF5EIDH        equ	3862	;# 
  1530   000F17                     RXF5EIDL        equ	3863	;# 
  1531   000F18                     RXM0SIDH        equ	3864	;# 
  1532   000F19                     RXM0SIDL        equ	3865	;# 
  1533   000F1A                     RXM0EIDH        equ	3866	;# 
  1534   000F1B                     RXM0EIDL        equ	3867	;# 
  1535   000F1C                     RXM1SIDH        equ	3868	;# 
  1536   000F1D                     RXM1SIDL        equ	3869	;# 
  1537   000F1E                     RXM1EIDH        equ	3870	;# 
  1538   000F1F                     RXM1EIDL        equ	3871	;# 
  1539   000F20                     TXB2CON         equ	3872	;# 
  1540   000F21                     TXB2SIDH        equ	3873	;# 
  1541   000F22                     TXB2SIDL        equ	3874	;# 
  1542   000F23                     TXB2EIDH        equ	3875	;# 
  1543   000F24                     TXB2EIDL        equ	3876	;# 
  1544   000F25                     TXB2DLC         equ	3877	;# 
  1545   000F26                     TXB2D0          equ	3878	;# 
  1546   000F27                     TXB2D1          equ	3879	;# 
  1547   000F28                     TXB2D2          equ	3880	;# 
  1548   000F29                     TXB2D3          equ	3881	;# 
  1549   000F2A                     TXB2D4          equ	3882	;# 
  1550   000F2B                     TXB2D5          equ	3883	;# 
  1551   000F2C                     TXB2D6          equ	3884	;# 
  1552   000F2D                     TXB2D7          equ	3885	;# 
  1553   000F2E                     CANSTAT_RO3     equ	3886	;# 
  1554   000F2F                     CANCON_RO3      equ	3887	;# 
  1555   000F30                     TXB1CON         equ	3888	;# 
  1556   000F31                     TXB1SIDH        equ	3889	;# 
  1557   000F32                     TXB1SIDL        equ	3890	;# 
  1558   000F33                     TXB1EIDH        equ	3891	;# 
  1559   000F34                     TXB1EIDL        equ	3892	;# 
  1560   000F35                     TXB1DLC         equ	3893	;# 
  1561   000F36                     TXB1D0          equ	3894	;# 
  1562   000F37                     TXB1D1          equ	3895	;# 
  1563   000F38                     TXB1D2          equ	3896	;# 
  1564   000F39                     TXB1D3          equ	3897	;# 
  1565   000F3A                     TXB1D4          equ	3898	;# 
  1566   000F3B                     TXB1D5          equ	3899	;# 
  1567   000F3C                     TXB1D6          equ	3900	;# 
  1568   000F3D                     TXB1D7          equ	3901	;# 
  1569   000F3E                     CANSTAT_RO2     equ	3902	;# 
  1570   000F3F                     CANCON_RO2      equ	3903	;# 
  1571   000F40                     TXB0CON         equ	3904	;# 
  1572   000F41                     TXB0SIDH        equ	3905	;# 
  1573   000F42                     TXB0SIDL        equ	3906	;# 
  1574   000F43                     TXB0EIDH        equ	3907	;# 
  1575   000F44                     TXB0EIDL        equ	3908	;# 
  1576   000F45                     TXB0DLC         equ	3909	;# 
  1577   000F46                     TXB0D0          equ	3910	;# 
  1578   000F47                     TXB0D1          equ	3911	;# 
  1579   000F48                     TXB0D2          equ	3912	;# 
  1580   000F49                     TXB0D3          equ	3913	;# 
  1581   000F4A                     TXB0D4          equ	3914	;# 
  1582   000F4B                     TXB0D5          equ	3915	;# 
  1583   000F4C                     TXB0D6          equ	3916	;# 
  1584   000F4D                     TXB0D7          equ	3917	;# 
  1585   000F4E                     CANSTAT_RO1     equ	3918	;# 
  1586   000F4F                     CANCON_RO1      equ	3919	;# 
  1587   000F50                     RXB1CON         equ	3920	;# 
  1588   000F51                     RXB1SIDH        equ	3921	;# 
  1589   000F52                     RXB1SIDL        equ	3922	;# 
  1590   000F53                     RXB1EIDH        equ	3923	;# 
  1591   000F54                     RXB1EIDL        equ	3924	;# 
  1592   000F55                     RXB1DLC         equ	3925	;# 
  1593   000F56                     RXB1D0          equ	3926	;# 
  1594   000F57                     RXB1D1          equ	3927	;# 
  1595   000F58                     RXB1D2          equ	3928	;# 
  1596   000F59                     RXB1D3          equ	3929	;# 
  1597   000F5A                     RXB1D4          equ	3930	;# 
  1598   000F5B                     RXB1D5          equ	3931	;# 
  1599   000F5C                     RXB1D6          equ	3932	;# 
  1600   000F5D                     RXB1D7          equ	3933	;# 
  1601   000F5E                     CANSTAT_RO0     equ	3934	;# 
  1602   000F5F                     CANCON_RO0      equ	3935	;# 
  1603   000F60                     RXB0CON         equ	3936	;# 
  1604   000F61                     RXB0SIDH        equ	3937	;# 
  1605   000F62                     RXB0SIDL        equ	3938	;# 
  1606   000F63                     RXB0EIDH        equ	3939	;# 
  1607   000F64                     RXB0EIDL        equ	3940	;# 
  1608   000F65                     RXB0DLC         equ	3941	;# 
  1609   000F66                     RXB0D0          equ	3942	;# 
  1610   000F67                     RXB0D1          equ	3943	;# 
  1611   000F68                     RXB0D2          equ	3944	;# 
  1612   000F69                     RXB0D3          equ	3945	;# 
  1613   000F6A                     RXB0D4          equ	3946	;# 
  1614   000F6B                     RXB0D5          equ	3947	;# 
  1615   000F6C                     RXB0D6          equ	3948	;# 
  1616   000F6D                     RXB0D7          equ	3949	;# 
  1617   000F6E                     CANSTAT         equ	3950	;# 
  1618   000F6F                     CANCON          equ	3951	;# 
  1619   000F70                     BRGCON1         equ	3952	;# 
  1620   000F71                     BRGCON2         equ	3953	;# 
  1621   000F72                     BRGCON3         equ	3954	;# 
  1622   000F73                     CIOCON          equ	3955	;# 
  1623   000F74                     COMSTAT         equ	3956	;# 
  1624   000F75                     RXERRCNT        equ	3957	;# 
  1625   000F76                     TXERRCNT        equ	3958	;# 
  1626   000F77                     ECANCON         equ	3959	;# 
  1627   000F80                     PORTA           equ	3968	;# 
  1628   000F81                     PORTB           equ	3969	;# 
  1629   000F82                     PORTC           equ	3970	;# 
  1630   000F83                     PORTD           equ	3971	;# 
  1631   000F84                     PORTE           equ	3972	;# 
  1632   000F89                     LATA            equ	3977	;# 
  1633   000F8A                     LATB            equ	3978	;# 
  1634   000F8B                     LATC            equ	3979	;# 
  1635   000F8C                     LATD            equ	3980	;# 
  1636   000F8D                     LATE            equ	3981	;# 
  1637   000F92                     TRISA           equ	3986	;# 
  1638   000F92                     DDRA            equ	3986	;# 
  1639   000F93                     TRISB           equ	3987	;# 
  1640   000F93                     DDRB            equ	3987	;# 
  1641   000F94                     TRISC           equ	3988	;# 
  1642   000F94                     DDRC            equ	3988	;# 
  1643   000F95                     TRISD           equ	3989	;# 
  1644   000F95                     DDRD            equ	3989	;# 
  1645   000F96                     TRISE           equ	3990	;# 
  1646   000F96                     DDRE            equ	3990	;# 
  1647   000F9B                     OSCTUNE         equ	3995	;# 
  1648   000F9D                     PIE1            equ	3997	;# 
  1649   000F9E                     PIR1            equ	3998	;# 
  1650   000F9F                     IPR1            equ	3999	;# 
  1651   000FA0                     PIE2            equ	4000	;# 
  1652   000FA1                     PIR2            equ	4001	;# 
  1653   000FA2                     IPR2            equ	4002	;# 
  1654   000FA3                     PIE3            equ	4003	;# 
  1655   000FA4                     PIR3            equ	4004	;# 
  1656   000FA5                     IPR3            equ	4005	;# 
  1657   000FA6                     EECON1          equ	4006	;# 
  1658   000FA7                     EECON2          equ	4007	;# 
  1659   000FA8                     EEDATA          equ	4008	;# 
  1660   000FA9                     EEADR           equ	4009	;# 
  1661   000FAB                     RCSTA           equ	4011	;# 
  1662   000FAB                     RCSTA1          equ	4011	;# 
  1663   000FAC                     TXSTA           equ	4012	;# 
  1664   000FAC                     TXSTA1          equ	4012	;# 
  1665   000FAD                     TXREG           equ	4013	;# 
  1666   000FAD                     TXREG1          equ	4013	;# 
  1667   000FAE                     RCREG           equ	4014	;# 
  1668   000FAE                     RCREG1          equ	4014	;# 
  1669   000FAF                     SPBRG           equ	4015	;# 
  1670   000FAF                     SPBRG1          equ	4015	;# 
  1671   000FB0                     SPBRGH          equ	4016	;# 
  1672   000FB1                     T3CON           equ	4017	;# 
  1673   000FB2                     TMR3            equ	4018	;# 
  1674   000FB2                     TMR3L           equ	4018	;# 
  1675   000FB3                     TMR3H           equ	4019	;# 
  1676   000FB4                     CMCON           equ	4020	;# 
  1677   000FB5                     CVRCON          equ	4021	;# 
  1678   000FB6                     ECCP1AS         equ	4022	;# 
  1679   000FB7                     ECCP1DEL        equ	4023	;# 
  1680   000FB8                     BAUDCON         equ	4024	;# 
  1681   000FB8                     BAUDCTL         equ	4024	;# 
  1682   000FBA                     ECCP1CON        equ	4026	;# 
  1683   000FBB                     ECCPR1          equ	4027	;# 
  1684   000FBB                     ECCPR1L         equ	4027	;# 
  1685   000FBC                     ECCPR1H         equ	4028	;# 
  1686   000FBD                     CCP1CON         equ	4029	;# 
  1687   000FBE                     CCPR1           equ	4030	;# 
  1688   000FBE                     CCPR1L          equ	4030	;# 
  1689   000FBF                     CCPR1H          equ	4031	;# 
  1690   000FC0                     ADCON2          equ	4032	;# 
  1691   000FC1                     ADCON1          equ	4033	;# 
  1692   000FC2                     ADCON0          equ	4034	;# 
  1693   000FC3                     ADRES           equ	4035	;# 
  1694   000FC3                     ADRESL          equ	4035	;# 
  1695   000FC4                     ADRESH          equ	4036	;# 
  1696   000FC5                     SSPCON2         equ	4037	;# 
  1697   000FC6                     SSPCON1         equ	4038	;# 
  1698   000FC7                     SSPSTAT         equ	4039	;# 
  1699   000FC8                     SSPADD          equ	4040	;# 
  1700   000FC9                     SSPBUF          equ	4041	;# 
  1701   000FCA                     T2CON           equ	4042	;# 
  1702   000FCB                     PR2             equ	4043	;# 
  1703   000FCB                     MEMCON          equ	4043	;# 
  1704   000FCC                     TMR2            equ	4044	;# 
  1705   000FCD                     T1CON           equ	4045	;# 
  1706   000FCE                     TMR1            equ	4046	;# 
  1707   000FCE                     TMR1L           equ	4046	;# 
  1708   000FCF                     TMR1H           equ	4047	;# 
  1709   000FD0                     RCON            equ	4048	;# 
  1710   000FD1                     WDTCON          equ	4049	;# 
  1711   000FD2                     HLVDCON         equ	4050	;# 
  1712   000FD2                     LVDCON          equ	4050	;# 
  1713   000FD3                     OSCCON          equ	4051	;# 
  1714   000FD5                     T0CON           equ	4053	;# 
  1715   000FD6                     TMR0            equ	4054	;# 
  1716   000FD6                     TMR0L           equ	4054	;# 
  1717   000FD7                     TMR0H           equ	4055	;# 
  1718   000FD8                     STATUS          equ	4056	;# 
  1719   000FD9                     FSR2            equ	4057	;# 
  1720   000FD9                     FSR2L           equ	4057	;# 
  1721   000FDA                     FSR2H           equ	4058	;# 
  1722   000FDB                     PLUSW2          equ	4059	;# 
  1723   000FDC                     PREINC2         equ	4060	;# 
  1724   000FDD                     POSTDEC2        equ	4061	;# 
  1725   000FDE                     POSTINC2        equ	4062	;# 
  1726   000FDF                     INDF2           equ	4063	;# 
  1727   000FE0                     BSR             equ	4064	;# 
  1728   000FE1                     FSR1            equ	4065	;# 
  1729   000FE1                     FSR1L           equ	4065	;# 
  1730   000FE2                     FSR1H           equ	4066	;# 
  1731   000FE3                     PLUSW1          equ	4067	;# 
  1732   000FE4                     PREINC1         equ	4068	;# 
  1733   000FE5                     POSTDEC1        equ	4069	;# 
  1734   000FE6                     POSTINC1        equ	4070	;# 
  1735   000FE7                     INDF1           equ	4071	;# 
  1736   000FE8                     WREG            equ	4072	;# 
  1737   000FE9                     FSR0            equ	4073	;# 
  1738   000FE9                     FSR0L           equ	4073	;# 
  1739   000FEA                     FSR0H           equ	4074	;# 
  1740   000FEB                     PLUSW0          equ	4075	;# 
  1741   000FEC                     PREINC0         equ	4076	;# 
  1742   000FED                     POSTDEC0        equ	4077	;# 
  1743   000FEE                     POSTINC0        equ	4078	;# 
  1744   000FEF                     INDF0           equ	4079	;# 
  1745   000FF0                     INTCON3         equ	4080	;# 
  1746   000FF1                     INTCON2         equ	4081	;# 
  1747   000FF2                     INTCON          equ	4082	;# 
  1748   000FF3                     PROD            equ	4083	;# 
  1749   000FF3                     PRODL           equ	4083	;# 
  1750   000FF4                     PRODH           equ	4084	;# 
  1751   000FF5                     TABLAT          equ	4085	;# 
  1752   000FF6                     TBLPTR          equ	4086	;# 
  1753   000FF6                     TBLPTRL         equ	4086	;# 
  1754   000FF7                     TBLPTRH         equ	4087	;# 
  1755   000FF8                     TBLPTRU         equ	4088	;# 
  1756   000FF9                     PCLAT           equ	4089	;# 
  1757   000FF9                     PC              equ	4089	;# 
  1758   000FF9                     PCL             equ	4089	;# 
  1759   000FFA                     PCLATH          equ	4090	;# 
  1760   000FFB                     PCLATU          equ	4091	;# 
  1761   000FFC                     STKPTR          equ	4092	;# 
  1762   000FFD                     TOS             equ	4093	;# 
  1763   000FFD                     TOSL            equ	4093	;# 
  1764   000FFE                     TOSH            equ	4094	;# 
  1765   000FFF                     TOSU            equ	4095	;# 
  1766   000D60                     RXF6SIDH        equ	3424	;# 
  1767   000D61                     RXF6SIDL        equ	3425	;# 
  1768   000D62                     RXF6EIDH        equ	3426	;# 
  1769   000D63                     RXF6EIDL        equ	3427	;# 
  1770   000D64                     RXF7SIDH        equ	3428	;# 
  1771   000D65                     RXF7SIDL        equ	3429	;# 
  1772   000D66                     RXF7EIDH        equ	3430	;# 
  1773   000D67                     RXF7EIDL        equ	3431	;# 
  1774   000D68                     RXF8SIDH        equ	3432	;# 
  1775   000D69                     RXF8SIDL        equ	3433	;# 
  1776   000D6A                     RXF8EIDH        equ	3434	;# 
  1777   000D6B                     RXF8EIDL        equ	3435	;# 
  1778   000D70                     RXF9SIDH        equ	3440	;# 
  1779   000D71                     RXF9SIDL        equ	3441	;# 
  1780   000D72                     RXF9EIDH        equ	3442	;# 
  1781   000D73                     RXF9EIDL        equ	3443	;# 
  1782   000D74                     RXF10SIDH       equ	3444	;# 
  1783   000D75                     RXF10SIDL       equ	3445	;# 
  1784   000D76                     RXF10EIDH       equ	3446	;# 
  1785   000D77                     RXF10EIDL       equ	3447	;# 
  1786   000D78                     RXF11SIDH       equ	3448	;# 
  1787   000D79                     RXF11SIDL       equ	3449	;# 
  1788   000D7A                     RXF11EIDH       equ	3450	;# 
  1789   000D7B                     RXF11EIDL       equ	3451	;# 
  1790   000D80                     RXF12SIDH       equ	3456	;# 
  1791   000D81                     RXF12SIDL       equ	3457	;# 
  1792   000D82                     RXF12EIDH       equ	3458	;# 
  1793   000D83                     RXF12EIDL       equ	3459	;# 
  1794   000D84                     RXF13SIDH       equ	3460	;# 
  1795   000D85                     RXF13SIDL       equ	3461	;# 
  1796   000D86                     RXF13EIDH       equ	3462	;# 
  1797   000D87                     RXF13EIDL       equ	3463	;# 
  1798   000D88                     RXF14SIDH       equ	3464	;# 
  1799   000D89                     RXF14SIDL       equ	3465	;# 
  1800   000D8A                     RXF14EIDH       equ	3466	;# 
  1801   000D8B                     RXF14EIDL       equ	3467	;# 
  1802   000D90                     RXF15SIDH       equ	3472	;# 
  1803   000D91                     RXF15SIDL       equ	3473	;# 
  1804   000D92                     RXF15EIDH       equ	3474	;# 
  1805   000D93                     RXF15EIDL       equ	3475	;# 
  1806   000DD4                     RXFCON0         equ	3540	;# 
  1807   000DD5                     RXFCON1         equ	3541	;# 
  1808   000DD8                     SDFLC           equ	3544	;# 
  1809   000DE0                     RXFBCON0        equ	3552	;# 
  1810   000DE1                     RXFBCON1        equ	3553	;# 
  1811   000DE2                     RXFBCON2        equ	3554	;# 
  1812   000DE3                     RXFBCON3        equ	3555	;# 
  1813   000DE4                     RXFBCON4        equ	3556	;# 
  1814   000DE5                     RXFBCON5        equ	3557	;# 
  1815   000DE6                     RXFBCON6        equ	3558	;# 
  1816   000DE7                     RXFBCON7        equ	3559	;# 
  1817   000DF0                     MSEL0           equ	3568	;# 
  1818   000DF1                     MSEL1           equ	3569	;# 
  1819   000DF2                     MSEL2           equ	3570	;# 
  1820   000DF3                     MSEL3           equ	3571	;# 
  1821   000DF8                     BSEL0           equ	3576	;# 
  1822   000DFA                     BIE0            equ	3578	;# 
  1823   000DFC                     TXBIE           equ	3580	;# 
  1824   000E20                     B0CON           equ	3616	;# 
  1825   000E21                     B0SIDH          equ	3617	;# 
  1826   000E22                     B0SIDL          equ	3618	;# 
  1827   000E23                     B0EIDH          equ	3619	;# 
  1828   000E24                     B0EIDL          equ	3620	;# 
  1829   000E25                     B0DLC           equ	3621	;# 
  1830   000E26                     B0D0            equ	3622	;# 
  1831   000E27                     B0D1            equ	3623	;# 
  1832   000E28                     B0D2            equ	3624	;# 
  1833   000E29                     B0D3            equ	3625	;# 
  1834   000E2A                     B0D4            equ	3626	;# 
  1835   000E2B                     B0D5            equ	3627	;# 
  1836   000E2C                     B0D6            equ	3628	;# 
  1837   000E2D                     B0D7            equ	3629	;# 
  1838   000E2E                     CANSTAT_RO9     equ	3630	;# 
  1839   000E2F                     CANCON_RO9      equ	3631	;# 
  1840   000E30                     B1CON           equ	3632	;# 
  1841   000E31                     B1SIDH          equ	3633	;# 
  1842   000E32                     B1SIDL          equ	3634	;# 
  1843   000E33                     B1EIDH          equ	3635	;# 
  1844   000E34                     B1EIDL          equ	3636	;# 
  1845   000E35                     B1DLC           equ	3637	;# 
  1846   000E36                     B1D0            equ	3638	;# 
  1847   000E37                     B1D1            equ	3639	;# 
  1848   000E38                     B1D2            equ	3640	;# 
  1849   000E39                     B1D3            equ	3641	;# 
  1850   000E3A                     B1D4            equ	3642	;# 
  1851   000E3B                     B1D5            equ	3643	;# 
  1852   000E3C                     B1D6            equ	3644	;# 
  1853   000E3D                     B1D7            equ	3645	;# 
  1854   000E3E                     CANSTAT_RO8     equ	3646	;# 
  1855   000E3F                     CANCON_RO8      equ	3647	;# 
  1856   000E40                     B2CON           equ	3648	;# 
  1857   000E41                     B2SIDH          equ	3649	;# 
  1858   000E42                     B2SIDL          equ	3650	;# 
  1859   000E43                     B2EIDH          equ	3651	;# 
  1860   000E44                     B2EIDL          equ	3652	;# 
  1861   000E45                     B2DLC           equ	3653	;# 
  1862   000E46                     B2D0            equ	3654	;# 
  1863   000E47                     B2D1            equ	3655	;# 
  1864   000E48                     B2D2            equ	3656	;# 
  1865   000E49                     B2D3            equ	3657	;# 
  1866   000E4A                     B2D4            equ	3658	;# 
  1867   000E4B                     B2D5            equ	3659	;# 
  1868   000E4C                     B2D6            equ	3660	;# 
  1869   000E4D                     B2D7            equ	3661	;# 
  1870   000E4E                     CANSTAT_RO7     equ	3662	;# 
  1871   000E4F                     CANCON_RO7      equ	3663	;# 
  1872   000E50                     B3CON           equ	3664	;# 
  1873   000E51                     B3SIDH          equ	3665	;# 
  1874   000E52                     B3SIDL          equ	3666	;# 
  1875   000E53                     B3EIDH          equ	3667	;# 
  1876   000E54                     B3EIDL          equ	3668	;# 
  1877   000E55                     B3DLC           equ	3669	;# 
  1878   000E56                     B3D0            equ	3670	;# 
  1879   000E57                     B3D1            equ	3671	;# 
  1880   000E58                     B3D2            equ	3672	;# 
  1881   000E59                     B3D3            equ	3673	;# 
  1882   000E5A                     B3D4            equ	3674	;# 
  1883   000E5B                     B3D5            equ	3675	;# 
  1884   000E5C                     B3D6            equ	3676	;# 
  1885   000E5D                     B3D7            equ	3677	;# 
  1886   000E5E                     CANSTAT_RO6     equ	3678	;# 
  1887   000E5F                     CANCON_RO6      equ	3679	;# 
  1888   000E60                     B4CON           equ	3680	;# 
  1889   000E61                     B4SIDH          equ	3681	;# 
  1890   000E62                     B4SIDL          equ	3682	;# 
  1891   000E63                     B4EIDH          equ	3683	;# 
  1892   000E64                     B4EIDL          equ	3684	;# 
  1893   000E65                     B4DLC           equ	3685	;# 
  1894   000E66                     B4D0            equ	3686	;# 
  1895   000E67                     B4D1            equ	3687	;# 
  1896   000E68                     B4D2            equ	3688	;# 
  1897   000E69                     B4D3            equ	3689	;# 
  1898   000E6A                     B4D4            equ	3690	;# 
  1899   000E6B                     B4D5            equ	3691	;# 
  1900   000E6C                     B4D6            equ	3692	;# 
  1901   000E6D                     B4D7            equ	3693	;# 
  1902   000E6E                     CANSTAT_RO5     equ	3694	;# 
  1903   000E6F                     CANCON_RO5      equ	3695	;# 
  1904   000E70                     B5CON           equ	3696	;# 
  1905   000E71                     B5SIDH          equ	3697	;# 
  1906   000E72                     B5SIDL          equ	3698	;# 
  1907   000E73                     B5EIDH          equ	3699	;# 
  1908   000E74                     B5EIDL          equ	3700	;# 
  1909   000E75                     B5DLC           equ	3701	;# 
  1910   000E76                     B5D0            equ	3702	;# 
  1911   000E77                     B5D1            equ	3703	;# 
  1912   000E78                     B5D2            equ	3704	;# 
  1913   000E79                     B5D3            equ	3705	;# 
  1914   000E7A                     B5D4            equ	3706	;# 
  1915   000E7B                     B5D5            equ	3707	;# 
  1916   000E7C                     B5D6            equ	3708	;# 
  1917   000E7D                     B5D7            equ	3709	;# 
  1918   000E7E                     CANSTAT_RO4     equ	3710	;# 
  1919   000E7F                     CANCON_RO4      equ	3711	;# 
  1920   000F00                     RXF0SIDH        equ	3840	;# 
  1921   000F01                     RXF0SIDL        equ	3841	;# 
  1922   000F02                     RXF0EIDH        equ	3842	;# 
  1923   000F03                     RXF0EIDL        equ	3843	;# 
  1924   000F04                     RXF1SIDH        equ	3844	;# 
  1925   000F05                     RXF1SIDL        equ	3845	;# 
  1926   000F06                     RXF1EIDH        equ	3846	;# 
  1927   000F07                     RXF1EIDL        equ	3847	;# 
  1928   000F08                     RXF2SIDH        equ	3848	;# 
  1929   000F09                     RXF2SIDL        equ	3849	;# 
  1930   000F0A                     RXF2EIDH        equ	3850	;# 
  1931   000F0B                     RXF2EIDL        equ	3851	;# 
  1932   000F0C                     RXF3SIDH        equ	3852	;# 
  1933   000F0D                     RXF3SIDL        equ	3853	;# 
  1934   000F0E                     RXF3EIDH        equ	3854	;# 
  1935   000F0F                     RXF3EIDL        equ	3855	;# 
  1936   000F10                     RXF4SIDH        equ	3856	;# 
  1937   000F11                     RXF4SIDL        equ	3857	;# 
  1938   000F12                     RXF4EIDH        equ	3858	;# 
  1939   000F13                     RXF4EIDL        equ	3859	;# 
  1940   000F14                     RXF5SIDH        equ	3860	;# 
  1941   000F15                     RXF5SIDL        equ	3861	;# 
  1942   000F16                     RXF5EIDH        equ	3862	;# 
  1943   000F17                     RXF5EIDL        equ	3863	;# 
  1944   000F18                     RXM0SIDH        equ	3864	;# 
  1945   000F19                     RXM0SIDL        equ	3865	;# 
  1946   000F1A                     RXM0EIDH        equ	3866	;# 
  1947   000F1B                     RXM0EIDL        equ	3867	;# 
  1948   000F1C                     RXM1SIDH        equ	3868	;# 
  1949   000F1D                     RXM1SIDL        equ	3869	;# 
  1950   000F1E                     RXM1EIDH        equ	3870	;# 
  1951   000F1F                     RXM1EIDL        equ	3871	;# 
  1952   000F20                     TXB2CON         equ	3872	;# 
  1953   000F21                     TXB2SIDH        equ	3873	;# 
  1954   000F22                     TXB2SIDL        equ	3874	;# 
  1955   000F23                     TXB2EIDH        equ	3875	;# 
  1956   000F24                     TXB2EIDL        equ	3876	;# 
  1957   000F25                     TXB2DLC         equ	3877	;# 
  1958   000F26                     TXB2D0          equ	3878	;# 
  1959   000F27                     TXB2D1          equ	3879	;# 
  1960   000F28                     TXB2D2          equ	3880	;# 
  1961   000F29                     TXB2D3          equ	3881	;# 
  1962   000F2A                     TXB2D4          equ	3882	;# 
  1963   000F2B                     TXB2D5          equ	3883	;# 
  1964   000F2C                     TXB2D6          equ	3884	;# 
  1965   000F2D                     TXB2D7          equ	3885	;# 
  1966   000F2E                     CANSTAT_RO3     equ	3886	;# 
  1967   000F2F                     CANCON_RO3      equ	3887	;# 
  1968   000F30                     TXB1CON         equ	3888	;# 
  1969   000F31                     TXB1SIDH        equ	3889	;# 
  1970   000F32                     TXB1SIDL        equ	3890	;# 
  1971   000F33                     TXB1EIDH        equ	3891	;# 
  1972   000F34                     TXB1EIDL        equ	3892	;# 
  1973   000F35                     TXB1DLC         equ	3893	;# 
  1974   000F36                     TXB1D0          equ	3894	;# 
  1975   000F37                     TXB1D1          equ	3895	;# 
  1976   000F38                     TXB1D2          equ	3896	;# 
  1977   000F39                     TXB1D3          equ	3897	;# 
  1978   000F3A                     TXB1D4          equ	3898	;# 
  1979   000F3B                     TXB1D5          equ	3899	;# 
  1980   000F3C                     TXB1D6          equ	3900	;# 
  1981   000F3D                     TXB1D7          equ	3901	;# 
  1982   000F3E                     CANSTAT_RO2     equ	3902	;# 
  1983   000F3F                     CANCON_RO2      equ	3903	;# 
  1984   000F40                     TXB0CON         equ	3904	;# 
  1985   000F41                     TXB0SIDH        equ	3905	;# 
  1986   000F42                     TXB0SIDL        equ	3906	;# 
  1987   000F43                     TXB0EIDH        equ	3907	;# 
  1988   000F44                     TXB0EIDL        equ	3908	;# 
  1989   000F45                     TXB0DLC         equ	3909	;# 
  1990   000F46                     TXB0D0          equ	3910	;# 
  1991   000F47                     TXB0D1          equ	3911	;# 
  1992   000F48                     TXB0D2          equ	3912	;# 
  1993   000F49                     TXB0D3          equ	3913	;# 
  1994   000F4A                     TXB0D4          equ	3914	;# 
  1995   000F4B                     TXB0D5          equ	3915	;# 
  1996   000F4C                     TXB0D6          equ	3916	;# 
  1997   000F4D                     TXB0D7          equ	3917	;# 
  1998   000F4E                     CANSTAT_RO1     equ	3918	;# 
  1999   000F4F                     CANCON_RO1      equ	3919	;# 
  2000   000F50                     RXB1CON         equ	3920	;# 
  2001   000F51                     RXB1SIDH        equ	3921	;# 
  2002   000F52                     RXB1SIDL        equ	3922	;# 
  2003   000F53                     RXB1EIDH        equ	3923	;# 
  2004   000F54                     RXB1EIDL        equ	3924	;# 
  2005   000F55                     RXB1DLC         equ	3925	;# 
  2006   000F56                     RXB1D0          equ	3926	;# 
  2007   000F57                     RXB1D1          equ	3927	;# 
  2008   000F58                     RXB1D2          equ	3928	;# 
  2009   000F59                     RXB1D3          equ	3929	;# 
  2010   000F5A                     RXB1D4          equ	3930	;# 
  2011   000F5B                     RXB1D5          equ	3931	;# 
  2012   000F5C                     RXB1D6          equ	3932	;# 
  2013   000F5D                     RXB1D7          equ	3933	;# 
  2014   000F5E                     CANSTAT_RO0     equ	3934	;# 
  2015   000F5F                     CANCON_RO0      equ	3935	;# 
  2016   000F60                     RXB0CON         equ	3936	;# 
  2017   000F61                     RXB0SIDH        equ	3937	;# 
  2018   000F62                     RXB0SIDL        equ	3938	;# 
  2019   000F63                     RXB0EIDH        equ	3939	;# 
  2020   000F64                     RXB0EIDL        equ	3940	;# 
  2021   000F65                     RXB0DLC         equ	3941	;# 
  2022   000F66                     RXB0D0          equ	3942	;# 
  2023   000F67                     RXB0D1          equ	3943	;# 
  2024   000F68                     RXB0D2          equ	3944	;# 
  2025   000F69                     RXB0D3          equ	3945	;# 
  2026   000F6A                     RXB0D4          equ	3946	;# 
  2027   000F6B                     RXB0D5          equ	3947	;# 
  2028   000F6C                     RXB0D6          equ	3948	;# 
  2029   000F6D                     RXB0D7          equ	3949	;# 
  2030   000F6E                     CANSTAT         equ	3950	;# 
  2031   000F6F                     CANCON          equ	3951	;# 
  2032   000F70                     BRGCON1         equ	3952	;# 
  2033   000F71                     BRGCON2         equ	3953	;# 
  2034   000F72                     BRGCON3         equ	3954	;# 
  2035   000F73                     CIOCON          equ	3955	;# 
  2036   000F74                     COMSTAT         equ	3956	;# 
  2037   000F75                     RXERRCNT        equ	3957	;# 
  2038   000F76                     TXERRCNT        equ	3958	;# 
  2039   000F77                     ECANCON         equ	3959	;# 
  2040   000F80                     PORTA           equ	3968	;# 
  2041   000F81                     PORTB           equ	3969	;# 
  2042   000F82                     PORTC           equ	3970	;# 
  2043   000F83                     PORTD           equ	3971	;# 
  2044   000F84                     PORTE           equ	3972	;# 
  2045   000F89                     LATA            equ	3977	;# 
  2046   000F8A                     LATB            equ	3978	;# 
  2047   000F8B                     LATC            equ	3979	;# 
  2048   000F8C                     LATD            equ	3980	;# 
  2049   000F8D                     LATE            equ	3981	;# 
  2050   000F92                     TRISA           equ	3986	;# 
  2051   000F92                     DDRA            equ	3986	;# 
  2052   000F93                     TRISB           equ	3987	;# 
  2053   000F93                     DDRB            equ	3987	;# 
  2054   000F94                     TRISC           equ	3988	;# 
  2055   000F94                     DDRC            equ	3988	;# 
  2056   000F95                     TRISD           equ	3989	;# 
  2057   000F95                     DDRD            equ	3989	;# 
  2058   000F96                     TRISE           equ	3990	;# 
  2059   000F96                     DDRE            equ	3990	;# 
  2060   000F9B                     OSCTUNE         equ	3995	;# 
  2061   000F9D                     PIE1            equ	3997	;# 
  2062   000F9E                     PIR1            equ	3998	;# 
  2063   000F9F                     IPR1            equ	3999	;# 
  2064   000FA0                     PIE2            equ	4000	;# 
  2065   000FA1                     PIR2            equ	4001	;# 
  2066   000FA2                     IPR2            equ	4002	;# 
  2067   000FA3                     PIE3            equ	4003	;# 
  2068   000FA4                     PIR3            equ	4004	;# 
  2069   000FA5                     IPR3            equ	4005	;# 
  2070   000FA6                     EECON1          equ	4006	;# 
  2071   000FA7                     EECON2          equ	4007	;# 
  2072   000FA8                     EEDATA          equ	4008	;# 
  2073   000FA9                     EEADR           equ	4009	;# 
  2074   000FAB                     RCSTA           equ	4011	;# 
  2075   000FAB                     RCSTA1          equ	4011	;# 
  2076   000FAC                     TXSTA           equ	4012	;# 
  2077   000FAC                     TXSTA1          equ	4012	;# 
  2078   000FAD                     TXREG           equ	4013	;# 
  2079   000FAD                     TXREG1          equ	4013	;# 
  2080   000FAE                     RCREG           equ	4014	;# 
  2081   000FAE                     RCREG1          equ	4014	;# 
  2082   000FAF                     SPBRG           equ	4015	;# 
  2083   000FAF                     SPBRG1          equ	4015	;# 
  2084   000FB0                     SPBRGH          equ	4016	;# 
  2085   000FB1                     T3CON           equ	4017	;# 
  2086   000FB2                     TMR3            equ	4018	;# 
  2087   000FB2                     TMR3L           equ	4018	;# 
  2088   000FB3                     TMR3H           equ	4019	;# 
  2089   000FB4                     CMCON           equ	4020	;# 
  2090   000FB5                     CVRCON          equ	4021	;# 
  2091   000FB6                     ECCP1AS         equ	4022	;# 
  2092   000FB7                     ECCP1DEL        equ	4023	;# 
  2093   000FB8                     BAUDCON         equ	4024	;# 
  2094   000FB8                     BAUDCTL         equ	4024	;# 
  2095   000FBA                     ECCP1CON        equ	4026	;# 
  2096   000FBB                     ECCPR1          equ	4027	;# 
  2097   000FBB                     ECCPR1L         equ	4027	;# 
  2098   000FBC                     ECCPR1H         equ	4028	;# 
  2099   000FBD                     CCP1CON         equ	4029	;# 
  2100   000FBE                     CCPR1           equ	4030	;# 
  2101   000FBE                     CCPR1L          equ	4030	;# 
  2102   000FBF                     CCPR1H          equ	4031	;# 
  2103   000FC0                     ADCON2          equ	4032	;# 
  2104   000FC1                     ADCON1          equ	4033	;# 
  2105   000FC2                     ADCON0          equ	4034	;# 
  2106   000FC3                     ADRES           equ	4035	;# 
  2107   000FC3                     ADRESL          equ	4035	;# 
  2108   000FC4                     ADRESH          equ	4036	;# 
  2109   000FC5                     SSPCON2         equ	4037	;# 
  2110   000FC6                     SSPCON1         equ	4038	;# 
  2111   000FC7                     SSPSTAT         equ	4039	;# 
  2112   000FC8                     SSPADD          equ	4040	;# 
  2113   000FC9                     SSPBUF          equ	4041	;# 
  2114   000FCA                     T2CON           equ	4042	;# 
  2115   000FCB                     PR2             equ	4043	;# 
  2116   000FCB                     MEMCON          equ	4043	;# 
  2117   000FCC                     TMR2            equ	4044	;# 
  2118   000FCD                     T1CON           equ	4045	;# 
  2119   000FCE                     TMR1            equ	4046	;# 
  2120   000FCE                     TMR1L           equ	4046	;# 
  2121   000FCF                     TMR1H           equ	4047	;# 
  2122   000FD0                     RCON            equ	4048	;# 
  2123   000FD1                     WDTCON          equ	4049	;# 
  2124   000FD2                     HLVDCON         equ	4050	;# 
  2125   000FD2                     LVDCON          equ	4050	;# 
  2126   000FD3                     OSCCON          equ	4051	;# 
  2127   000FD5                     T0CON           equ	4053	;# 
  2128   000FD6                     TMR0            equ	4054	;# 
  2129   000FD6                     TMR0L           equ	4054	;# 
  2130   000FD7                     TMR0H           equ	4055	;# 
  2131   000FD8                     STATUS          equ	4056	;# 
  2132   000FD9                     FSR2            equ	4057	;# 
  2133   000FD9                     FSR2L           equ	4057	;# 
  2134   000FDA                     FSR2H           equ	4058	;# 
  2135   000FDB                     PLUSW2          equ	4059	;# 
  2136   000FDC                     PREINC2         equ	4060	;# 
  2137   000FDD                     POSTDEC2        equ	4061	;# 
  2138   000FDE                     POSTINC2        equ	4062	;# 
  2139   000FDF                     INDF2           equ	4063	;# 
  2140   000FE0                     BSR             equ	4064	;# 
  2141   000FE1                     FSR1            equ	4065	;# 
  2142   000FE1                     FSR1L           equ	4065	;# 
  2143   000FE2                     FSR1H           equ	4066	;# 
  2144   000FE3                     PLUSW1          equ	4067	;# 
  2145   000FE4                     PREINC1         equ	4068	;# 
  2146   000FE5                     POSTDEC1        equ	4069	;# 
  2147   000FE6                     POSTINC1        equ	4070	;# 
  2148   000FE7                     INDF1           equ	4071	;# 
  2149   000FE8                     WREG            equ	4072	;# 
  2150   000FE9                     FSR0            equ	4073	;# 
  2151   000FE9                     FSR0L           equ	4073	;# 
  2152   000FEA                     FSR0H           equ	4074	;# 
  2153   000FEB                     PLUSW0          equ	4075	;# 
  2154   000FEC                     PREINC0         equ	4076	;# 
  2155   000FED                     POSTDEC0        equ	4077	;# 
  2156   000FEE                     POSTINC0        equ	4078	;# 
  2157   000FEF                     INDF0           equ	4079	;# 
  2158   000FF0                     INTCON3         equ	4080	;# 
  2159   000FF1                     INTCON2         equ	4081	;# 
  2160   000FF2                     INTCON          equ	4082	;# 
  2161   000FF3                     PROD            equ	4083	;# 
  2162   000FF3                     PRODL           equ	4083	;# 
  2163   000FF4                     PRODH           equ	4084	;# 
  2164   000FF5                     TABLAT          equ	4085	;# 
  2165   000FF6                     TBLPTR          equ	4086	;# 
  2166   000FF6                     TBLPTRL         equ	4086	;# 
  2167   000FF7                     TBLPTRH         equ	4087	;# 
  2168   000FF8                     TBLPTRU         equ	4088	;# 
  2169   000FF9                     PCLAT           equ	4089	;# 
  2170   000FF9                     PC              equ	4089	;# 
  2171   000FF9                     PCL             equ	4089	;# 
  2172   000FFA                     PCLATH          equ	4090	;# 
  2173   000FFB                     PCLATU          equ	4091	;# 
  2174   000FFC                     STKPTR          equ	4092	;# 
  2175   000FFD                     TOS             equ	4093	;# 
  2176   000FFD                     TOSL            equ	4093	;# 
  2177   000FFE                     TOSH            equ	4094	;# 
  2178   000FFF                     TOSU            equ	4095	;# 
  2179   000D60                     RXF6SIDH        equ	3424	;# 
  2180   000D61                     RXF6SIDL        equ	3425	;# 
  2181   000D62                     RXF6EIDH        equ	3426	;# 
  2182   000D63                     RXF6EIDL        equ	3427	;# 
  2183   000D64                     RXF7SIDH        equ	3428	;# 
  2184   000D65                     RXF7SIDL        equ	3429	;# 
  2185   000D66                     RXF7EIDH        equ	3430	;# 
  2186   000D67                     RXF7EIDL        equ	3431	;# 
  2187   000D68                     RXF8SIDH        equ	3432	;# 
  2188   000D69                     RXF8SIDL        equ	3433	;# 
  2189   000D6A                     RXF8EIDH        equ	3434	;# 
  2190   000D6B                     RXF8EIDL        equ	3435	;# 
  2191   000D70                     RXF9SIDH        equ	3440	;# 
  2192   000D71                     RXF9SIDL        equ	3441	;# 
  2193   000D72                     RXF9EIDH        equ	3442	;# 
  2194   000D73                     RXF9EIDL        equ	3443	;# 
  2195   000D74                     RXF10SIDH       equ	3444	;# 
  2196   000D75                     RXF10SIDL       equ	3445	;# 
  2197   000D76                     RXF10EIDH       equ	3446	;# 
  2198   000D77                     RXF10EIDL       equ	3447	;# 
  2199   000D78                     RXF11SIDH       equ	3448	;# 
  2200   000D79                     RXF11SIDL       equ	3449	;# 
  2201   000D7A                     RXF11EIDH       equ	3450	;# 
  2202   000D7B                     RXF11EIDL       equ	3451	;# 
  2203   000D80                     RXF12SIDH       equ	3456	;# 
  2204   000D81                     RXF12SIDL       equ	3457	;# 
  2205   000D82                     RXF12EIDH       equ	3458	;# 
  2206   000D83                     RXF12EIDL       equ	3459	;# 
  2207   000D84                     RXF13SIDH       equ	3460	;# 
  2208   000D85                     RXF13SIDL       equ	3461	;# 
  2209   000D86                     RXF13EIDH       equ	3462	;# 
  2210   000D87                     RXF13EIDL       equ	3463	;# 
  2211   000D88                     RXF14SIDH       equ	3464	;# 
  2212   000D89                     RXF14SIDL       equ	3465	;# 
  2213   000D8A                     RXF14EIDH       equ	3466	;# 
  2214   000D8B                     RXF14EIDL       equ	3467	;# 
  2215   000D90                     RXF15SIDH       equ	3472	;# 
  2216   000D91                     RXF15SIDL       equ	3473	;# 
  2217   000D92                     RXF15EIDH       equ	3474	;# 
  2218   000D93                     RXF15EIDL       equ	3475	;# 
  2219   000DD4                     RXFCON0         equ	3540	;# 
  2220   000DD5                     RXFCON1         equ	3541	;# 
  2221   000DD8                     SDFLC           equ	3544	;# 
  2222   000DE0                     RXFBCON0        equ	3552	;# 
  2223   000DE1                     RXFBCON1        equ	3553	;# 
  2224   000DE2                     RXFBCON2        equ	3554	;# 
  2225   000DE3                     RXFBCON3        equ	3555	;# 
  2226   000DE4                     RXFBCON4        equ	3556	;# 
  2227   000DE5                     RXFBCON5        equ	3557	;# 
  2228   000DE6                     RXFBCON6        equ	3558	;# 
  2229   000DE7                     RXFBCON7        equ	3559	;# 
  2230   000DF0                     MSEL0           equ	3568	;# 
  2231   000DF1                     MSEL1           equ	3569	;# 
  2232   000DF2                     MSEL2           equ	3570	;# 
  2233   000DF3                     MSEL3           equ	3571	;# 
  2234   000DF8                     BSEL0           equ	3576	;# 
  2235   000DFA                     BIE0            equ	3578	;# 
  2236   000DFC                     TXBIE           equ	3580	;# 
  2237   000E20                     B0CON           equ	3616	;# 
  2238   000E21                     B0SIDH          equ	3617	;# 
  2239   000E22                     B0SIDL          equ	3618	;# 
  2240   000E23                     B0EIDH          equ	3619	;# 
  2241   000E24                     B0EIDL          equ	3620	;# 
  2242   000E25                     B0DLC           equ	3621	;# 
  2243   000E26                     B0D0            equ	3622	;# 
  2244   000E27                     B0D1            equ	3623	;# 
  2245   000E28                     B0D2            equ	3624	;# 
  2246   000E29                     B0D3            equ	3625	;# 
  2247   000E2A                     B0D4            equ	3626	;# 
  2248   000E2B                     B0D5            equ	3627	;# 
  2249   000E2C                     B0D6            equ	3628	;# 
  2250   000E2D                     B0D7            equ	3629	;# 
  2251   000E2E                     CANSTAT_RO9     equ	3630	;# 
  2252   000E2F                     CANCON_RO9      equ	3631	;# 
  2253   000E30                     B1CON           equ	3632	;# 
  2254   000E31                     B1SIDH          equ	3633	;# 
  2255   000E32                     B1SIDL          equ	3634	;# 
  2256   000E33                     B1EIDH          equ	3635	;# 
  2257   000E34                     B1EIDL          equ	3636	;# 
  2258   000E35                     B1DLC           equ	3637	;# 
  2259   000E36                     B1D0            equ	3638	;# 
  2260   000E37                     B1D1            equ	3639	;# 
  2261   000E38                     B1D2            equ	3640	;# 
  2262   000E39                     B1D3            equ	3641	;# 
  2263   000E3A                     B1D4            equ	3642	;# 
  2264   000E3B                     B1D5            equ	3643	;# 
  2265   000E3C                     B1D6            equ	3644	;# 
  2266   000E3D                     B1D7            equ	3645	;# 
  2267   000E3E                     CANSTAT_RO8     equ	3646	;# 
  2268   000E3F                     CANCON_RO8      equ	3647	;# 
  2269   000E40                     B2CON           equ	3648	;# 
  2270   000E41                     B2SIDH          equ	3649	;# 
  2271   000E42                     B2SIDL          equ	3650	;# 
  2272   000E43                     B2EIDH          equ	3651	;# 
  2273   000E44                     B2EIDL          equ	3652	;# 
  2274   000E45                     B2DLC           equ	3653	;# 
  2275   000E46                     B2D0            equ	3654	;# 
  2276   000E47                     B2D1            equ	3655	;# 
  2277   000E48                     B2D2            equ	3656	;# 
  2278   000E49                     B2D3            equ	3657	;# 
  2279   000E4A                     B2D4            equ	3658	;# 
  2280   000E4B                     B2D5            equ	3659	;# 
  2281   000E4C                     B2D6            equ	3660	;# 
  2282   000E4D                     B2D7            equ	3661	;# 
  2283   000E4E                     CANSTAT_RO7     equ	3662	;# 
  2284   000E4F                     CANCON_RO7      equ	3663	;# 
  2285   000E50                     B3CON           equ	3664	;# 
  2286   000E51                     B3SIDH          equ	3665	;# 
  2287   000E52                     B3SIDL          equ	3666	;# 
  2288   000E53                     B3EIDH          equ	3667	;# 
  2289   000E54                     B3EIDL          equ	3668	;# 
  2290   000E55                     B3DLC           equ	3669	;# 
  2291   000E56                     B3D0            equ	3670	;# 
  2292   000E57                     B3D1            equ	3671	;# 
  2293   000E58                     B3D2            equ	3672	;# 
  2294   000E59                     B3D3            equ	3673	;# 
  2295   000E5A                     B3D4            equ	3674	;# 
  2296   000E5B                     B3D5            equ	3675	;# 
  2297   000E5C                     B3D6            equ	3676	;# 
  2298   000E5D                     B3D7            equ	3677	;# 
  2299   000E5E                     CANSTAT_RO6     equ	3678	;# 
  2300   000E5F                     CANCON_RO6      equ	3679	;# 
  2301   000E60                     B4CON           equ	3680	;# 
  2302   000E61                     B4SIDH          equ	3681	;# 
  2303   000E62                     B4SIDL          equ	3682	;# 
  2304   000E63                     B4EIDH          equ	3683	;# 
  2305   000E64                     B4EIDL          equ	3684	;# 
  2306   000E65                     B4DLC           equ	3685	;# 
  2307   000E66                     B4D0            equ	3686	;# 
  2308   000E67                     B4D1            equ	3687	;# 
  2309   000E68                     B4D2            equ	3688	;# 
  2310   000E69                     B4D3            equ	3689	;# 
  2311   000E6A                     B4D4            equ	3690	;# 
  2312   000E6B                     B4D5            equ	3691	;# 
  2313   000E6C                     B4D6            equ	3692	;# 
  2314   000E6D                     B4D7            equ	3693	;# 
  2315   000E6E                     CANSTAT_RO5     equ	3694	;# 
  2316   000E6F                     CANCON_RO5      equ	3695	;# 
  2317   000E70                     B5CON           equ	3696	;# 
  2318   000E71                     B5SIDH          equ	3697	;# 
  2319   000E72                     B5SIDL          equ	3698	;# 
  2320   000E73                     B5EIDH          equ	3699	;# 
  2321   000E74                     B5EIDL          equ	3700	;# 
  2322   000E75                     B5DLC           equ	3701	;# 
  2323   000E76                     B5D0            equ	3702	;# 
  2324   000E77                     B5D1            equ	3703	;# 
  2325   000E78                     B5D2            equ	3704	;# 
  2326   000E79                     B5D3            equ	3705	;# 
  2327   000E7A                     B5D4            equ	3706	;# 
  2328   000E7B                     B5D5            equ	3707	;# 
  2329   000E7C                     B5D6            equ	3708	;# 
  2330   000E7D                     B5D7            equ	3709	;# 
  2331   000E7E                     CANSTAT_RO4     equ	3710	;# 
  2332   000E7F                     CANCON_RO4      equ	3711	;# 
  2333   000F00                     RXF0SIDH        equ	3840	;# 
  2334   000F01                     RXF0SIDL        equ	3841	;# 
  2335   000F02                     RXF0EIDH        equ	3842	;# 
  2336   000F03                     RXF0EIDL        equ	3843	;# 
  2337   000F04                     RXF1SIDH        equ	3844	;# 
  2338   000F05                     RXF1SIDL        equ	3845	;# 
  2339   000F06                     RXF1EIDH        equ	3846	;# 
  2340   000F07                     RXF1EIDL        equ	3847	;# 
  2341   000F08                     RXF2SIDH        equ	3848	;# 
  2342   000F09                     RXF2SIDL        equ	3849	;# 
  2343   000F0A                     RXF2EIDH        equ	3850	;# 
  2344   000F0B                     RXF2EIDL        equ	3851	;# 
  2345   000F0C                     RXF3SIDH        equ	3852	;# 
  2346   000F0D                     RXF3SIDL        equ	3853	;# 
  2347   000F0E                     RXF3EIDH        equ	3854	;# 
  2348   000F0F                     RXF3EIDL        equ	3855	;# 
  2349   000F10                     RXF4SIDH        equ	3856	;# 
  2350   000F11                     RXF4SIDL        equ	3857	;# 
  2351   000F12                     RXF4EIDH        equ	3858	;# 
  2352   000F13                     RXF4EIDL        equ	3859	;# 
  2353   000F14                     RXF5SIDH        equ	3860	;# 
  2354   000F15                     RXF5SIDL        equ	3861	;# 
  2355   000F16                     RXF5EIDH        equ	3862	;# 
  2356   000F17                     RXF5EIDL        equ	3863	;# 
  2357   000F18                     RXM0SIDH        equ	3864	;# 
  2358   000F19                     RXM0SIDL        equ	3865	;# 
  2359   000F1A                     RXM0EIDH        equ	3866	;# 
  2360   000F1B                     RXM0EIDL        equ	3867	;# 
  2361   000F1C                     RXM1SIDH        equ	3868	;# 
  2362   000F1D                     RXM1SIDL        equ	3869	;# 
  2363   000F1E                     RXM1EIDH        equ	3870	;# 
  2364   000F1F                     RXM1EIDL        equ	3871	;# 
  2365   000F20                     TXB2CON         equ	3872	;# 
  2366   000F21                     TXB2SIDH        equ	3873	;# 
  2367   000F22                     TXB2SIDL        equ	3874	;# 
  2368   000F23                     TXB2EIDH        equ	3875	;# 
  2369   000F24                     TXB2EIDL        equ	3876	;# 
  2370   000F25                     TXB2DLC         equ	3877	;# 
  2371   000F26                     TXB2D0          equ	3878	;# 
  2372   000F27                     TXB2D1          equ	3879	;# 
  2373   000F28                     TXB2D2          equ	3880	;# 
  2374   000F29                     TXB2D3          equ	3881	;# 
  2375   000F2A                     TXB2D4          equ	3882	;# 
  2376   000F2B                     TXB2D5          equ	3883	;# 
  2377   000F2C                     TXB2D6          equ	3884	;# 
  2378   000F2D                     TXB2D7          equ	3885	;# 
  2379   000F2E                     CANSTAT_RO3     equ	3886	;# 
  2380   000F2F                     CANCON_RO3      equ	3887	;# 
  2381   000F30                     TXB1CON         equ	3888	;# 
  2382   000F31                     TXB1SIDH        equ	3889	;# 
  2383   000F32                     TXB1SIDL        equ	3890	;# 
  2384   000F33                     TXB1EIDH        equ	3891	;# 
  2385   000F34                     TXB1EIDL        equ	3892	;# 
  2386   000F35                     TXB1DLC         equ	3893	;# 
  2387   000F36                     TXB1D0          equ	3894	;# 
  2388   000F37                     TXB1D1          equ	3895	;# 
  2389   000F38                     TXB1D2          equ	3896	;# 
  2390   000F39                     TXB1D3          equ	3897	;# 
  2391   000F3A                     TXB1D4          equ	3898	;# 
  2392   000F3B                     TXB1D5          equ	3899	;# 
  2393   000F3C                     TXB1D6          equ	3900	;# 
  2394   000F3D                     TXB1D7          equ	3901	;# 
  2395   000F3E                     CANSTAT_RO2     equ	3902	;# 
  2396   000F3F                     CANCON_RO2      equ	3903	;# 
  2397   000F40                     TXB0CON         equ	3904	;# 
  2398   000F41                     TXB0SIDH        equ	3905	;# 
  2399   000F42                     TXB0SIDL        equ	3906	;# 
  2400   000F43                     TXB0EIDH        equ	3907	;# 
  2401   000F44                     TXB0EIDL        equ	3908	;# 
  2402   000F45                     TXB0DLC         equ	3909	;# 
  2403   000F46                     TXB0D0          equ	3910	;# 
  2404   000F47                     TXB0D1          equ	3911	;# 
  2405   000F48                     TXB0D2          equ	3912	;# 
  2406   000F49                     TXB0D3          equ	3913	;# 
  2407   000F4A                     TXB0D4          equ	3914	;# 
  2408   000F4B                     TXB0D5          equ	3915	;# 
  2409   000F4C                     TXB0D6          equ	3916	;# 
  2410   000F4D                     TXB0D7          equ	3917	;# 
  2411   000F4E                     CANSTAT_RO1     equ	3918	;# 
  2412   000F4F                     CANCON_RO1      equ	3919	;# 
  2413   000F50                     RXB1CON         equ	3920	;# 
  2414   000F51                     RXB1SIDH        equ	3921	;# 
  2415   000F52                     RXB1SIDL        equ	3922	;# 
  2416   000F53                     RXB1EIDH        equ	3923	;# 
  2417   000F54                     RXB1EIDL        equ	3924	;# 
  2418   000F55                     RXB1DLC         equ	3925	;# 
  2419   000F56                     RXB1D0          equ	3926	;# 
  2420   000F57                     RXB1D1          equ	3927	;# 
  2421   000F58                     RXB1D2          equ	3928	;# 
  2422   000F59                     RXB1D3          equ	3929	;# 
  2423   000F5A                     RXB1D4          equ	3930	;# 
  2424   000F5B                     RXB1D5          equ	3931	;# 
  2425   000F5C                     RXB1D6          equ	3932	;# 
  2426   000F5D                     RXB1D7          equ	3933	;# 
  2427   000F5E                     CANSTAT_RO0     equ	3934	;# 
  2428   000F5F                     CANCON_RO0      equ	3935	;# 
  2429   000F60                     RXB0CON         equ	3936	;# 
  2430   000F61                     RXB0SIDH        equ	3937	;# 
  2431   000F62                     RXB0SIDL        equ	3938	;# 
  2432   000F63                     RXB0EIDH        equ	3939	;# 
  2433   000F64                     RXB0EIDL        equ	3940	;# 
  2434   000F65                     RXB0DLC         equ	3941	;# 
  2435   000F66                     RXB0D0          equ	3942	;# 
  2436   000F67                     RXB0D1          equ	3943	;# 
  2437   000F68                     RXB0D2          equ	3944	;# 
  2438   000F69                     RXB0D3          equ	3945	;# 
  2439   000F6A                     RXB0D4          equ	3946	;# 
  2440   000F6B                     RXB0D5          equ	3947	;# 
  2441   000F6C                     RXB0D6          equ	3948	;# 
  2442   000F6D                     RXB0D7          equ	3949	;# 
  2443   000F6E                     CANSTAT         equ	3950	;# 
  2444   000F6F                     CANCON          equ	3951	;# 
  2445   000F70                     BRGCON1         equ	3952	;# 
  2446   000F71                     BRGCON2         equ	3953	;# 
  2447   000F72                     BRGCON3         equ	3954	;# 
  2448   000F73                     CIOCON          equ	3955	;# 
  2449   000F74                     COMSTAT         equ	3956	;# 
  2450   000F75                     RXERRCNT        equ	3957	;# 
  2451   000F76                     TXERRCNT        equ	3958	;# 
  2452   000F77                     ECANCON         equ	3959	;# 
  2453   000F80                     PORTA           equ	3968	;# 
  2454   000F81                     PORTB           equ	3969	;# 
  2455   000F82                     PORTC           equ	3970	;# 
  2456   000F83                     PORTD           equ	3971	;# 
  2457   000F84                     PORTE           equ	3972	;# 
  2458   000F89                     LATA            equ	3977	;# 
  2459   000F8A                     LATB            equ	3978	;# 
  2460   000F8B                     LATC            equ	3979	;# 
  2461   000F8C                     LATD            equ	3980	;# 
  2462   000F8D                     LATE            equ	3981	;# 
  2463   000F92                     TRISA           equ	3986	;# 
  2464   000F92                     DDRA            equ	3986	;# 
  2465   000F93                     TRISB           equ	3987	;# 
  2466   000F93                     DDRB            equ	3987	;# 
  2467   000F94                     TRISC           equ	3988	;# 
  2468   000F94                     DDRC            equ	3988	;# 
  2469   000F95                     TRISD           equ	3989	;# 
  2470   000F95                     DDRD            equ	3989	;# 
  2471   000F96                     TRISE           equ	3990	;# 
  2472   000F96                     DDRE            equ	3990	;# 
  2473   000F9B                     OSCTUNE         equ	3995	;# 
  2474   000F9D                     PIE1            equ	3997	;# 
  2475   000F9E                     PIR1            equ	3998	;# 
  2476   000F9F                     IPR1            equ	3999	;# 
  2477   000FA0                     PIE2            equ	4000	;# 
  2478   000FA1                     PIR2            equ	4001	;# 
  2479   000FA2                     IPR2            equ	4002	;# 
  2480   000FA3                     PIE3            equ	4003	;# 
  2481   000FA4                     PIR3            equ	4004	;# 
  2482   000FA5                     IPR3            equ	4005	;# 
  2483   000FA6                     EECON1          equ	4006	;# 
  2484   000FA7                     EECON2          equ	4007	;# 
  2485   000FA8                     EEDATA          equ	4008	;# 
  2486   000FA9                     EEADR           equ	4009	;# 
  2487   000FAB                     RCSTA           equ	4011	;# 
  2488   000FAB                     RCSTA1          equ	4011	;# 
  2489   000FAC                     TXSTA           equ	4012	;# 
  2490   000FAC                     TXSTA1          equ	4012	;# 
  2491   000FAD                     TXREG           equ	4013	;# 
  2492   000FAD                     TXREG1          equ	4013	;# 
  2493   000FAE                     RCREG           equ	4014	;# 
  2494   000FAE                     RCREG1          equ	4014	;# 
  2495   000FAF                     SPBRG           equ	4015	;# 
  2496   000FAF                     SPBRG1          equ	4015	;# 
  2497   000FB0                     SPBRGH          equ	4016	;# 
  2498   000FB1                     T3CON           equ	4017	;# 
  2499   000FB2                     TMR3            equ	4018	;# 
  2500   000FB2                     TMR3L           equ	4018	;# 
  2501   000FB3                     TMR3H           equ	4019	;# 
  2502   000FB4                     CMCON           equ	4020	;# 
  2503   000FB5                     CVRCON          equ	4021	;# 
  2504   000FB6                     ECCP1AS         equ	4022	;# 
  2505   000FB7                     ECCP1DEL        equ	4023	;# 
  2506   000FB8                     BAUDCON         equ	4024	;# 
  2507   000FB8                     BAUDCTL         equ	4024	;# 
  2508   000FBA                     ECCP1CON        equ	4026	;# 
  2509   000FBB                     ECCPR1          equ	4027	;# 
  2510   000FBB                     ECCPR1L         equ	4027	;# 
  2511   000FBC                     ECCPR1H         equ	4028	;# 
  2512   000FBD                     CCP1CON         equ	4029	;# 
  2513   000FBE                     CCPR1           equ	4030	;# 
  2514   000FBE                     CCPR1L          equ	4030	;# 
  2515   000FBF                     CCPR1H          equ	4031	;# 
  2516   000FC0                     ADCON2          equ	4032	;# 
  2517   000FC1                     ADCON1          equ	4033	;# 
  2518   000FC2                     ADCON0          equ	4034	;# 
  2519   000FC3                     ADRES           equ	4035	;# 
  2520   000FC3                     ADRESL          equ	4035	;# 
  2521   000FC4                     ADRESH          equ	4036	;# 
  2522   000FC5                     SSPCON2         equ	4037	;# 
  2523   000FC6                     SSPCON1         equ	4038	;# 
  2524   000FC7                     SSPSTAT         equ	4039	;# 
  2525   000FC8                     SSPADD          equ	4040	;# 
  2526   000FC9                     SSPBUF          equ	4041	;# 
  2527   000FCA                     T2CON           equ	4042	;# 
  2528   000FCB                     PR2             equ	4043	;# 
  2529   000FCB                     MEMCON          equ	4043	;# 
  2530   000FCC                     TMR2            equ	4044	;# 
  2531   000FCD                     T1CON           equ	4045	;# 
  2532   000FCE                     TMR1            equ	4046	;# 
  2533   000FCE                     TMR1L           equ	4046	;# 
  2534   000FCF                     TMR1H           equ	4047	;# 
  2535   000FD0                     RCON            equ	4048	;# 
  2536   000FD1                     WDTCON          equ	4049	;# 
  2537   000FD2                     HLVDCON         equ	4050	;# 
  2538   000FD2                     LVDCON          equ	4050	;# 
  2539   000FD3                     OSCCON          equ	4051	;# 
  2540   000FD5                     T0CON           equ	4053	;# 
  2541   000FD6                     TMR0            equ	4054	;# 
  2542   000FD6                     TMR0L           equ	4054	;# 
  2543   000FD7                     TMR0H           equ	4055	;# 
  2544   000FD8                     STATUS          equ	4056	;# 
  2545   000FD9                     FSR2            equ	4057	;# 
  2546   000FD9                     FSR2L           equ	4057	;# 
  2547   000FDA                     FSR2H           equ	4058	;# 
  2548   000FDB                     PLUSW2          equ	4059	;# 
  2549   000FDC                     PREINC2         equ	4060	;# 
  2550   000FDD                     POSTDEC2        equ	4061	;# 
  2551   000FDE                     POSTINC2        equ	4062	;# 
  2552   000FDF                     INDF2           equ	4063	;# 
  2553   000FE0                     BSR             equ	4064	;# 
  2554   000FE1                     FSR1            equ	4065	;# 
  2555   000FE1                     FSR1L           equ	4065	;# 
  2556   000FE2                     FSR1H           equ	4066	;# 
  2557   000FE3                     PLUSW1          equ	4067	;# 
  2558   000FE4                     PREINC1         equ	4068	;# 
  2559   000FE5                     POSTDEC1        equ	4069	;# 
  2560   000FE6                     POSTINC1        equ	4070	;# 
  2561   000FE7                     INDF1           equ	4071	;# 
  2562   000FE8                     WREG            equ	4072	;# 
  2563   000FE9                     FSR0            equ	4073	;# 
  2564   000FE9                     FSR0L           equ	4073	;# 
  2565   000FEA                     FSR0H           equ	4074	;# 
  2566   000FEB                     PLUSW0          equ	4075	;# 
  2567   000FEC                     PREINC0         equ	4076	;# 
  2568   000FED                     POSTDEC0        equ	4077	;# 
  2569   000FEE                     POSTINC0        equ	4078	;# 
  2570   000FEF                     INDF0           equ	4079	;# 
  2571   000FF0                     INTCON3         equ	4080	;# 
  2572   000FF1                     INTCON2         equ	4081	;# 
  2573   000FF2                     INTCON          equ	4082	;# 
  2574   000FF3                     PROD            equ	4083	;# 
  2575   000FF3                     PRODL           equ	4083	;# 
  2576   000FF4                     PRODH           equ	4084	;# 
  2577   000FF5                     TABLAT          equ	4085	;# 
  2578   000FF6                     TBLPTR          equ	4086	;# 
  2579   000FF6                     TBLPTRL         equ	4086	;# 
  2580   000FF7                     TBLPTRH         equ	4087	;# 
  2581   000FF8                     TBLPTRU         equ	4088	;# 
  2582   000FF9                     PCLAT           equ	4089	;# 
  2583   000FF9                     PC              equ	4089	;# 
  2584   000FF9                     PCL             equ	4089	;# 
  2585   000FFA                     PCLATH          equ	4090	;# 
  2586   000FFB                     PCLATU          equ	4091	;# 
  2587   000FFC                     STKPTR          equ	4092	;# 
  2588   000FFD                     TOS             equ	4093	;# 
  2589   000FFD                     TOSL            equ	4093	;# 
  2590   000FFE                     TOSH            equ	4094	;# 
  2591   000FFF                     TOSU            equ	4095	;# 
  2592                           
  2593                           	psect	idataBANK0
  2594   003000                     __pidataBANK0:
  2595                           	callstack 0
  2596                           
  2597                           ;initializer for read_switches@once
  2598   003000  01                 	db	1
  2599   000DD4                     _RXFCON0        set	3540
  2600   000F4D                     _TXB0D7         set	3917
  2601   000F4C                     _TXB0D6         set	3916
  2602   000F4B                     _TXB0D5         set	3915
  2603   000F4A                     _TXB0D4         set	3914
  2604   000F49                     _TXB0D3         set	3913
  2605   000F48                     _TXB0D2         set	3912
  2606   000F47                     _TXB0D1         set	3911
  2607   000F46                     _TXB0D0         set	3910
  2608   000F45                     _TXB0DLC        set	3909
  2609   000F42                     _TXB0SIDL       set	3906
  2610   000F41                     _TXB0SIDH       set	3905
  2611   000F44                     _TXB0EIDL       set	3908
  2612   000F43                     _TXB0EIDH       set	3907
  2613   000F1B                     _RXM0EIDL       set	3867
  2614   000F1A                     _RXM0EIDH       set	3866
  2615   000F19                     _RXM0SIDL       set	3865
  2616   000F18                     _RXM0SIDH       set	3864
  2617   000F01                     _RXF0SIDL       set	3841
  2618   000F00                     _RXF0SIDH       set	3840
  2619   007A03                     _TXB0REQ        set	31235
  2620   000F94                     _TRISC          set	3988
  2621   000F95                     _TRISD          set	3989
  2622   000F83                     _PORTD          set	3971
  2623   000F6D                     _RXB0D7         set	3949
  2624   000F6C                     _RXB0D6         set	3948
  2625   000F6B                     _RXB0D5         set	3947
  2626   000F6A                     _RXB0D4         set	3946
  2627   000F69                     _RXB0D3         set	3945
  2628   000F68                     _RXB0D2         set	3944
  2629   000F67                     _RXB0D1         set	3943
  2630   000F66                     _RXB0D0         set	3942
  2631   000F65                     _RXB0DLC        set	3941
  2632   000F62                     _RXB0SIDL       set	3938
  2633   000F61                     _RXB0SIDH       set	3937
  2634   000F64                     _RXB0EIDL       set	3940
  2635   000F63                     _RXB0EIDH       set	3939
  2636   000F60                     _RXB0CON        set	3936
  2637   000F72                     _BRGCON3        set	3954
  2638   000F71                     _BRGCON2        set	3953
  2639   000F70                     _BRGCON1        set	3952
  2640   000F77                     _ECANCON        set	3959
  2641   000F6E                     _CANSTAT        set	3950
  2642   000F6F                     _CANCON         set	3951
  2643   000FC2                     _ADCON0         set	4034
  2644   000FC3                     _ADRESL         set	4035
  2645   000FC4                     _ADRESH         set	4036
  2646   000F81                     _PORTBbits      set	3969
  2647   000F81                     _PORTB          set	3969
  2648   000F93                     _TRISB          set	3987
  2649   000FC1                     _ADCON1         set	4033
  2650   000FCB                     _PR2            set	4043
  2651   007C1F                     _RD7            set	31775
  2652   007C10                     _RC0            set	31760
  2653   007CAF                     _TRISD7         set	31919
  2654   007C12                     _RC2            set	31762
  2655   007C11                     _RC1            set	31761
  2656   007D20                     _RXB0IF         set	32032
  2657   007B07                     _RXB0FUL        set	31495
  2658   007C9B                     _TRISB3         set	31899
  2659   007C9A                     _TRISB2         set	31898
  2660   007E11                     _GO             set	32273
  2661   007E10                     _ADON           set	32272
  2662   007E0C                     _VCFG0          set	32268
  2663   007E0D                     _VCFG1          set	32269
  2664   007E11                     _GODONE         set	32273
  2665   007E02                     _ADCS2          set	32258
  2666   007E01                     _ADCS1          set	32257
  2667   007E00                     _ADCS0          set	32256
  2668   007E03                     _ACQT0          set	32259
  2669   007E04                     _ACQT1          set	32260
  2670   007E05                     _ACQT2          set	32261
  2671   007E07                     _ADFM           set	32263
  2672   007F8F                     _RBPU           set	32655
  2673   007CF1                     _TMR2IF         set	31985
  2674   007CE9                     _TMR2IE         set	31977
  2675   007E52                     _TMR2ON         set	32338
  2676   007F96                     _PEIE           set	32662
  2677   007F97                     _GIE            set	32663
  2678                           
  2679                           	psect	mediumconst
  2680   002FDE                     __pmediumconst:
  2681                           	callstack 0
  2682   002FDE  00                 	db	0
  2683   002FDF                     STR_2:
  2684   002FDF  43                 	db	67	;'C'
  2685   002FE0  4F                 	db	79	;'O'
  2686   002FE1  4C                 	db	76	;'L'
  2687   002FE2  4C                 	db	76	;'L'
  2688   002FE3  49                 	db	73	;'I'
  2689   002FE4  53                 	db	83	;'S'
  2690   002FE5  49                 	db	73	;'I'
  2691   002FE6  4F                 	db	79	;'O'
  2692   002FE7  4E                 	db	78	;'N'
  2693   002FE8  20                 	db	32
  2694   002FE9  4D                 	db	77	;'M'
  2695   002FEA  4F                 	db	79	;'O'
  2696   002FEB  44                 	db	68	;'D'
  2697   002FEC  45                 	db	69	;'E'
  2698   002FED  00                 	db	0
  2699   002FEE                     STR_1:
  2700   002FEE  4E                 	db	78	;'N'
  2701   002FEF  4F                 	db	79	;'O'
  2702   002FF0  52                 	db	82	;'R'
  2703   002FF1  4D                 	db	77	;'M'
  2704   002FF2  41                 	db	65	;'A'
  2705   002FF3  4C                 	db	76	;'L'
  2706   002FF4  20                 	db	32
  2707   002FF5  4D                 	db	77	;'M'
  2708   002FF6  4F                 	db	79	;'O'
  2709   002FF7  44                 	db	68	;'D'
  2710   002FF8  45                 	db	69	;'E'
  2711   002FF9  00                 	db	0
  2712   002FFA  00                 	db	0	; dummy byte at the end
  2713   002FDE                     __smallconst    set	__pmediumconst
  2714   002FDE                     __mediumconst   set	__pmediumconst
  2715   000002                     __activetblptr  equ	2
  2716                           
  2717                           ; #config settings
  2718                           
  2719                           	psect	cinit
  2720   001DF8                     __pcinit:
  2721                           	callstack 0
  2722   001DF8                     start_initialization:
  2723                           	callstack 0
  2724   001DF8                     __initialization:
  2725                           	callstack 0
  2726                           
  2727                           ; Initialize objects allocated to BANK0 (1 bytes)
  2728                           ; load TBLPTR registers with __pidataBANK0
  2729   001DF8  0E00               	movlw	low __pidataBANK0
  2730   001DFA  6EF6               	movwf	tblptrl,c
  2731   001DFC  0E30               	movlw	high __pidataBANK0
  2732   001DFE  6EF7               	movwf	tblptrh,c
  2733   001E00  0E00               	movlw	low (__pidataBANK0 shr (0+16))
  2734   001E02  6EF8               	movwf	tblptru,c
  2735   001E04  0009               	tblrd		*+	;fetch initializer
  2736   001E06  CFF5 F07D          	movff	tablat,__pdataBANK0
  2737                           
  2738                           ; Clear objects allocated to BANK0 (20 bytes)
  2739   001E0A  EE00  F060         	lfsr	0,__pbssBANK0
  2740   001E0E  0E14               	movlw	20
  2741   001E10                     clear_0:
  2742   001E10  6AEE               	clrf	postinc0,c
  2743   001E12  06E8               	decf	wreg,f,c
  2744   001E14  E1FD               	bnz	clear_0
  2745                           
  2746                           ; Clear objects allocated to COMRAM (1 bytes)
  2747   001E16  6A5F               	clrf	__pbssCOMRAM& (0+255),c
  2748   001E18                     end_of_initialization:
  2749                           	callstack 0
  2750   001E18                     __end_of__initialization:
  2751                           	callstack 0
  2752   001E18  0E00               	movlw	low (__Lmediumconst shr (0+16))
  2753   001E1A  6EF8               	movwf	tblptru,c
  2754   001E1C  0100               	movlb	0
  2755   001E1E  EF83  F012         	goto	_main	;jump to C main() function
  2756                           
  2757                           	psect	bssCOMRAM
  2758   00005F                     __pbssCOMRAM:
  2759                           	callstack 0
  2760   00005F                     _prev_ind_status:
  2761                           	callstack 0
  2762   00005F                     	ds	1
  2763                           
  2764                           	psect	bssBANK0
  2765   000060                     __pbssBANK0:
  2766                           	callstack 0
  2767   000060                     _can_payload:
  2768                           	callstack 0
  2769   000060                     	ds	13
  2770   00006D                     _count:
  2771                           	callstack 0
  2772   00006D                     	ds	2
  2773   00006F                     read_switches@key:
  2774                           	callstack 0
  2775   00006F                     	ds	1
  2776   000070                     _cur_ind_status:
  2777                           	callstack 0
  2778   000070                     	ds	1
  2779   000071                     _collison_flag:
  2780                           	callstack 0
  2781   000071                     	ds	1
  2782   000072                     _blink_state:
  2783                           	callstack 0
  2784   000072                     	ds	1
  2785   000073                     _led_state:
  2786                           	callstack 0
  2787   000073                     	ds	1
  2788                           
  2789                           	psect	dataBANK0
  2790   00007D                     __pdataBANK0:
  2791                           	callstack 0
  2792   00007D                     read_switches@once:
  2793                           	callstack 0
  2794   00007D                     	ds	1
  2795                           
  2796                           	psect	cstackBANK0
  2797   000074                     __pcstackBANK0:
  2798                           	callstack 0
  2799   000074                     ??_main:
  2800                           
  2801                           ; 1 bytes @ 0x0
  2802   000074                     	ds	4
  2803   000078                     main@msg_id:
  2804                           	callstack 0
  2805                           
  2806                           ; 2 bytes @ 0x4
  2807   000078                     	ds	2
  2808   00007A                     main@rpm:
  2809                           	callstack 0
  2810                           
  2811                           ; 2 bytes @ 0x6
  2812   00007A                     	ds	2
  2813   00007C                     main@temperature:
  2814                           	callstack 0
  2815                           
  2816                           ; 1 bytes @ 0x8
  2817   00007C                     	ds	1
  2818                           
  2819                           	psect	cstackCOMRAM
  2820   000001                     __pcstackCOMRAM:
  2821                           	callstack 0
  2822   000001                     ?_read_adc:
  2823                           	callstack 0
  2824   000001                     ?___lldiv:
  2825                           	callstack 0
  2826   000001                     read_switches@detection_type:
  2827                           	callstack 0
  2828   000001                     clcd_write@control_bit:
  2829                           	callstack 0
  2830   000001                     can_transmit@msg_id:
  2831                           	callstack 0
  2832   000001                     ___lldiv@dividend:
  2833                           	callstack 0
  2834   000001                     
  2835                           ; 1 bytes @ 0x0
  2836   000001                     	ds	1
  2837   000002                     process_indicator@sw:
  2838                           	callstack 0
  2839   000002                     clcd_write@byte:
  2840                           	callstack 0
  2841   000002                     
  2842                           ; 1 bytes @ 0x1
  2843   000002                     	ds	1
  2844   000003                     can_transmit@data:
  2845                           	callstack 0
  2846   000003                     clcd_print@data:
  2847                           	callstack 0
  2848   000003                     ??_init_clcd:
  2849   000003                     ??_read_adc:
  2850                           
  2851                           ; 1 bytes @ 0x2
  2852   000003                     	ds	1
  2853   000004                     
  2854                           ; 1 bytes @ 0x3
  2855   000004                     	ds	1
  2856   000005                     clcd_print@addr:
  2857                           	callstack 0
  2858   000005                     read_adc@reg_val:
  2859                           	callstack 0
  2860   000005                     ___lldiv@divisor:
  2861                           	callstack 0
  2862   000005                     ??_can_transmit:
  2863                           
  2864                           ; 1 bytes @ 0x4
  2865   000005                     	ds	1
  2866   000006                     
  2867                           ; 1 bytes @ 0x5
  2868   000006                     	ds	1
  2869   000007                     read_adc@channel:
  2870                           	callstack 0
  2871                           
  2872                           ; 1 bytes @ 0x6
  2873   000007                     	ds	2
  2874   000009                     ___lldiv@quotient:
  2875                           	callstack 0
  2876   000009                     
  2877                           ; 1 bytes @ 0x8
  2878   000009                     	ds	4
  2879   00000D                     ___lldiv@counter:
  2880                           	callstack 0
  2881                           
  2882                           ; 1 bytes @ 0xC
  2883   00000D                     	ds	1
  2884   00000E                     ?___xxtofl:
  2885                           	callstack 0
  2886   00000E                     ___xxtofl@val:
  2887                           	callstack 0
  2888                           
  2889                           ; 4 bytes @ 0xD
  2890   00000E                     	ds	4
  2891   000012                     ??___xxtofl:
  2892                           
  2893                           ; 1 bytes @ 0x11
  2894   000012                     	ds	4
  2895   000016                     ___xxtofl@sign:
  2896                           	callstack 0
  2897                           
  2898                           ; 1 bytes @ 0x15
  2899   000016                     	ds	1
  2900   000017                     ___xxtofl@exp:
  2901                           	callstack 0
  2902                           
  2903                           ; 1 bytes @ 0x16
  2904   000017                     	ds	1
  2905   000018                     ___xxtofl@arg:
  2906                           	callstack 0
  2907                           
  2908                           ; 4 bytes @ 0x17
  2909   000018                     	ds	4
  2910   00001C                     ?___fldiv:
  2911                           	callstack 0
  2912   00001C                     ___fldiv@b:
  2913                           	callstack 0
  2914                           
  2915                           ; 4 bytes @ 0x1B
  2916   00001C                     	ds	4
  2917   000020                     ___fldiv@a:
  2918                           	callstack 0
  2919                           
  2920                           ; 4 bytes @ 0x1F
  2921   000020                     	ds	4
  2922   000024                     ??___fldiv:
  2923                           
  2924                           ; 1 bytes @ 0x23
  2925   000024                     	ds	4
  2926   000028                     ___fldiv@rem:
  2927                           	callstack 0
  2928                           
  2929                           ; 4 bytes @ 0x27
  2930   000028                     	ds	4
  2931   00002C                     ___fldiv@sign:
  2932                           	callstack 0
  2933                           
  2934                           ; 1 bytes @ 0x2B
  2935   00002C                     	ds	1
  2936   00002D                     ___fldiv@new_exp:
  2937                           	callstack 0
  2938                           
  2939                           ; 2 bytes @ 0x2C
  2940   00002D                     	ds	2
  2941   00002F                     ___fldiv@grs:
  2942                           	callstack 0
  2943                           
  2944                           ; 4 bytes @ 0x2E
  2945   00002F                     	ds	4
  2946   000033                     ___fldiv@bexp:
  2947                           	callstack 0
  2948                           
  2949                           ; 1 bytes @ 0x32
  2950   000033                     	ds	1
  2951   000034                     ___fldiv@aexp:
  2952                           	callstack 0
  2953                           
  2954                           ; 1 bytes @ 0x33
  2955   000034                     	ds	1
  2956   000035                     ?___flmul:
  2957                           	callstack 0
  2958   000035                     ___flmul@b:
  2959                           	callstack 0
  2960                           
  2961                           ; 4 bytes @ 0x34
  2962   000035                     	ds	4
  2963   000039                     ___flmul@a:
  2964                           	callstack 0
  2965                           
  2966                           ; 4 bytes @ 0x38
  2967   000039                     	ds	4
  2968   00003D                     ??___flmul:
  2969                           
  2970                           ; 1 bytes @ 0x3C
  2971   00003D                     	ds	4
  2972   000041                     ___flmul@sign:
  2973                           	callstack 0
  2974                           
  2975                           ; 1 bytes @ 0x40
  2976   000041                     	ds	1
  2977   000042                     ___flmul@grs:
  2978                           	callstack 0
  2979                           
  2980                           ; 4 bytes @ 0x41
  2981   000042                     	ds	4
  2982   000046                     ___flmul@aexp:
  2983                           	callstack 0
  2984                           
  2985                           ; 1 bytes @ 0x45
  2986   000046                     	ds	1
  2987   000047                     ___flmul@bexp:
  2988                           	callstack 0
  2989                           
  2990                           ; 1 bytes @ 0x46
  2991   000047                     	ds	1
  2992   000048                     ___flmul@prod:
  2993                           	callstack 0
  2994                           
  2995                           ; 4 bytes @ 0x47
  2996   000048                     	ds	4
  2997   00004C                     ___flmul@temp:
  2998                           	callstack 0
  2999                           
  3000                           ; 2 bytes @ 0x4B
  3001   00004C                     	ds	2
  3002   00004E                     ?___fltol:
  3003                           	callstack 0
  3004   00004E                     ___fltol@f1:
  3005                           	callstack 0
  3006                           
  3007                           ; 4 bytes @ 0x4D
  3008   00004E                     	ds	4
  3009   000052                     ??___fltol:
  3010                           
  3011                           ; 1 bytes @ 0x51
  3012   000052                     	ds	4
  3013   000056                     ___fltol@sign1:
  3014                           	callstack 0
  3015                           
  3016                           ; 1 bytes @ 0x55
  3017   000056                     	ds	1
  3018   000057                     ___fltol@exp1:
  3019                           	callstack 0
  3020                           
  3021                           ; 1 bytes @ 0x56
  3022   000057                     	ds	1
  3023   000058                     ?_get_rpm:
  3024                           	callstack 0
  3025   000058                     ?_get_engine_temp:
  3026                           	callstack 0
  3027                           
  3028                           ; 2 bytes @ 0x57
  3029   000058                     	ds	2
  3030   00005A                     get_engine_temp@temp:
  3031                           	callstack 0
  3032   00005A                     get_rpm@sum:
  3033                           	callstack 0
  3034   00005A                     
  3035                           ; 1 bytes @ 0x59
  3036   00005A                     	ds	2
  3037   00005C                     get_engine_temp@val:
  3038                           	callstack 0
  3039                           
  3040                           ; 1 bytes @ 0x5B
  3041   00005C                     	ds	2
  3042   00005E                     get_rpm@i:
  3043                           	callstack 0
  3044                           
  3045                           ; 1 bytes @ 0x5D
  3046   00005E                     	ds	1
  3047                           
  3048 ;;
  3049 ;;Main: autosize = 0, tempsize = 4, incstack = 0, save=0
  3050 ;;
  3051 ;; *************** function _main *****************
  3052 ;; Defined at:
  3053 ;;		line 25 in file "ecu2_main.c"
  3054 ;; Parameters:    Size  Location     Type
  3055 ;;		None
  3056 ;; Auto vars:     Size  Location     Type
  3057 ;;  msg_id          2    4[BANK0 ] unsigned int 
  3058 ;;  rpm             2    6[BANK0 ] unsigned int 
  3059 ;;  temperature     1    8[BANK0 ] unsigned char 
  3060 ;; Return value:  Size  Location     Type
  3061 ;;                  2   47[None  ] int 
  3062 ;; Registers used:
  3063 ;;		wreg, status,2, status,0, tblptrl, tblptrh, tblptru, prodl, prodh, cstack
  3064 ;; Tracked objects:
  3065 ;;		On entry : 0/0
  3066 ;;		On exit  : 0/0
  3067 ;;		Unchanged: 0/0
  3068 ;; Data sizes:     COMRAM   BANK0   BANK1   BANK2   BANK3   BANK4   BANK5
  3069 ;;      Params:         0       0       0       0       0       0       0
  3070 ;;      Locals:         0       5       0       0       0       0       0
  3071 ;;      Temps:          0       4       0       0       0       0       0
  3072 ;;      Totals:         0       9       0       0       0       0       0
  3073 ;;Total ram usage:        9 bytes
  3074 ;; Hardware stack levels required when called: 3
  3075 ;; This function calls:
  3076 ;;		_can_receive
  3077 ;;		_can_transmit
  3078 ;;		_clcd_print
  3079 ;;		_clcd_write
  3080 ;;		_get_engine_temp
  3081 ;;		_get_rpm
  3082 ;;		_init_config
  3083 ;;		_process_indicator
  3084 ;; This function is called by:
  3085 ;;		Startup code after reset
  3086 ;; This function uses a non-reentrant model
  3087 ;;
  3088                           
  3089                           	psect	text0
  3090   002506                     __ptext0:
  3091                           	callstack 0
  3092   002506                     _main:
  3093                           	callstack 28
  3094   002506                     
  3095                           ;ecu2_main.c: 29:     init_config();
  3096   002506  ECE3  F00E         	call	_init_config	;wreg free
  3097   00250A                     
  3098                           ;ecu2_main.c: 30:     clcd_print("NORMAL MODE", (0x80 + (0)));
  3099   00250A  0EEE               	movlw	low STR_1
  3100   00250C  6E03               	movwf	clcd_print@data^0,c
  3101   00250E  0E2F               	movlw	high STR_1
  3102   002510  6E04               	movwf	(clcd_print@data+1)^0,c
  3103   002512  0E80               	movlw	128
  3104   002514  6E05               	movwf	clcd_print@addr^0,c
  3105   002516  EC2E  F00F         	call	_clcd_print	;wreg free
  3106   00251A                     l2487:
  3107                           
  3108                           ;ecu2_main.c: 32:     {;ecu2_main.c: 33:         if(can_receive())
  3109   00251A  ECBD  F00F         	call	_can_receive	;wreg free
  3110   00251E  0900               	iorlw	0
  3111   002520  B4D8               	btfsc	status,2,c
  3112   002522  EF95  F012         	goto	u1821
  3113   002526  EF97  F012         	goto	u1820
  3114   00252A                     u1821:
  3115   00252A  EFC3  F012         	goto	l2495
  3116   00252E                     u1820:
  3117   00252E                     
  3118                           ;ecu2_main.c: 34:         {;ecu2_main.c: 35:             unsigned int msg_id = (((unsign
      +                          ed int)can_payload[2] << 3) | ((unsigned int)can_payload[3] >> 5));
  3119   00252E  C063  F074         	movff	_can_payload+3,??_main
  3120   002532  0E05               	movlw	5
  3121   002534  0100               	movlb	0	; () banked
  3122   002536  6F75               	movwf	(??_main+1)& (0+255),b
  3123   002538                     u1835:
  3124   002538  90D8               	bcf	status,0,c
  3125   00253A  3374               	rrcf	??_main& (0+255),f,b
  3126   00253C  2F75               	decfsz	(??_main+1)& (0+255),f,b
  3127   00253E  EF9C  F012         	goto	u1835
  3128   002542  5174               	movf	??_main& (0+255),w,b
  3129   002544  C062  F076         	movff	_can_payload+2,??_main+2
  3130   002548  6B77               	clrf	(??_main+3)& (0+255),b
  3131   00254A  90D8               	bcf	status,0,c
  3132   00254C  3776               	rlcf	(??_main+2)& (0+255),f,b
  3133   00254E  3777               	rlcf	(??_main+3)& (0+255),f,b
  3134   002550  90D8               	bcf	status,0,c
  3135   002552  3776               	rlcf	(??_main+2)& (0+255),f,b
  3136   002554  3777               	rlcf	(??_main+3)& (0+255),f,b
  3137   002556  90D8               	bcf	status,0,c
  3138   002558  3776               	rlcf	(??_main+2)& (0+255),f,b
  3139   00255A  3777               	rlcf	(??_main+3)& (0+255),f,b
  3140   00255C  1176               	iorwf	(??_main+2)& (0+255),w,b
  3141   00255E  6F78               	movwf	main@msg_id& (0+255),b
  3142   002560  5177               	movf	(??_main+3)& (0+255),w,b
  3143   002562  6F79               	movwf	(main@msg_id+1)& (0+255),b
  3144                           
  3145                           ;ecu2_main.c: 37:             if(msg_id == 0x70)
  3146   002564  0E70               	movlw	112
  3147   002566  1978               	xorwf	main@msg_id& (0+255),w,b
  3148   002568  1179               	iorwf	(main@msg_id+1)& (0+255),w,b
  3149   00256A  A4D8               	btfss	status,2,c
  3150   00256C  EFBA  F012         	goto	u1841
  3151   002570  EFBC  F012         	goto	u1840
  3152   002574                     u1841:
  3153   002574  EFC3  F012         	goto	l2495
  3154   002578                     u1840:
  3155   002578                     
  3156                           ; BSR set to: 0
  3157                           ;ecu2_main.c: 38:             {;ecu2_main.c: 39:                 collison_flag = 1;
  3158   002578  0E01               	movlw	1
  3159   00257A  6F71               	movwf	_collison_flag& (0+255),b
  3160   00257C                     
  3161                           ; BSR set to: 0
  3162                           ;ecu2_main.c: 40:                 clcd_write(0x01, 0);
  3163   00257C  0E00               	movlw	0
  3164   00257E  6E01               	movwf	clcd_write@control_bit^0,c
  3165   002580  0E01               	movlw	1
  3166   002582  EC11  F00F         	call	_clcd_write
  3167   002586                     l2495:
  3168                           
  3169                           ;ecu2_main.c: 44:         if(!collison_flag)
  3170   002586  0100               	movlb	0	; () banked
  3171   002588  5171               	movf	_collison_flag& (0+255),w,b
  3172   00258A  A4D8               	btfss	status,2,c
  3173   00258C  EFCA  F012         	goto	u1851
  3174   002590  EFCC  F012         	goto	u1850
  3175   002594                     u1851:
  3176   002594  EFD8  F012         	goto	l2501
  3177   002598                     u1850:
  3178   002598                     
  3179                           ; BSR set to: 0
  3180                           ;ecu2_main.c: 45:         {;ecu2_main.c: 46:             rpm = get_rpm();
  3181   002598  EC93  F011         	call	_get_rpm	;wreg free
  3182   00259C  C058  F07A         	movff	?_get_rpm,main@rpm
  3183   0025A0  C059  F07B         	movff	?_get_rpm+1,main@rpm+1
  3184   0025A4                     
  3185                           ;ecu2_main.c: 47:             led_state = process_indicator();
  3186   0025A4  EC2B  F011         	call	_process_indicator	;wreg free
  3187   0025A8  0100               	movlb	0	; () banked
  3188   0025AA  6F73               	movwf	_led_state& (0+255),b	;volatile
  3189                           
  3190                           ;ecu2_main.c: 48:         }
  3191   0025AC  EFE6  F012         	goto	l2507
  3192   0025B0                     l2501:
  3193                           
  3194                           ; BSR set to: 0
  3195                           ;ecu2_main.c: 50:         {;ecu2_main.c: 51:             clcd_print("COLLISION MODE", (0
      +                          x80 + (0)));
  3196   0025B0  0EDF               	movlw	low STR_2
  3197   0025B2  6E03               	movwf	clcd_print@data^0,c
  3198   0025B4  0E2F               	movlw	high STR_2
  3199   0025B6  6E04               	movwf	(clcd_print@data+1)^0,c
  3200   0025B8  0E80               	movlw	128
  3201   0025BA  6E05               	movwf	clcd_print@addr^0,c
  3202   0025BC  EC2E  F00F         	call	_clcd_print	;wreg free
  3203   0025C0                     
  3204                           ;ecu2_main.c: 52:             rpm = 0;
  3205   0025C0  0100               	movlb	0	; () banked
  3206   0025C2  6B7B               	clrf	(main@rpm+1)& (0+255),b
  3207   0025C4  0E00               	movlw	0
  3208   0025C6  6F7A               	movwf	main@rpm& (0+255),b
  3209   0025C8                     
  3210                           ; BSR set to: 0
  3211                           ;ecu2_main.c: 53:             led_state = e_ind_hazard;
  3212   0025C8  0E03               	movlw	3
  3213   0025CA  6F73               	movwf	_led_state& (0+255),b	;volatile
  3214   0025CC                     l2507:
  3215                           
  3216                           ; BSR set to: 0
  3217                           ;ecu2_main.c: 56:         temperature = get_engine_temp();
  3218   0025CC  EC4A  F010         	call	_get_engine_temp	;wreg free
  3219   0025D0  5058               	movf	?_get_engine_temp^0,w,c
  3220   0025D2  0100               	movlb	0	; () banked
  3221   0025D4  6F7C               	movwf	main@temperature& (0+255),b
  3222   0025D6                     l53:
  3223   0025D6  010F               	movlb	15	; () banked
  3224   0025D8  B740               	btfsc	64,3,b	;volatile
  3225   0025DA  EFF1  F012         	goto	u1861
  3226   0025DE  EFF3  F012         	goto	u1860
  3227   0025E2                     u1861:
  3228   0025E2  EFEB  F012         	goto	l53
  3229   0025E6                     u1860:
  3230   0025E6                     
  3231                           ; BSR set to: 15
  3232                           ;ecu2_main.c: 59:         can_transmit(0x30, rpm);
  3233   0025E6  6A02               	clrf	(can_transmit@msg_id+1)^0,c
  3234   0025E8  0E30               	movlw	48
  3235   0025EA  6E01               	movwf	can_transmit@msg_id^0,c
  3236   0025EC  C07A  F003         	movff	main@rpm,can_transmit@data
  3237   0025F0  C07B  F004         	movff	main@rpm+1,can_transmit@data+1
  3238   0025F4  EC73  F00F         	call	_can_transmit	;wreg free
  3239   0025F8                     
  3240                           ;ecu2_main.c: 60:         _delay((unsigned long)((10)*(20000000/4000.0)));
  3241   0025F8  0E41               	movlw	65
  3242   0025FA  0100               	movlb	0	; () banked
  3243   0025FC  6F74               	movwf	??_main& (0+255),b
  3244   0025FE  0EEE               	movlw	238
  3245   002600                     u1897:
  3246   002600  2EE8               	decfsz	wreg,f,c
  3247   002602  D7FE               	bra	u1897
  3248   002604  2F74               	decfsz	??_main& (0+255),f,b
  3249   002606  D7FC               	bra	u1897
  3250   002608  0000               	nop	
  3251   00260A                     l56:
  3252                           
  3253                           ;ecu2_main.c: 62:         while(TXB0REQ)
  3254   00260A  010F               	movlb	15	; () banked
  3255   00260C  B740               	btfsc	64,3,b	;volatile
  3256   00260E  EF0B  F013         	goto	u1871
  3257   002612  EF0D  F013         	goto	u1870
  3258   002616                     u1871:
  3259   002616  EF05  F013         	goto	l56
  3260   00261A                     u1870:
  3261   00261A                     
  3262                           ; BSR set to: 15
  3263                           ;ecu2_main.c: 66:         can_transmit(0x40, temperature);
  3264   00261A  6A02               	clrf	(can_transmit@msg_id+1)^0,c
  3265   00261C  0E40               	movlw	64
  3266   00261E  6E01               	movwf	can_transmit@msg_id^0,c
  3267   002620  C07C  F003         	movff	main@temperature,can_transmit@data
  3268   002624  6A04               	clrf	(can_transmit@data+1)^0,c
  3269   002626  EC73  F00F         	call	_can_transmit	;wreg free
  3270   00262A                     
  3271                           ;ecu2_main.c: 67:         _delay((unsigned long)((10)*(20000000/4000.0)));
  3272   00262A  0E41               	movlw	65
  3273   00262C  0100               	movlb	0	; () banked
  3274   00262E  6F74               	movwf	??_main& (0+255),b
  3275   002630  0EEE               	movlw	238
  3276   002632                     u1907:
  3277   002632  2EE8               	decfsz	wreg,f,c
  3278   002634  D7FE               	bra	u1907
  3279   002636  2F74               	decfsz	??_main& (0+255),f,b
  3280   002638  D7FC               	bra	u1907
  3281   00263A  0000               	nop	
  3282   00263C                     l59:
  3283                           
  3284                           ;ecu2_main.c: 69:         while(TXB0REQ)
  3285   00263C  010F               	movlb	15	; () banked
  3286   00263E  B740               	btfsc	64,3,b	;volatile
  3287   002640  EF24  F013         	goto	u1881
  3288   002644  EF26  F013         	goto	u1880
  3289   002648                     u1881:
  3290   002648  EF1E  F013         	goto	l59
  3291   00264C                     u1880:
  3292   00264C                     
  3293                           ; BSR set to: 15
  3294                           ;ecu2_main.c: 73:         can_transmit(0x50, led_state);
  3295   00264C  6A02               	clrf	(can_transmit@msg_id+1)^0,c
  3296   00264E  0E50               	movlw	80
  3297   002650  6E01               	movwf	can_transmit@msg_id^0,c
  3298   002652  C073  F003         	movff	_led_state,can_transmit@data	;volatile
  3299   002656  6A04               	clrf	(can_transmit@data+1)^0,c
  3300   002658  EC73  F00F         	call	_can_transmit	;wreg free
  3301   00265C                     
  3302                           ;ecu2_main.c: 74:         _delay((unsigned long)((10)*(20000000/4000.0)));
  3303   00265C  0E41               	movlw	65
  3304   00265E  0100               	movlb	0	; () banked
  3305   002660  6F74               	movwf	??_main& (0+255),b
  3306   002662  0EEE               	movlw	238
  3307   002664                     u1917:
  3308   002664  2EE8               	decfsz	wreg,f,c
  3309   002666  D7FE               	bra	u1917
  3310   002668  2F74               	decfsz	??_main& (0+255),f,b
  3311   00266A  D7FC               	bra	u1917
  3312   00266C  0000               	nop	
  3313   00266E  EF8D  F012         	goto	l2487
  3314   002672  EFFE  F017         	goto	start
  3315   002676                     __end_of_main:
  3316                           	callstack 0
  3317                           
  3318 ;; *************** function _process_indicator *****************
  3319 ;; Defined at:
  3320 ;;		line 33 in file "ecu2_sensor.c"
  3321 ;; Parameters:    Size  Location     Type
  3322 ;;		None
  3323 ;; Auto vars:     Size  Location     Type
  3324 ;;  sw              1    1[COMRAM] unsigned char 
  3325 ;; Return value:  Size  Location     Type
  3326 ;;                  1    wreg      enum E10484
  3327 ;; Registers used:
  3328 ;;		wreg, status,2, status,0, cstack
  3329 ;; Tracked objects:
  3330 ;;		On entry : 0/0
  3331 ;;		On exit  : 0/0
  3332 ;;		Unchanged: 0/0
  3333 ;; Data sizes:     COMRAM   BANK0   BANK1   BANK2   BANK3   BANK4   BANK5
  3334 ;;      Params:         0       0       0       0       0       0       0
  3335 ;;      Locals:         1       0       0       0       0       0       0
  3336 ;;      Temps:          0       0       0       0       0       0       0
  3337 ;;      Totals:         1       0       0       0       0       0       0
  3338 ;;Total ram usage:        1 bytes
  3339 ;; Hardware stack levels used: 1
  3340 ;; Hardware stack levels required when called: 2
  3341 ;; This function calls:
  3342 ;;		_read_switches
  3343 ;; This function is called by:
  3344 ;;		_main
  3345 ;; This function uses a non-reentrant model
  3346 ;;
  3347                           
  3348                           	psect	text1
  3349   002256                     __ptext1:
  3350                           	callstack 0
  3351   002256                     _process_indicator:
  3352                           	callstack 28
  3353   002256                     
  3354                           ;ecu2_sensor.c: 35:    unsigned char sw = read_switches(1);
  3355   002256  0E01               	movlw	1
  3356   002258  EC0F  F010         	call	_read_switches
  3357   00225C  6E02               	movwf	process_indicator@sw^0,c
  3358   00225E                     
  3359                           ;ecu2_sensor.c: 37:     prev_ind_status = cur_ind_status;
  3360   00225E  C070  F05F         	movff	_cur_ind_status,_prev_ind_status	;volatile
  3361   002262                     
  3362                           ;ecu2_sensor.c: 39:     if(prev_ind_status == e_ind_hazard && sw != 3)
  3363   002262  0E03               	movlw	3
  3364   002264  185F               	xorwf	_prev_ind_status^0,w,c	;volatile
  3365   002266  A4D8               	btfss	status,2,c
  3366   002268  EF38  F011         	goto	u1731
  3367   00226C  EF3A  F011         	goto	u1730
  3368   002270                     u1731:
  3369   002270  EF47  F011         	goto	l2417
  3370   002274                     u1730:
  3371   002274  0E03               	movlw	3
  3372   002276  1802               	xorwf	process_indicator@sw^0,w,c
  3373   002278  B4D8               	btfsc	status,2,c
  3374   00227A  EF41  F011         	goto	u1741
  3375   00227E  EF43  F011         	goto	u1740
  3376   002282                     u1741:
  3377   002282  EF47  F011         	goto	l2417
  3378   002286                     u1740:
  3379   002286                     l2413:
  3380                           
  3381                           ;ecu2_sensor.c: 40:         return cur_ind_status;
  3382   002286  0100               	movlb	0	; () banked
  3383   002288  5170               	movf	_cur_ind_status& (0+255),w,b	;volatile
  3384   00228A  EF92  F011         	goto	l95
  3385   00228E                     l2417:
  3386                           
  3387                           ;ecu2_sensor.c: 42:     if(sw == 1)
  3388   00228E  0402               	decf	process_indicator@sw^0,w,c
  3389   002290  A4D8               	btfss	status,2,c
  3390   002292  EF4D  F011         	goto	u1751
  3391   002296  EF4F  F011         	goto	u1750
  3392   00229A                     u1751:
  3393   00229A  EF60  F011         	goto	l2425
  3394   00229E                     u1750:
  3395   00229E                     
  3396                           ;ecu2_sensor.c: 43:     {;ecu2_sensor.c: 44:         if(prev_ind_status == e_ind_left)
  3397   00229E  045F               	decf	_prev_ind_status^0,w,c	;volatile
  3398   0022A0  A4D8               	btfss	status,2,c
  3399   0022A2  EF55  F011         	goto	u1761
  3400   0022A6  EF57  F011         	goto	u1760
  3401   0022AA                     u1761:
  3402   0022AA  EF5B  F011         	goto	l2423
  3403   0022AE                     u1760:
  3404   0022AE                     l2421:
  3405                           
  3406                           ;ecu2_sensor.c: 45:             cur_ind_status = e_ind_off;
  3407   0022AE  0100               	movlb	0	; () banked
  3408   0022B0  6B70               	clrf	_cur_ind_status& (0+255),b	;volatile
  3409   0022B2  EF43  F011         	goto	l2413
  3410   0022B6                     l2423:
  3411                           
  3412                           ;ecu2_sensor.c: 47:             cur_ind_status = e_ind_left;
  3413   0022B6  0E01               	movlw	1
  3414   0022B8  0100               	movlb	0	; () banked
  3415   0022BA  6F70               	movwf	_cur_ind_status& (0+255),b	;volatile
  3416   0022BC  EF43  F011         	goto	l2413
  3417   0022C0                     l2425:
  3418   0022C0  0E02               	movlw	2
  3419   0022C2  1802               	xorwf	process_indicator@sw^0,w,c
  3420   0022C4  A4D8               	btfss	status,2,c
  3421   0022C6  EF67  F011         	goto	u1771
  3422   0022CA  EF69  F011         	goto	u1770
  3423   0022CE                     u1771:
  3424   0022CE  EF79  F011         	goto	l2433
  3425   0022D2                     u1770:
  3426   0022D2                     
  3427                           ;ecu2_sensor.c: 50:     {;ecu2_sensor.c: 51:         if(prev_ind_status == e_ind_right)
  3428   0022D2  0E02               	movlw	2
  3429   0022D4  185F               	xorwf	_prev_ind_status^0,w,c	;volatile
  3430   0022D6  A4D8               	btfss	status,2,c
  3431   0022D8  EF70  F011         	goto	u1781
  3432   0022DC  EF72  F011         	goto	u1780
  3433   0022E0                     u1781:
  3434   0022E0  EF74  F011         	goto	l2431
  3435   0022E4                     u1780:
  3436   0022E4  EF57  F011         	goto	l2421
  3437   0022E8                     l2431:
  3438                           
  3439                           ;ecu2_sensor.c: 54:             cur_ind_status = e_ind_right;
  3440   0022E8  0E02               	movlw	2
  3441   0022EA  0100               	movlb	0	; () banked
  3442   0022EC  6F70               	movwf	_cur_ind_status& (0+255),b	;volatile
  3443   0022EE  EF43  F011         	goto	l2413
  3444   0022F2                     l2433:
  3445   0022F2  0E03               	movlw	3
  3446   0022F4  1802               	xorwf	process_indicator@sw^0,w,c
  3447   0022F6  A4D8               	btfss	status,2,c
  3448   0022F8  EF80  F011         	goto	u1791
  3449   0022FC  EF82  F011         	goto	u1790
  3450   002300                     u1791:
  3451   002300  EF43  F011         	goto	l2413
  3452   002304                     u1790:
  3453   002304                     
  3454                           ;ecu2_sensor.c: 57:     {;ecu2_sensor.c: 58:         if(prev_ind_status == e_ind_hazard)
  3455   002304  0E03               	movlw	3
  3456   002306  185F               	xorwf	_prev_ind_status^0,w,c	;volatile
  3457   002308  A4D8               	btfss	status,2,c
  3458   00230A  EF89  F011         	goto	u1801
  3459   00230E  EF8B  F011         	goto	u1800
  3460   002312                     u1801:
  3461   002312  EF8D  F011         	goto	l2439
  3462   002316                     u1800:
  3463   002316  EF57  F011         	goto	l2421
  3464   00231A                     l2439:
  3465                           
  3466                           ;ecu2_sensor.c: 61:             cur_ind_status = e_ind_hazard;
  3467   00231A  0E03               	movlw	3
  3468   00231C  0100               	movlb	0	; () banked
  3469   00231E  6F70               	movwf	_cur_ind_status& (0+255),b	;volatile
  3470   002320  EF43  F011         	goto	l2413
  3471   002324                     l95:
  3472                           
  3473                           ; BSR set to: 0
  3474   002324  0012               	return		;funcret
  3475   002326                     __end_of_process_indicator:
  3476                           	callstack 0
  3477                           
  3478 ;; *************** function _read_switches *****************
  3479 ;; Defined at:
  3480 ;;		line 88 in file "matrix_keypad.c"
  3481 ;; Parameters:    Size  Location     Type
  3482 ;;  detection_ty    1    wreg     unsigned char 
  3483 ;; Auto vars:     Size  Location     Type
  3484 ;;  detection_ty    1    0[COMRAM] unsigned char 
  3485 ;; Return value:  Size  Location     Type
  3486 ;;                  1    wreg      unsigned char 
  3487 ;; Registers used:
  3488 ;;		wreg, status,2, status,0, cstack
  3489 ;; Tracked objects:
  3490 ;;		On entry : 0/0
  3491 ;;		On exit  : 0/0
  3492 ;;		Unchanged: 0/0
  3493 ;; Data sizes:     COMRAM   BANK0   BANK1   BANK2   BANK3   BANK4   BANK5
  3494 ;;      Params:         0       0       0       0       0       0       0
  3495 ;;      Locals:         1       0       0       0       0       0       0
  3496 ;;      Temps:          0       0       0       0       0       0       0
  3497 ;;      Totals:         1       0       0       0       0       0       0
  3498 ;;Total ram usage:        1 bytes
  3499 ;; Hardware stack levels used: 1
  3500 ;; Hardware stack levels required when called: 1
  3501 ;; This function calls:
  3502 ;;		_scan_key
  3503 ;; This function is called by:
  3504 ;;		_process_indicator
  3505 ;; This function uses a non-reentrant model
  3506 ;;
  3507                           
  3508                           	psect	text2
  3509   00201E                     __ptext2:
  3510                           	callstack 0
  3511   00201E                     _read_switches:
  3512                           	callstack 28
  3513                           
  3514                           ; BSR set to: 0
  3515                           ;incstack = 0
  3516                           ;read_switches@detection_type stored from wreg
  3517   00201E  6E01               	movwf	read_switches@detection_type^0,c
  3518   002020                     
  3519                           ;matrix_keypad.c: 88: unsigned char read_switches(unsigned char detection_type);matrix_k
      +                          eypad.c: 89: {;matrix_keypad.c: 90:  static unsigned char once = 1, key;;matrix_keypad.c
      +                          : 92:  if (detection_type == 1)
  3520   002020  0401               	decf	read_switches@detection_type^0,w,c
  3521   002022  A4D8               	btfss	status,2,c
  3522   002024  EF16  F010         	goto	u1031
  3523   002028  EF18  F010         	goto	u1030
  3524   00202C                     u1031:
  3525   00202C  EF3C  F010         	goto	l1967
  3526   002030                     u1030:
  3527   002030                     
  3528                           ;matrix_keypad.c: 93:  {;matrix_keypad.c: 94:   key = scan_key();
  3529   002030  ECE5  F00F         	call	_scan_key	;wreg free
  3530   002034  0100               	movlb	0	; () banked
  3531   002036  6F6F               	movwf	read_switches@key& (0+255),b
  3532   002038                     
  3533                           ; BSR set to: 0
  3534                           ;matrix_keypad.c: 95:   if(key != 0xFF && once )
  3535   002038  296F               	incf	read_switches@key& (0+255),w,b
  3536   00203A  B4D8               	btfsc	status,2,c
  3537   00203C  EF22  F010         	goto	u1041
  3538   002040  EF24  F010         	goto	u1040
  3539   002044                     u1041:
  3540   002044  EF30  F010         	goto	l1963
  3541   002048                     u1040:
  3542   002048                     
  3543                           ; BSR set to: 0
  3544   002048  517D               	movf	read_switches@once& (0+255),w,b
  3545   00204A  B4D8               	btfsc	status,2,c
  3546   00204C  EF2A  F010         	goto	u1051
  3547   002050  EF2C  F010         	goto	u1050
  3548   002054                     u1051:
  3549   002054  EF30  F010         	goto	l1963
  3550   002058                     u1050:
  3551   002058                     
  3552                           ; BSR set to: 0
  3553                           ;matrix_keypad.c: 96:   {;matrix_keypad.c: 97:    once = 0;
  3554   002058  6B7D               	clrf	read_switches@once& (0+255),b
  3555   00205A                     
  3556                           ; BSR set to: 0
  3557                           ;matrix_keypad.c: 98:    return key;
  3558   00205A  516F               	movf	read_switches@key& (0+255),w,b
  3559   00205C  EF49  F010         	goto	l137
  3560   002060                     l1963:
  3561                           
  3562                           ; BSR set to: 0
  3563   002060  296F               	incf	read_switches@key& (0+255),w,b
  3564   002062  A4D8               	btfss	status,2,c
  3565   002064  EF36  F010         	goto	u1061
  3566   002068  EF38  F010         	goto	u1060
  3567   00206C                     u1061:
  3568   00206C  EF48  F010         	goto	l1973
  3569   002070                     u1060:
  3570   002070                     
  3571                           ; BSR set to: 0
  3572                           ;matrix_keypad.c: 101:   {;matrix_keypad.c: 102:    once = 1;
  3573   002070  0E01               	movlw	1
  3574   002072  6F7D               	movwf	read_switches@once& (0+255),b
  3575   002074  EF48  F010         	goto	l1973
  3576   002078                     l1967:
  3577   002078  5001               	movf	read_switches@detection_type^0,w,c
  3578   00207A  A4D8               	btfss	status,2,c
  3579   00207C  EF42  F010         	goto	u1071
  3580   002080  EF44  F010         	goto	u1070
  3581   002084                     u1071:
  3582   002084  EF48  F010         	goto	l1973
  3583   002088                     u1070:
  3584   002088                     
  3585                           ;matrix_keypad.c: 106:  {;matrix_keypad.c: 107:   return scan_key();
  3586   002088  ECE5  F00F         	call	_scan_key	;wreg free
  3587   00208C  EF49  F010         	goto	l137
  3588   002090                     l1973:
  3589                           
  3590                           ;matrix_keypad.c: 110:  return 0xFF;
  3591   002090  0EFF               	movlw	255
  3592   002092                     l137:
  3593   002092  0012               	return		;funcret
  3594   002094                     __end_of_read_switches:
  3595                           	callstack 0
  3596                           
  3597 ;; *************** function _scan_key *****************
  3598 ;; Defined at:
  3599 ;;		line 18 in file "matrix_keypad.c"
  3600 ;; Parameters:    Size  Location     Type
  3601 ;;		None
  3602 ;; Auto vars:     Size  Location     Type
  3603 ;;		None
  3604 ;; Return value:  Size  Location     Type
  3605 ;;                  1    wreg      unsigned char 
  3606 ;; Registers used:
  3607 ;;		wreg
  3608 ;; Tracked objects:
  3609 ;;		On entry : 0/0
  3610 ;;		On exit  : 0/0
  3611 ;;		Unchanged: 0/0
  3612 ;; Data sizes:     COMRAM   BANK0   BANK1   BANK2   BANK3   BANK4   BANK5
  3613 ;;      Params:         0       0       0       0       0       0       0
  3614 ;;      Locals:         0       0       0       0       0       0       0
  3615 ;;      Temps:          0       0       0       0       0       0       0
  3616 ;;      Totals:         0       0       0       0       0       0       0
  3617 ;;Total ram usage:        0 bytes
  3618 ;; Hardware stack levels used: 1
  3619 ;; This function calls:
  3620 ;;		Nothing
  3621 ;; This function is called by:
  3622 ;;		_read_switches
  3623 ;; This function uses a non-reentrant model
  3624 ;;
  3625                           
  3626                           	psect	text3
  3627   001FCA                     __ptext3:
  3628                           	callstack 0
  3629   001FCA                     _scan_key:
  3630                           	callstack 28
  3631   001FCA                     
  3632                           ;matrix_keypad.c: 20:  PORTBbits.RB5 = 0;
  3633   001FCA  9A81               	bcf	129,5,c	;volatile
  3634                           
  3635                           ;matrix_keypad.c: 21:  PORTBbits.RB6 = 1;
  3636   001FCC  8C81               	bsf	129,6,c	;volatile
  3637                           
  3638                           ;matrix_keypad.c: 22:  PORTBbits.RB7 = 1;
  3639   001FCE  8E81               	bsf	129,7,c	;volatile
  3640                           
  3641                           ;matrix_keypad.c: 24:  if (PORTBbits.RB1 == 0)
  3642   001FD0  B281               	btfsc	129,1,c	;volatile
  3643   001FD2  EFED  F00F         	goto	u981
  3644   001FD6  EFEF  F00F         	goto	u980
  3645   001FDA                     u981:
  3646   001FDA  EFF2  F00F         	goto	l125
  3647   001FDE                     u980:
  3648   001FDE                     
  3649                           ;matrix_keypad.c: 25:  {;matrix_keypad.c: 26:   return 1;
  3650   001FDE  0E01               	movlw	1
  3651   001FE0  EF0E  F010         	goto	l126
  3652   001FE4                     l125:
  3653                           
  3654                           ;matrix_keypad.c: 41:  PORTBbits.RB5 = 1;
  3655   001FE4  8A81               	bsf	129,5,c	;volatile
  3656                           
  3657                           ;matrix_keypad.c: 42:  PORTBbits.RB6 = 0;
  3658   001FE6  9C81               	bcf	129,6,c	;volatile
  3659                           
  3660                           ;matrix_keypad.c: 43:  PORTBbits.RB7 = 1;
  3661   001FE8  8E81               	bsf	129,7,c	;volatile
  3662                           
  3663                           ;matrix_keypad.c: 45:  if (PORTBbits.RB1 == 0)
  3664   001FEA  B281               	btfsc	129,1,c	;volatile
  3665   001FEC  EFFA  F00F         	goto	u991
  3666   001FF0  EFFC  F00F         	goto	u990
  3667   001FF4                     u991:
  3668   001FF4  EFFF  F00F         	goto	l127
  3669   001FF8                     u990:
  3670   001FF8                     
  3671                           ;matrix_keypad.c: 46:  {;matrix_keypad.c: 47:   return 2;
  3672   001FF8  0E02               	movlw	2
  3673   001FFA  EF0E  F010         	goto	l126
  3674   001FFE                     l127:
  3675                           
  3676                           ;matrix_keypad.c: 62:  PORTBbits.RB5 = 1;
  3677   001FFE  8A81               	bsf	129,5,c	;volatile
  3678                           
  3679                           ;matrix_keypad.c: 63:  PORTBbits.RB6 = 1;
  3680   002000  8C81               	bsf	129,6,c	;volatile
  3681                           
  3682                           ;matrix_keypad.c: 64:  PORTBbits.RB7 = 0;
  3683   002002  9E81               	bcf	129,7,c	;volatile
  3684                           
  3685                           ;matrix_keypad.c: 66:  PORTBbits.RB7 = 0;
  3686   002004  9E81               	bcf	129,7,c	;volatile
  3687                           
  3688                           ;matrix_keypad.c: 68:  if (PORTBbits.RB1 == 0)
  3689   002006  B281               	btfsc	129,1,c	;volatile
  3690   002008  EF08  F010         	goto	u1001
  3691   00200C  EF0A  F010         	goto	u1000
  3692   002010                     u1001:
  3693   002010  EF0D  F010         	goto	l1865
  3694   002014                     u1000:
  3695   002014                     
  3696                           ;matrix_keypad.c: 69:  {;matrix_keypad.c: 70:   return 3;
  3697   002014  0E03               	movlw	3
  3698   002016  EF0E  F010         	goto	l126
  3699   00201A                     l1865:
  3700                           
  3701                           ;matrix_keypad.c: 85:  return 0xFF;
  3702   00201A  0EFF               	movlw	255
  3703   00201C                     l126:
  3704   00201C  0012               	return		;funcret
  3705   00201E                     __end_of_scan_key:
  3706                           	callstack 0
  3707                           
  3708 ;; *************** function _init_config *****************
  3709 ;; Defined at:
  3710 ;;		line 13 in file "ecu2_main.c"
  3711 ;; Parameters:    Size  Location     Type
  3712 ;;		None
  3713 ;; Auto vars:     Size  Location     Type
  3714 ;;		None
  3715 ;; Return value:  Size  Location     Type
  3716 ;;                  1    wreg      void 
  3717 ;; Registers used:
  3718 ;;		wreg, status,2, status,0, cstack
  3719 ;; Tracked objects:
  3720 ;;		On entry : 0/0
  3721 ;;		On exit  : 0/0
  3722 ;;		Unchanged: 0/0
  3723 ;; Data sizes:     COMRAM   BANK0   BANK1   BANK2   BANK3   BANK4   BANK5
  3724 ;;      Params:         0       0       0       0       0       0       0
  3725 ;;      Locals:         0       0       0       0       0       0       0
  3726 ;;      Temps:          0       0       0       0       0       0       0
  3727 ;;      Totals:         0       0       0       0       0       0       0
  3728 ;;Total ram usage:        0 bytes
  3729 ;; Hardware stack levels used: 1
  3730 ;; Hardware stack levels required when called: 2
  3731 ;; This function calls:
  3732 ;;		_init_adc
  3733 ;;		_init_can
  3734 ;;		_init_clcd
  3735 ;;		_init_matrix_keypad
  3736 ;; This function is called by:
  3737 ;;		_main
  3738 ;; This function uses a non-reentrant model
  3739 ;;
  3740                           
  3741                           	psect	text4
  3742   001DC6                     __ptext4:
  3743                           	callstack 0
  3744   001DC6                     _init_config:
  3745                           	callstack 28
  3746   001DC6                     
  3747                           ;ecu2_main.c: 15:     init_adc();
  3748   001DC6  ECEE  F00E         	call	_init_adc	;wreg free
  3749   001DCA                     
  3750                           ;ecu2_main.c: 16:     init_matrix_keypad();
  3751   001DCA  ECDA  F00E         	call	_init_matrix_keypad	;wreg free
  3752   001DCE                     
  3753                           ;ecu2_main.c: 18:     init_can();
  3754   001DCE  EC97  F00F         	call	_init_can	;wreg free
  3755   001DD2                     
  3756                           ;ecu2_main.c: 19:     init_clcd();
  3757   001DD2  ECD8  F010         	call	_init_clcd	;wreg free
  3758   001DD6                     
  3759                           ;ecu2_main.c: 21:     GIE = 1;
  3760   001DD6  8EF2               	bsf	4082,7,c	;volatile
  3761   001DD8                     
  3762                           ;ecu2_main.c: 22:     PEIE = 1;
  3763   001DD8  8CF2               	bsf	4082,6,c	;volatile
  3764   001DDA  0012               	return		;funcret
  3765   001DDC                     __end_of_init_config:
  3766                           	callstack 0
  3767                           
  3768 ;; *************** function _init_matrix_keypad *****************
  3769 ;; Defined at:
  3770 ;;		line 4 in file "matrix_keypad.c"
  3771 ;; Parameters:    Size  Location     Type
  3772 ;;		None
  3773 ;; Auto vars:     Size  Location     Type
  3774 ;;		None
  3775 ;; Return value:  Size  Location     Type
  3776 ;;                  1    wreg      void 
  3777 ;; Registers used:
  3778 ;;		wreg, status,2, status,0
  3779 ;; Tracked objects:
  3780 ;;		On entry : 0/0
  3781 ;;		On exit  : 0/0
  3782 ;;		Unchanged: 0/0
  3783 ;; Data sizes:     COMRAM   BANK0   BANK1   BANK2   BANK3   BANK4   BANK5
  3784 ;;      Params:         0       0       0       0       0       0       0
  3785 ;;      Locals:         0       0       0       0       0       0       0
  3786 ;;      Temps:          0       0       0       0       0       0       0
  3787 ;;      Totals:         0       0       0       0       0       0       0
  3788 ;;Total ram usage:        0 bytes
  3789 ;; Hardware stack levels used: 1
  3790 ;; This function calls:
  3791 ;;		Nothing
  3792 ;; This function is called by:
  3793 ;;		_init_config
  3794 ;; This function uses a non-reentrant model
  3795 ;;
  3796                           
  3797                           	psect	text5
  3798   001DB4                     __ptext5:
  3799                           	callstack 0
  3800   001DB4                     _init_matrix_keypad:
  3801                           	callstack 29
  3802   001DB4                     
  3803                           ;matrix_keypad.c: 7:  ADCON1 = 0x0F;
  3804   001DB4  0E0F               	movlw	15
  3805   001DB6  6EC1               	movwf	193,c	;volatile
  3806                           
  3807                           ;matrix_keypad.c: 10:  TRISB = 0x0E;
  3808   001DB8  0E0E               	movlw	14
  3809   001DBA  6E93               	movwf	147,c	;volatile
  3810   001DBC                     
  3811                           ;matrix_keypad.c: 13:  RBPU = 0;
  3812   001DBC  9EF1               	bcf	4081,7,c	;volatile
  3813   001DBE                     
  3814                           ;matrix_keypad.c: 15:  PORTB = PORTB | 0xE0;
  3815   001DBE  5081               	movf	129,w,c	;volatile
  3816   001DC0  09E0               	iorlw	224
  3817   001DC2  6E81               	movwf	129,c	;volatile
  3818   001DC4  0012               	return		;funcret
  3819   001DC6                     __end_of_init_matrix_keypad:
  3820                           	callstack 0
  3821                           
  3822 ;; *************** function _init_clcd *****************
  3823 ;; Defined at:
  3824 ;;		line 27 in file "clcd.c"
  3825 ;; Parameters:    Size  Location     Type
  3826 ;;		None
  3827 ;; Auto vars:     Size  Location     Type
  3828 ;;		None
  3829 ;; Return value:  Size  Location     Type
  3830 ;;                  1    wreg      void 
  3831 ;; Registers used:
  3832 ;;		wreg, status,2, status,0, cstack
  3833 ;; Tracked objects:
  3834 ;;		On entry : 0/0
  3835 ;;		On exit  : 0/0
  3836 ;;		Unchanged: 0/0
  3837 ;; Data sizes:     COMRAM   BANK0   BANK1   BANK2   BANK3   BANK4   BANK5
  3838 ;;      Params:         0       0       0       0       0       0       0
  3839 ;;      Locals:         0       0       0       0       0       0       0
  3840 ;;      Temps:          1       0       0       0       0       0       0
  3841 ;;      Totals:         1       0       0       0       0       0       0
  3842 ;;Total ram usage:        1 bytes
  3843 ;; Hardware stack levels used: 1
  3844 ;; Hardware stack levels required when called: 1
  3845 ;; This function calls:
  3846 ;;		_clcd_write
  3847 ;; This function is called by:
  3848 ;;		_init_config
  3849 ;; This function uses a non-reentrant model
  3850 ;;
  3851                           
  3852                           	psect	text6
  3853   0021B0                     __ptext6:
  3854                           	callstack 0
  3855   0021B0                     _init_clcd:
  3856                           	callstack 28
  3857   0021B0                     
  3858                           ;clcd.c: 30:  TRISD = 0x00;
  3859   0021B0  6A95               	clrf	149,c	;volatile
  3860   0021B2                     
  3861                           ;clcd.c: 32:  TRISC = TRISC & 0xF8;
  3862   0021B2  5094               	movf	148,w,c	;volatile
  3863   0021B4  0BF8               	andlw	248
  3864   0021B6  6E94               	movwf	148,c	;volatile
  3865   0021B8                     
  3866                           ;clcd.c: 34:  RC0 = 0;
  3867   0021B8  9082               	bcf	3970,0,c	;volatile
  3868   0021BA                     
  3869                           ;clcd.c: 38:     _delay((unsigned long)((30)*(20000000/4000.0)));
  3870   0021BA  0EC3               	movlw	195
  3871   0021BC  6E03               	movwf	??_init_clcd^0,c
  3872   0021BE  0ECD               	movlw	205
  3873   0021C0                     u1927:
  3874   0021C0  2EE8               	decfsz	wreg,f,c
  3875   0021C2  D7FE               	bra	u1927
  3876   0021C4  2E03               	decfsz	??_init_clcd^0,f,c
  3877   0021C6  D7FC               	bra	u1927
  3878   0021C8  0000               	nop	
  3879   0021CA                     
  3880                           ;clcd.c: 41:     clcd_write(0x33, 0 );
  3881   0021CA  0E00               	movlw	0
  3882   0021CC  6E01               	movwf	clcd_write@control_bit^0,c
  3883   0021CE  0E33               	movlw	51
  3884   0021D0  EC11  F00F         	call	_clcd_write
  3885   0021D4                     
  3886                           ;clcd.c: 42:     _delay((unsigned long)((4100)*(20000000/4000000.0)));
  3887   0021D4  0E1B               	movlw	27
  3888   0021D6  6E03               	movwf	??_init_clcd^0,c
  3889   0021D8  0E9E               	movlw	158
  3890   0021DA                     u1937:
  3891   0021DA  2EE8               	decfsz	wreg,f,c
  3892   0021DC  D7FE               	bra	u1937
  3893   0021DE  2E03               	decfsz	??_init_clcd^0,f,c
  3894   0021E0  D7FC               	bra	u1937
  3895   0021E2  D000               	nop2	
  3896   0021E4                     
  3897                           ;clcd.c: 43:     clcd_write(0x33, 0 );
  3898   0021E4  0E00               	movlw	0
  3899   0021E6  6E01               	movwf	clcd_write@control_bit^0,c
  3900   0021E8  0E33               	movlw	51
  3901   0021EA  EC11  F00F         	call	_clcd_write
  3902   0021EE                     
  3903                           ;clcd.c: 44:     _delay((unsigned long)((100)*(20000000/4000000.0)));
  3904   0021EE  0EA6               	movlw	166
  3905   0021F0                     u1947:
  3906   0021F0  2EE8               	decfsz	wreg,f,c
  3907   0021F2  D7FE               	bra	u1947
  3908   0021F4  D000               	nop2	
  3909   0021F6                     
  3910                           ;clcd.c: 45:     clcd_write(0x33, 0 );
  3911   0021F6  0E00               	movlw	0
  3912   0021F8  6E01               	movwf	clcd_write@control_bit^0,c
  3913   0021FA  0E33               	movlw	51
  3914   0021FC  EC11  F00F         	call	_clcd_write
  3915   002200                     
  3916                           ;clcd.c: 46:     _delay((unsigned long)((1)*(20000000/4000000.0)));
  3917   002200  D000               	nop2		;2 cycle nop
  3918   002202  D000               	nop2		;2 cycle nop
  3919   002204  0000               	nop	
  3920   002206                     
  3921                           ;clcd.c: 48:     clcd_write(0x02, 0);
  3922   002206  0E00               	movlw	0
  3923   002208  6E01               	movwf	clcd_write@control_bit^0,c
  3924   00220A  0E02               	movlw	2
  3925   00220C  EC11  F00F         	call	_clcd_write
  3926   002210                     
  3927                           ;clcd.c: 49:     _delay((unsigned long)((100)*(20000000/4000000.0)));
  3928   002210  0EA6               	movlw	166
  3929   002212                     u1957:
  3930   002212  2EE8               	decfsz	wreg,f,c
  3931   002214  D7FE               	bra	u1957
  3932   002216  D000               	nop2	
  3933   002218                     
  3934                           ;clcd.c: 50:     clcd_write(0x38, 0);
  3935   002218  0E00               	movlw	0
  3936   00221A  6E01               	movwf	clcd_write@control_bit^0,c
  3937   00221C  0E38               	movlw	56
  3938   00221E  EC11  F00F         	call	_clcd_write
  3939   002222                     
  3940                           ;clcd.c: 51:     _delay((unsigned long)((100)*(20000000/4000000.0)));
  3941   002222  0EA6               	movlw	166
  3942   002224                     u1967:
  3943   002224  2EE8               	decfsz	wreg,f,c
  3944   002226  D7FE               	bra	u1967
  3945   002228  D000               	nop2	
  3946   00222A                     
  3947                           ;clcd.c: 52:     clcd_write(0x01, 0);
  3948   00222A  0E00               	movlw	0
  3949   00222C  6E01               	movwf	clcd_write@control_bit^0,c
  3950   00222E  0E01               	movlw	1
  3951   002230  EC11  F00F         	call	_clcd_write
  3952   002234                     
  3953                           ;clcd.c: 53:     _delay((unsigned long)((500)*(20000000/4000000.0)));
  3954   002234  0E04               	movlw	4
  3955   002236  6E03               	movwf	??_init_clcd^0,c
  3956   002238  0E3E               	movlw	62
  3957   00223A                     u1977:
  3958   00223A  2EE8               	decfsz	wreg,f,c
  3959   00223C  D7FE               	bra	u1977
  3960   00223E  2E03               	decfsz	??_init_clcd^0,f,c
  3961   002240  D7FC               	bra	u1977
  3962   002242                     
  3963                           ;clcd.c: 54:     clcd_write(0x0C, 0);
  3964   002242  0E00               	movlw	0
  3965   002244  6E01               	movwf	clcd_write@control_bit^0,c
  3966   002246  0E0C               	movlw	12
  3967   002248  EC11  F00F         	call	_clcd_write
  3968   00224C                     
  3969                           ;clcd.c: 55:     _delay((unsigned long)((100)*(20000000/4000000.0)));
  3970   00224C  0EA6               	movlw	166
  3971   00224E                     u1987:
  3972   00224E  2EE8               	decfsz	wreg,f,c
  3973   002250  D7FE               	bra	u1987
  3974   002252  D000               	nop2	
  3975   002254  0012               	return		;funcret
  3976   002256                     __end_of_init_clcd:
  3977                           	callstack 0
  3978                           
  3979 ;; *************** function _init_can *****************
  3980 ;; Defined at:
  3981 ;;		line 22 in file "can.c"
  3982 ;; Parameters:    Size  Location     Type
  3983 ;;		None
  3984 ;; Auto vars:     Size  Location     Type
  3985 ;;		None
  3986 ;; Return value:  Size  Location     Type
  3987 ;;                  1    wreg      void 
  3988 ;; Registers used:
  3989 ;;		wreg, status,2, status,0
  3990 ;; Tracked objects:
  3991 ;;		On entry : 0/0
  3992 ;;		On exit  : 0/0
  3993 ;;		Unchanged: 0/0
  3994 ;; Data sizes:     COMRAM   BANK0   BANK1   BANK2   BANK3   BANK4   BANK5
  3995 ;;      Params:         0       0       0       0       0       0       0
  3996 ;;      Locals:         0       0       0       0       0       0       0
  3997 ;;      Temps:          0       0       0       0       0       0       0
  3998 ;;      Totals:         0       0       0       0       0       0       0
  3999 ;;Total ram usage:        0 bytes
  4000 ;; Hardware stack levels used: 1
  4001 ;; This function calls:
  4002 ;;		Nothing
  4003 ;; This function is called by:
  4004 ;;		_init_config
  4005 ;; This function uses a non-reentrant model
  4006 ;;
  4007                           
  4008                           	psect	text7
  4009   001F2E                     __ptext7:
  4010                           	callstack 0
  4011   001F2E                     _init_can:
  4012                           	callstack 29
  4013   001F2E                     
  4014                           ;can.c: 25:   TRISB2 = 0;
  4015   001F2E  9493               	bcf	3987,2,c	;volatile
  4016                           
  4017                           ;can.c: 26:   TRISB3 = 1;
  4018   001F30  8693               	bsf	3987,3,c	;volatile
  4019   001F32                     
  4020                           ;can.c: 30:   { CANCON &= 0x1F; CANCON |= e_can_op_mode_config; };
  4021   001F32  0E1F               	movlw	31
  4022   001F34  166F               	andwf	111,f,c	;volatile
  4023   001F36  8E6F               	bsf	111,7,c	;volatile
  4024   001F38                     l1883:
  4025   001F38  0E80               	movlw	128
  4026   001F3A  186E               	xorwf	110,w,c	;volatile
  4027   001F3C  A4D8               	btfss	status,2,c
  4028   001F3E  EFA3  F00F         	goto	u1011
  4029   001F42  EFA5  F00F         	goto	u1010
  4030   001F46                     u1011:
  4031   001F46  EF9C  F00F         	goto	l1883
  4032   001F4A                     u1010:
  4033   001F4A                     
  4034                           ;can.c: 36:   ECANCON = 0x00;
  4035   001F4A  6A77               	clrf	119,c	;volatile
  4036   001F4C                     
  4037                           ;can.c: 39:   BRGCON1 = 0xE1;
  4038   001F4C  0EE1               	movlw	225
  4039   001F4E  6E70               	movwf	112,c	;volatile
  4040                           
  4041                           ;can.c: 40:   BRGCON2 = 0x1B;
  4042   001F50  0E1B               	movlw	27
  4043   001F52  6E71               	movwf	113,c	;volatile
  4044                           
  4045                           ;can.c: 41:   BRGCON3 = 0x03;
  4046   001F54  0E03               	movlw	3
  4047   001F56  6E72               	movwf	114,c	;volatile
  4048                           
  4049                           ;can.c: 47:   RXFCON0 = 0x01;
  4050   001F58  0E01               	movlw	1
  4051   001F5A  010D               	movlb	13	; () banked
  4052   001F5C  6FD4               	movwf	212,b	;volatile
  4053                           
  4054                           ;can.c: 54:   RXF0SIDH = 0x70 >> 3;
  4055   001F5E  0E0E               	movlw	14
  4056   001F60  010F               	movlb	15	; () banked
  4057   001F62  6F00               	movwf	0,b	;volatile
  4058   001F64                     
  4059                           ; BSR set to: 15
  4060                           ;can.c: 55:   RXF0SIDL = 0x70 << 5;
  4061   001F64  6B01               	clrf	1,b	;volatile
  4062   001F66                     
  4063                           ; BSR set to: 15
  4064                           ;can.c: 58:   RXM0SIDH = 0xFF;
  4065   001F66  6918               	setf	24,b	;volatile
  4066                           
  4067                           ;can.c: 59:   RXM0SIDL = 0xE0;
  4068   001F68  0EE0               	movlw	224
  4069   001F6A  6F19               	movwf	25,b	;volatile
  4070   001F6C                     
  4071                           ; BSR set to: 15
  4072                           ;can.c: 60:   RXM0EIDH = 0x00;
  4073   001F6C  6B1A               	clrf	26,b	;volatile
  4074   001F6E                     
  4075                           ; BSR set to: 15
  4076                           ;can.c: 61:   RXM0EIDL = 0x00;
  4077   001F6E  6B1B               	clrf	27,b	;volatile
  4078   001F70                     
  4079                           ; BSR set to: 15
  4080                           ;can.c: 64:   { CANCON &= 0x1F; CANCON |= e_can_op_mode_normal; };
  4081   001F70  0E1F               	movlw	31
  4082   001F72  166F               	andwf	111,f,c	;volatile
  4083   001F74                     
  4084                           ; BSR set to: 15
  4085   001F74  506F               	movf	111,w,c	;volatile
  4086   001F76                     
  4087                           ; BSR set to: 15
  4088                           ;can.c: 66:   RXB0CON = 0x00;
  4089   001F76  6A60               	clrf	96,c	;volatile
  4090   001F78                     
  4091                           ; BSR set to: 15
  4092   001F78  0012               	return		;funcret
  4093   001F7A                     __end_of_init_can:
  4094                           	callstack 0
  4095                           
  4096 ;; *************** function _init_adc *****************
  4097 ;; Defined at:
  4098 ;;		line 4 in file "adc.c"
  4099 ;; Parameters:    Size  Location     Type
  4100 ;;		None
  4101 ;; Auto vars:     Size  Location     Type
  4102 ;;		None
  4103 ;; Return value:  Size  Location     Type
  4104 ;;                  1    wreg      void 
  4105 ;; Registers used:
  4106 ;;		None
  4107 ;; Tracked objects:
  4108 ;;		On entry : 0/0
  4109 ;;		On exit  : 0/0
  4110 ;;		Unchanged: 0/0
  4111 ;; Data sizes:     COMRAM   BANK0   BANK1   BANK2   BANK3   BANK4   BANK5
  4112 ;;      Params:         0       0       0       0       0       0       0
  4113 ;;      Locals:         0       0       0       0       0       0       0
  4114 ;;      Temps:          0       0       0       0       0       0       0
  4115 ;;      Totals:         0       0       0       0       0       0       0
  4116 ;;Total ram usage:        0 bytes
  4117 ;; Hardware stack levels used: 1
  4118 ;; This function calls:
  4119 ;;		Nothing
  4120 ;; This function is called by:
  4121 ;;		_init_config
  4122 ;; This function uses a non-reentrant model
  4123 ;;
  4124                           
  4125                           	psect	text8
  4126   001DDC                     __ptext8:
  4127                           	callstack 0
  4128   001DDC                     _init_adc:
  4129                           	callstack 29
  4130   001DDC                     
  4131                           ;adc.c: 7:  ADFM = 1;
  4132   001DDC  8EC0               	bsf	4032,7,c	;volatile
  4133                           
  4134                           ;adc.c: 13:  ACQT2 = 0;
  4135   001DDE  9AC0               	bcf	4032,5,c	;volatile
  4136                           
  4137                           ;adc.c: 14:  ACQT1 = 1;
  4138   001DE0  88C0               	bsf	4032,4,c	;volatile
  4139                           
  4140                           ;adc.c: 15:  ACQT0 = 0;
  4141   001DE2  96C0               	bcf	4032,3,c	;volatile
  4142                           
  4143                           ;adc.c: 21:  ADCS0 = 0;
  4144   001DE4  90C0               	bcf	4032,0,c	;volatile
  4145                           
  4146                           ;adc.c: 22:  ADCS1 = 1;
  4147   001DE6  82C0               	bsf	4032,1,c	;volatile
  4148                           
  4149                           ;adc.c: 23:  ADCS2 = 0;
  4150   001DE8  94C0               	bcf	4032,2,c	;volatile
  4151                           
  4152                           ;adc.c: 26:  GODONE = 0;
  4153   001DEA  92C2               	bcf	4034,1,c	;volatile
  4154                           
  4155                           ;adc.c: 31:  VCFG1 = 0;
  4156   001DEC  9AC1               	bcf	4033,5,c	;volatile
  4157                           
  4158                           ;adc.c: 33:  VCFG0 = 0;
  4159   001DEE  98C1               	bcf	4033,4,c	;volatile
  4160                           
  4161                           ;adc.c: 36:  ADRESH = 0;
  4162   001DF0  6AC4               	clrf	196,c	;volatile
  4163                           
  4164                           ;adc.c: 37:  ADRESL = 0;
  4165   001DF2  6AC3               	clrf	195,c	;volatile
  4166                           
  4167                           ;adc.c: 40:  ADON = 1;
  4168   001DF4  80C2               	bsf	4034,0,c	;volatile
  4169   001DF6  0012               	return		;funcret
  4170   001DF8                     __end_of_init_adc:
  4171                           	callstack 0
  4172                           
  4173 ;; *************** function _get_rpm *****************
  4174 ;; Defined at:
  4175 ;;		line 10 in file "ecu2_sensor.c"
  4176 ;; Parameters:    Size  Location     Type
  4177 ;;		None
  4178 ;; Auto vars:     Size  Location     Type
  4179 ;;  i               1   93[COMRAM] unsigned char 
  4180 ;;  sum             4   89[COMRAM] unsigned long 
  4181 ;; Return value:  Size  Location     Type
  4182 ;;                  2   87[COMRAM] unsigned short 
  4183 ;; Registers used:
  4184 ;;		wreg, status,2, status,0, prodl, prodh, cstack
  4185 ;; Tracked objects:
  4186 ;;		On entry : 0/0
  4187 ;;		On exit  : 0/0
  4188 ;;		Unchanged: 0/0
  4189 ;; Data sizes:     COMRAM   BANK0   BANK1   BANK2   BANK3   BANK4   BANK5
  4190 ;;      Params:         2       0       0       0       0       0       0
  4191 ;;      Locals:         5       0       0       0       0       0       0
  4192 ;;      Temps:          0       0       0       0       0       0       0
  4193 ;;      Totals:         7       0       0       0       0       0       0
  4194 ;;Total ram usage:        7 bytes
  4195 ;; Hardware stack levels used: 1
  4196 ;; Hardware stack levels required when called: 1
  4197 ;; This function calls:
  4198 ;;		___fldiv
  4199 ;;		___flmul
  4200 ;;		___fltol
  4201 ;;		___lldiv
  4202 ;;		___xxtofl
  4203 ;;		_read_adc
  4204 ;; This function is called by:
  4205 ;;		_main
  4206 ;; This function uses a non-reentrant model
  4207 ;;
  4208                           
  4209                           	psect	text9
  4210   002326                     __ptext9:
  4211                           	callstack 0
  4212   002326                     _get_rpm:
  4213                           	callstack 29
  4214   002326                     
  4215                           ;ecu2_sensor.c: 13:     unsigned long sum = 0;
  4216   002326  0E00               	movlw	0
  4217   002328  6E5A               	movwf	get_rpm@sum^0,c
  4218   00232A  0E00               	movlw	0
  4219   00232C  6E5B               	movwf	(get_rpm@sum+1)^0,c
  4220   00232E  0E00               	movlw	0
  4221   002330  6E5C               	movwf	(get_rpm@sum+2)^0,c
  4222   002332  0E00               	movlw	0
  4223   002334  6E5D               	movwf	(get_rpm@sum+3)^0,c
  4224   002336                     
  4225                           ;ecu2_sensor.c: 15:     for(unsigned char i = 0; i<50; i++)
  4226   002336  6A5E               	clrf	get_rpm@i^0,c
  4227   002338                     l2395:
  4228                           
  4229                           ;ecu2_sensor.c: 16:         sum += read_adc(0x04);
  4230   002338  0E04               	movlw	4
  4231   00233A  EC50  F00F         	call	_read_adc
  4232   00233E  5001               	movf	?_read_adc^0,w,c
  4233   002340  265A               	addwf	get_rpm@sum^0,f,c
  4234   002342  5002               	movf	(?_read_adc+1)^0,w,c
  4235   002344  225B               	addwfc	(get_rpm@sum+1)^0,f,c
  4236   002346  0E00               	movlw	0
  4237   002348  225C               	addwfc	(get_rpm@sum+2)^0,f,c
  4238   00234A  0E00               	movlw	0
  4239   00234C  225D               	addwfc	(get_rpm@sum+3)^0,f,c
  4240   00234E  2A5E               	incf	get_rpm@i^0,f,c
  4241   002350  0E31               	movlw	49
  4242   002352  645E               	cpfsgt	get_rpm@i^0,c
  4243   002354  EFAE  F011         	goto	u1721
  4244   002358  EFB0  F011         	goto	u1720
  4245   00235C                     u1721:
  4246   00235C  EF9C  F011         	goto	l2395
  4247   002360                     u1720:
  4248   002360                     
  4249                           ;ecu2_sensor.c: 18:     return ((float)(sum / 50)/1023)*9999;
  4250   002360  0E00               	movlw	0
  4251   002362  6E39               	movwf	___flmul@a^0,c
  4252   002364  0E3C               	movlw	60
  4253   002366  6E3A               	movwf	(___flmul@a+1)^0,c
  4254   002368  0E1C               	movlw	28
  4255   00236A  6E3B               	movwf	(___flmul@a+2)^0,c
  4256   00236C  0E46               	movlw	70
  4257   00236E  6E3C               	movwf	(___flmul@a+3)^0,c
  4258   002370  0E00               	movlw	0
  4259   002372  6E20               	movwf	___fldiv@a^0,c
  4260   002374  0EC0               	movlw	192
  4261   002376  6E21               	movwf	(___fldiv@a+1)^0,c
  4262   002378  0E7F               	movlw	127
  4263   00237A  6E22               	movwf	(___fldiv@a+2)^0,c
  4264   00237C  0E44               	movlw	68
  4265   00237E  6E23               	movwf	(___fldiv@a+3)^0,c
  4266   002380  0E32               	movlw	50
  4267   002382  6E05               	movwf	___lldiv@divisor^0,c
  4268   002384  0E00               	movlw	0
  4269   002386  6E06               	movwf	(___lldiv@divisor+1)^0,c
  4270   002388  0E00               	movlw	0
  4271   00238A  6E07               	movwf	(___lldiv@divisor+2)^0,c
  4272   00238C  0E00               	movlw	0
  4273   00238E  6E08               	movwf	(___lldiv@divisor+3)^0,c
  4274   002390  C05A  F001         	movff	get_rpm@sum,___lldiv@dividend
  4275   002394  C05B  F002         	movff	get_rpm@sum+1,___lldiv@dividend+1
  4276   002398  C05C  F003         	movff	get_rpm@sum+2,___lldiv@dividend+2
  4277   00239C  C05D  F004         	movff	get_rpm@sum+3,___lldiv@dividend+3
  4278   0023A0  EC86  F010         	call	___lldiv	;wreg free
  4279   0023A4  C001  F00E         	movff	?___lldiv,___xxtofl@val
  4280   0023A8  C002  F00F         	movff	?___lldiv+1,___xxtofl@val+1
  4281   0023AC  C003  F010         	movff	?___lldiv+2,___xxtofl@val+2
  4282   0023B0  C004  F011         	movff	?___lldiv+3,___xxtofl@val+3
  4283   0023B4  0E00               	movlw	0
  4284   0023B6  EC3B  F013         	call	___xxtofl
  4285   0023BA  C00E  F01C         	movff	?___xxtofl,___fldiv@b
  4286   0023BE  C00F  F01D         	movff	?___xxtofl+1,___fldiv@b+1
  4287   0023C2  C010  F01E         	movff	?___xxtofl+2,___fldiv@b+2
  4288   0023C6  C011  F01F         	movff	?___xxtofl+3,___fldiv@b+3
  4289   0023CA  EC15  F014         	call	___fldiv	;wreg free
  4290   0023CE  C01C  F035         	movff	?___fldiv,___flmul@b
  4291   0023D2  C01D  F036         	movff	?___fldiv+1,___flmul@b+1
  4292   0023D6  C01E  F037         	movff	?___fldiv+2,___flmul@b+2
  4293   0023DA  C01F  F038         	movff	?___fldiv+3,___flmul@b+3
  4294   0023DE  ECDC  F015         	call	___flmul	;wreg free
  4295   0023E2  C035  F04E         	movff	?___flmul,___fltol@f1
  4296   0023E6  C036  F04F         	movff	?___flmul+1,___fltol@f1+1
  4297   0023EA  C037  F050         	movff	?___flmul+2,___fltol@f1+2
  4298   0023EE  C038  F051         	movff	?___flmul+3,___fltol@f1+3
  4299   0023F2  EC00  F012         	call	___fltol	;wreg free
  4300   0023F6  C04E  F058         	movff	?___fltol,?_get_rpm
  4301   0023FA  C04F  F059         	movff	?___fltol+1,?_get_rpm+1
  4302   0023FE  0012               	return		;funcret
  4303   002400                     __end_of_get_rpm:
  4304                           	callstack 0
  4305                           
  4306 ;; *************** function ___lldiv *****************
  4307 ;; Defined at:
  4308 ;;		line 7 in file "C:\Program Files\Microchip\xc8\v3.10\pic\sources\c99\common\__lldiv.c"
  4309 ;; Parameters:    Size  Location     Type
  4310 ;;  dividend        4    0[COMRAM] unsigned long 
  4311 ;;  divisor         4    4[COMRAM] unsigned long 
  4312 ;; Auto vars:     Size  Location     Type
  4313 ;;  quotient        4    8[COMRAM] unsigned long 
  4314 ;;  counter         1   12[COMRAM] unsigned char 
  4315 ;; Return value:  Size  Location     Type
  4316 ;;                  4    0[COMRAM] unsigned long 
  4317 ;; Registers used:
  4318 ;;		wreg, status,2, status,0
  4319 ;; Tracked objects:
  4320 ;;		On entry : 0/0
  4321 ;;		On exit  : 0/0
  4322 ;;		Unchanged: 0/0
  4323 ;; Data sizes:     COMRAM   BANK0   BANK1   BANK2   BANK3   BANK4   BANK5
  4324 ;;      Params:         8       0       0       0       0       0       0
  4325 ;;      Locals:         5       0       0       0       0       0       0
  4326 ;;      Temps:          0       0       0       0       0       0       0
  4327 ;;      Totals:        13       0       0       0       0       0       0
  4328 ;;Total ram usage:       13 bytes
  4329 ;; Hardware stack levels used: 1
  4330 ;; This function calls:
  4331 ;;		Nothing
  4332 ;; This function is called by:
  4333 ;;		_get_rpm
  4334 ;; This function uses a non-reentrant model
  4335 ;;
  4336                           
  4337                           	psect	text10
  4338   00210C                     __ptext10:
  4339                           	callstack 0
  4340   00210C                     ___lldiv:
  4341                           	callstack 29
  4342   00210C  0E00               	movlw	0
  4343   00210E  6E09               	movwf	___lldiv@quotient^0,c
  4344   002110  0E00               	movlw	0
  4345   002112  6E0A               	movwf	(___lldiv@quotient+1)^0,c
  4346   002114  0E00               	movlw	0
  4347   002116  6E0B               	movwf	(___lldiv@quotient+2)^0,c
  4348   002118  0E00               	movlw	0
  4349   00211A  6E0C               	movwf	(___lldiv@quotient+3)^0,c
  4350   00211C  5005               	movf	___lldiv@divisor^0,w,c
  4351   00211E  1006               	iorwf	(___lldiv@divisor+1)^0,w,c
  4352   002120  1007               	iorwf	(___lldiv@divisor+2)^0,w,c
  4353   002122  1008               	iorwf	(___lldiv@divisor+3)^0,w,c
  4354   002124  B4D8               	btfsc	status,2,c
  4355   002126  EF97  F010         	goto	u1081
  4356   00212A  EF99  F010         	goto	u1080
  4357   00212E                     u1081:
  4358   00212E  EFCF  F010         	goto	l351
  4359   002132                     u1080:
  4360   002132  0E01               	movlw	1
  4361   002134  6E0D               	movwf	___lldiv@counter^0,c
  4362   002136  EFA3  F010         	goto	l1985
  4363   00213A                     l1983:
  4364   00213A  90D8               	bcf	status,0,c
  4365   00213C  3605               	rlcf	___lldiv@divisor^0,f,c
  4366   00213E  3606               	rlcf	(___lldiv@divisor+1)^0,f,c
  4367   002140  3607               	rlcf	(___lldiv@divisor+2)^0,f,c
  4368   002142  3608               	rlcf	(___lldiv@divisor+3)^0,f,c
  4369   002144  2A0D               	incf	___lldiv@counter^0,f,c
  4370   002146                     l1985:
  4371   002146  AE08               	btfss	(___lldiv@divisor+3)^0,7,c
  4372   002148  EFA8  F010         	goto	u1091
  4373   00214C  EFAA  F010         	goto	u1090
  4374   002150                     u1091:
  4375   002150  EF9D  F010         	goto	l1983
  4376   002154                     u1090:
  4377   002154                     l1987:
  4378   002154  90D8               	bcf	status,0,c
  4379   002156  3609               	rlcf	___lldiv@quotient^0,f,c
  4380   002158  360A               	rlcf	(___lldiv@quotient+1)^0,f,c
  4381   00215A  360B               	rlcf	(___lldiv@quotient+2)^0,f,c
  4382   00215C  360C               	rlcf	(___lldiv@quotient+3)^0,f,c
  4383   00215E  5005               	movf	___lldiv@divisor^0,w,c
  4384   002160  5C01               	subwf	___lldiv@dividend^0,w,c
  4385   002162  5006               	movf	(___lldiv@divisor+1)^0,w,c
  4386   002164  5802               	subwfb	(___lldiv@dividend+1)^0,w,c
  4387   002166  5007               	movf	(___lldiv@divisor+2)^0,w,c
  4388   002168  5803               	subwfb	(___lldiv@dividend+2)^0,w,c
  4389   00216A  5008               	movf	(___lldiv@divisor+3)^0,w,c
  4390   00216C  5804               	subwfb	(___lldiv@dividend+3)^0,w,c
  4391   00216E  A0D8               	btfss	status,0,c
  4392   002170  EFBC  F010         	goto	u1101
  4393   002174  EFBE  F010         	goto	u1100
  4394   002178                     u1101:
  4395   002178  EFC7  F010         	goto	l1995
  4396   00217C                     u1100:
  4397   00217C  5005               	movf	___lldiv@divisor^0,w,c
  4398   00217E  5E01               	subwf	___lldiv@dividend^0,f,c
  4399   002180  5006               	movf	(___lldiv@divisor+1)^0,w,c
  4400   002182  5A02               	subwfb	(___lldiv@dividend+1)^0,f,c
  4401   002184  5007               	movf	(___lldiv@divisor+2)^0,w,c
  4402   002186  5A03               	subwfb	(___lldiv@dividend+2)^0,f,c
  4403   002188  5008               	movf	(___lldiv@divisor+3)^0,w,c
  4404   00218A  5A04               	subwfb	(___lldiv@dividend+3)^0,f,c
  4405   00218C  8009               	bsf	___lldiv@quotient^0,0,c
  4406   00218E                     l1995:
  4407   00218E  90D8               	bcf	status,0,c
  4408   002190  3208               	rrcf	(___lldiv@divisor+3)^0,f,c
  4409   002192  3207               	rrcf	(___lldiv@divisor+2)^0,f,c
  4410   002194  3206               	rrcf	(___lldiv@divisor+1)^0,f,c
  4411   002196  3205               	rrcf	___lldiv@divisor^0,f,c
  4412   002198  2E0D               	decfsz	___lldiv@counter^0,f,c
  4413   00219A  EFAA  F010         	goto	l1987
  4414   00219E                     l351:
  4415   00219E  C009  F001         	movff	___lldiv@quotient,?___lldiv
  4416   0021A2  C00A  F002         	movff	___lldiv@quotient+1,?___lldiv+1
  4417   0021A6  C00B  F003         	movff	___lldiv@quotient+2,?___lldiv+2
  4418   0021AA  C00C  F004         	movff	___lldiv@quotient+3,?___lldiv+3
  4419   0021AE  0012               	return		;funcret
  4420   0021B0                     __end_of___lldiv:
  4421                           	callstack 0
  4422                           
  4423 ;; *************** function ___fldiv *****************
  4424 ;; Defined at:
  4425 ;;		line 11 in file "C:\Program Files\Microchip\xc8\v3.10\pic\sources\c99\common\sprcdiv.c"
  4426 ;; Parameters:    Size  Location     Type
  4427 ;;  b               4   27[COMRAM] unsigned long 
  4428 ;;  a               4   31[COMRAM] unsigned long 
  4429 ;; Auto vars:     Size  Location     Type
  4430 ;;  grs             4   46[COMRAM] unsigned long 
  4431 ;;  rem             4   39[COMRAM] unsigned long 
  4432 ;;  new_exp         2   44[COMRAM] short 
  4433 ;;  aexp            1   51[COMRAM] unsigned char 
  4434 ;;  bexp            1   50[COMRAM] unsigned char 
  4435 ;;  sign            1   43[COMRAM] unsigned char 
  4436 ;; Return value:  Size  Location     Type
  4437 ;;                  4   27[COMRAM] unsigned char 
  4438 ;; Registers used:
  4439 ;;		wreg, status,2, status,0
  4440 ;; Tracked objects:
  4441 ;;		On entry : 0/0
  4442 ;;		On exit  : 0/0
  4443 ;;		Unchanged: 0/0
  4444 ;; Data sizes:     COMRAM   BANK0   BANK1   BANK2   BANK3   BANK4   BANK5
  4445 ;;      Params:         8       0       0       0       0       0       0
  4446 ;;      Locals:        13       0       0       0       0       0       0
  4447 ;;      Temps:          4       0       0       0       0       0       0
  4448 ;;      Totals:        25       0       0       0       0       0       0
  4449 ;;Total ram usage:       25 bytes
  4450 ;; Hardware stack levels used: 1
  4451 ;; This function calls:
  4452 ;;		Nothing
  4453 ;; This function is called by:
  4454 ;;		_get_rpm
  4455 ;; This function uses a non-reentrant model
  4456 ;;
  4457                           
  4458                           	psect	text11
  4459   00282A                     __ptext11:
  4460                           	callstack 0
  4461   00282A                     ___fldiv:
  4462                           	callstack 29
  4463   00282A  501F               	movf	(___fldiv@b+3)^0,w,c
  4464   00282C  0B80               	andlw	128
  4465   00282E  6E2C               	movwf	___fldiv@sign^0,c
  4466   002830  501F               	movf	(___fldiv@b+3)^0,w,c
  4467   002832  241F               	addwf	(___fldiv@b+3)^0,w,c
  4468   002834  6E33               	movwf	___fldiv@bexp^0,c
  4469   002836  AE1E               	btfss	(___fldiv@b+2)^0,7,c
  4470   002838  EF20  F014         	goto	u1111
  4471   00283C  EF22  F014         	goto	u1110
  4472   002840                     u1111:
  4473   002840  EF23  F014         	goto	l2005
  4474   002844                     u1110:
  4475   002844  8033               	bsf	___fldiv@bexp^0,0,c
  4476   002846                     l2005:
  4477   002846  5033               	movf	___fldiv@bexp^0,w,c
  4478   002848  B4D8               	btfsc	status,2,c
  4479   00284A  EF29  F014         	goto	u1121
  4480   00284E  EF2B  F014         	goto	u1120
  4481   002852                     u1121:
  4482   002852  EF3F  F014         	goto	l2015
  4483   002856                     u1120:
  4484   002856  2833               	incf	___fldiv@bexp^0,w,c
  4485   002858  A4D8               	btfss	status,2,c
  4486   00285A  EF31  F014         	goto	u1131
  4487   00285E  EF33  F014         	goto	u1130
  4488   002862                     u1131:
  4489   002862  EF3B  F014         	goto	l2011
  4490   002866                     u1130:
  4491   002866  0E00               	movlw	0
  4492   002868  6E1C               	movwf	___fldiv@b^0,c
  4493   00286A  0E00               	movlw	0
  4494   00286C  6E1D               	movwf	(___fldiv@b+1)^0,c
  4495   00286E  0E00               	movlw	0
  4496   002870  6E1E               	movwf	(___fldiv@b+2)^0,c
  4497   002872  0E00               	movlw	0
  4498   002874  6E1F               	movwf	(___fldiv@b+3)^0,c
  4499   002876                     l2011:
  4500   002876  8E1E               	bsf	(___fldiv@b+2)^0,7,c
  4501   002878  6A1F               	clrf	(___fldiv@b+3)^0,c
  4502   00287A  EF47  F014         	goto	l2017
  4503   00287E                     l2015:
  4504   00287E  0E00               	movlw	0
  4505   002880  6E1C               	movwf	___fldiv@b^0,c
  4506   002882  0E00               	movlw	0
  4507   002884  6E1D               	movwf	(___fldiv@b+1)^0,c
  4508   002886  0E00               	movlw	0
  4509   002888  6E1E               	movwf	(___fldiv@b+2)^0,c
  4510   00288A  0E00               	movlw	0
  4511   00288C  6E1F               	movwf	(___fldiv@b+3)^0,c
  4512   00288E                     l2017:
  4513   00288E  5023               	movf	(___fldiv@a+3)^0,w,c
  4514   002890  0B80               	andlw	128
  4515   002892  1A2C               	xorwf	___fldiv@sign^0,f,c
  4516   002894  5023               	movf	(___fldiv@a+3)^0,w,c
  4517   002896  2423               	addwf	(___fldiv@a+3)^0,w,c
  4518   002898  6E34               	movwf	___fldiv@aexp^0,c
  4519   00289A  AE22               	btfss	(___fldiv@a+2)^0,7,c
  4520   00289C  EF52  F014         	goto	u1141
  4521   0028A0  EF54  F014         	goto	u1140
  4522   0028A4                     u1141:
  4523   0028A4  EF55  F014         	goto	l2025
  4524   0028A8                     u1140:
  4525   0028A8  8034               	bsf	___fldiv@aexp^0,0,c
  4526   0028AA                     l2025:
  4527   0028AA  5034               	movf	___fldiv@aexp^0,w,c
  4528   0028AC  B4D8               	btfsc	status,2,c
  4529   0028AE  EF5B  F014         	goto	u1151
  4530   0028B2  EF5D  F014         	goto	u1150
  4531   0028B6                     u1151:
  4532   0028B6  EF71  F014         	goto	l2035
  4533   0028BA                     u1150:
  4534   0028BA  2834               	incf	___fldiv@aexp^0,w,c
  4535   0028BC  A4D8               	btfss	status,2,c
  4536   0028BE  EF63  F014         	goto	u1161
  4537   0028C2  EF65  F014         	goto	u1160
  4538   0028C6                     u1161:
  4539   0028C6  EF6D  F014         	goto	l2031
  4540   0028CA                     u1160:
  4541   0028CA  0E00               	movlw	0
  4542   0028CC  6E20               	movwf	___fldiv@a^0,c
  4543   0028CE  0E00               	movlw	0
  4544   0028D0  6E21               	movwf	(___fldiv@a+1)^0,c
  4545   0028D2  0E00               	movlw	0
  4546   0028D4  6E22               	movwf	(___fldiv@a+2)^0,c
  4547   0028D6  0E00               	movlw	0
  4548   0028D8  6E23               	movwf	(___fldiv@a+3)^0,c
  4549   0028DA                     l2031:
  4550   0028DA  8E22               	bsf	(___fldiv@a+2)^0,7,c
  4551   0028DC  6A23               	clrf	(___fldiv@a+3)^0,c
  4552   0028DE  EF79  F014         	goto	l2037
  4553   0028E2                     l2035:
  4554   0028E2  0E00               	movlw	0
  4555   0028E4  6E20               	movwf	___fldiv@a^0,c
  4556   0028E6  0E00               	movlw	0
  4557   0028E8  6E21               	movwf	(___fldiv@a+1)^0,c
  4558   0028EA  0E00               	movlw	0
  4559   0028EC  6E22               	movwf	(___fldiv@a+2)^0,c
  4560   0028EE  0E00               	movlw	0
  4561   0028F0  6E23               	movwf	(___fldiv@a+3)^0,c
  4562   0028F2                     l2037:
  4563   0028F2  5020               	movf	___fldiv@a^0,w,c
  4564   0028F4  1021               	iorwf	(___fldiv@a+1)^0,w,c
  4565   0028F6  1022               	iorwf	(___fldiv@a+2)^0,w,c
  4566   0028F8  1023               	iorwf	(___fldiv@a+3)^0,w,c
  4567   0028FA  A4D8               	btfss	status,2,c
  4568   0028FC  EF82  F014         	goto	u1171
  4569   002900  EF84  F014         	goto	u1170
  4570   002904                     u1171:
  4571   002904  EF9C  F014         	goto	l2049
  4572   002908                     u1170:
  4573   002908  0E00               	movlw	0
  4574   00290A  6E1C               	movwf	___fldiv@b^0,c
  4575   00290C  0E00               	movlw	0
  4576   00290E  6E1D               	movwf	(___fldiv@b+1)^0,c
  4577   002910  0E00               	movlw	0
  4578   002912  6E1E               	movwf	(___fldiv@b+2)^0,c
  4579   002914  0E00               	movlw	0
  4580   002916  6E1F               	movwf	(___fldiv@b+3)^0,c
  4581   002918  0E80               	movlw	128
  4582   00291A  121E               	iorwf	(___fldiv@b+2)^0,f,c
  4583   00291C  0E7F               	movlw	127
  4584   00291E  121F               	iorwf	(___fldiv@b+3)^0,f,c
  4585   002920                     l2043:
  4586   002920  502C               	movf	___fldiv@sign^0,w,c
  4587   002922  121F               	iorwf	(___fldiv@b+3)^0,f,c
  4588   002924  C01C  F01C         	movff	___fldiv@b,?___fldiv
  4589   002928  C01D  F01D         	movff	___fldiv@b+1,?___fldiv+1
  4590   00292C  C01E  F01E         	movff	___fldiv@b+2,?___fldiv+2
  4591   002930  C01F  F01F         	movff	___fldiv@b+3,?___fldiv+3
  4592   002934  EFDB  F015         	goto	l1016
  4593   002938                     l2049:
  4594   002938  5033               	movf	___fldiv@bexp^0,w,c
  4595   00293A  A4D8               	btfss	status,2,c
  4596   00293C  EFA2  F014         	goto	u1181
  4597   002940  EFA4  F014         	goto	u1180
  4598   002944                     u1181:
  4599   002944  EFAE  F014         	goto	l2057
  4600   002948                     u1180:
  4601   002948  0E00               	movlw	0
  4602   00294A  6E1C               	movwf	?___fldiv^0,c
  4603   00294C  0E00               	movlw	0
  4604   00294E  6E1D               	movwf	(?___fldiv+1)^0,c
  4605   002950  0E00               	movlw	0
  4606   002952  6E1E               	movwf	(?___fldiv+2)^0,c
  4607   002954  0E00               	movlw	0
  4608   002956  6E1F               	movwf	(?___fldiv+3)^0,c
  4609   002958  EFDB  F015         	goto	l1016
  4610   00295C                     l2057:
  4611   00295C  5034               	movf	___fldiv@aexp^0,w,c
  4612   00295E  C033  F024         	movff	___fldiv@bexp,??___fldiv
  4613   002962  6A25               	clrf	(??___fldiv+1)^0,c
  4614   002964  5E24               	subwf	??___fldiv^0,f,c
  4615   002966  0E00               	movlw	0
  4616   002968  5A25               	subwfb	(??___fldiv+1)^0,f,c
  4617   00296A  0E7F               	movlw	127
  4618   00296C  2424               	addwf	??___fldiv^0,w,c
  4619   00296E  6E2D               	movwf	___fldiv@new_exp^0,c
  4620   002970  0E00               	movlw	0
  4621   002972  2025               	addwfc	(??___fldiv+1)^0,w,c
  4622   002974  6E2E               	movwf	(___fldiv@new_exp+1)^0,c
  4623   002976  C01C  F028         	movff	___fldiv@b,___fldiv@rem
  4624   00297A  C01D  F029         	movff	___fldiv@b+1,___fldiv@rem+1
  4625   00297E  C01E  F02A         	movff	___fldiv@b+2,___fldiv@rem+2
  4626   002982  C01F  F02B         	movff	___fldiv@b+3,___fldiv@rem+3
  4627   002986  0E00               	movlw	0
  4628   002988  6E1C               	movwf	___fldiv@b^0,c
  4629   00298A  0E00               	movlw	0
  4630   00298C  6E1D               	movwf	(___fldiv@b+1)^0,c
  4631   00298E  0E00               	movlw	0
  4632   002990  6E1E               	movwf	(___fldiv@b+2)^0,c
  4633   002992  0E00               	movlw	0
  4634   002994  6E1F               	movwf	(___fldiv@b+3)^0,c
  4635   002996  0E00               	movlw	0
  4636   002998  6E2F               	movwf	___fldiv@grs^0,c
  4637   00299A  0E00               	movlw	0
  4638   00299C  6E30               	movwf	(___fldiv@grs+1)^0,c
  4639   00299E  0E00               	movlw	0
  4640   0029A0  6E31               	movwf	(___fldiv@grs+2)^0,c
  4641   0029A2  0E00               	movlw	0
  4642   0029A4  6E32               	movwf	(___fldiv@grs+3)^0,c
  4643   0029A6  6A34               	clrf	___fldiv@aexp^0,c
  4644   0029A8  EF0E  F015         	goto	l1018
  4645   0029AC                     l2067:
  4646   0029AC  5034               	movf	___fldiv@aexp^0,w,c
  4647   0029AE  B4D8               	btfsc	status,2,c
  4648   0029B0  EFDC  F014         	goto	u1191
  4649   0029B4  EFDE  F014         	goto	u1190
  4650   0029B8                     u1191:
  4651   0029B8  EFF5  F014         	goto	l2075
  4652   0029BC                     u1190:
  4653   0029BC  90D8               	bcf	status,0,c
  4654   0029BE  3628               	rlcf	___fldiv@rem^0,f,c
  4655   0029C0  3629               	rlcf	(___fldiv@rem+1)^0,f,c
  4656   0029C2  362A               	rlcf	(___fldiv@rem+2)^0,f,c
  4657   0029C4  362B               	rlcf	(___fldiv@rem+3)^0,f,c
  4658   0029C6  90D8               	bcf	status,0,c
  4659   0029C8  361C               	rlcf	___fldiv@b^0,f,c
  4660   0029CA  361D               	rlcf	(___fldiv@b+1)^0,f,c
  4661   0029CC  361E               	rlcf	(___fldiv@b+2)^0,f,c
  4662   0029CE  361F               	rlcf	(___fldiv@b+3)^0,f,c
  4663   0029D0  AE32               	btfss	(___fldiv@grs+3)^0,7,c
  4664   0029D2  EFED  F014         	goto	u1201
  4665   0029D6  EFEF  F014         	goto	u1200
  4666   0029DA                     u1201:
  4667   0029DA  EFF0  F014         	goto	l1021
  4668   0029DE                     u1200:
  4669   0029DE  801C               	bsf	___fldiv@b^0,0,c
  4670   0029E0                     l1021:
  4671   0029E0  90D8               	bcf	status,0,c
  4672   0029E2  362F               	rlcf	___fldiv@grs^0,f,c
  4673   0029E4  3630               	rlcf	(___fldiv@grs+1)^0,f,c
  4674   0029E6  3631               	rlcf	(___fldiv@grs+2)^0,f,c
  4675   0029E8  3632               	rlcf	(___fldiv@grs+3)^0,f,c
  4676   0029EA                     l2075:
  4677   0029EA  5020               	movf	___fldiv@a^0,w,c
  4678   0029EC  5C28               	subwf	___fldiv@rem^0,w,c
  4679   0029EE  5021               	movf	(___fldiv@a+1)^0,w,c
  4680   0029F0  5829               	subwfb	(___fldiv@rem+1)^0,w,c
  4681   0029F2  5022               	movf	(___fldiv@a+2)^0,w,c
  4682   0029F4  582A               	subwfb	(___fldiv@rem+2)^0,w,c
  4683   0029F6  5023               	movf	(___fldiv@a+3)^0,w,c
  4684   0029F8  582B               	subwfb	(___fldiv@rem+3)^0,w,c
  4685   0029FA  A0D8               	btfss	status,0,c
  4686   0029FC  EF02  F015         	goto	u1211
  4687   002A00  EF04  F015         	goto	u1210
  4688   002A04                     u1211:
  4689   002A04  EF0D  F015         	goto	l2081
  4690   002A08                     u1210:
  4691   002A08  8C32               	bsf	(___fldiv@grs+3)^0,6,c
  4692   002A0A  5020               	movf	___fldiv@a^0,w,c
  4693   002A0C  5E28               	subwf	___fldiv@rem^0,f,c
  4694   002A0E  5021               	movf	(___fldiv@a+1)^0,w,c
  4695   002A10  5A29               	subwfb	(___fldiv@rem+1)^0,f,c
  4696   002A12  5022               	movf	(___fldiv@a+2)^0,w,c
  4697   002A14  5A2A               	subwfb	(___fldiv@rem+2)^0,f,c
  4698   002A16  5023               	movf	(___fldiv@a+3)^0,w,c
  4699   002A18  5A2B               	subwfb	(___fldiv@rem+3)^0,f,c
  4700   002A1A                     l2081:
  4701   002A1A  2A34               	incf	___fldiv@aexp^0,f,c
  4702   002A1C                     l1018:
  4703   002A1C  0E19               	movlw	25
  4704   002A1E  6434               	cpfsgt	___fldiv@aexp^0,c
  4705   002A20  EF14  F015         	goto	u1221
  4706   002A24  EF16  F015         	goto	u1220
  4707   002A28                     u1221:
  4708   002A28  EFD6  F014         	goto	l2067
  4709   002A2C                     u1220:
  4710   002A2C  5028               	movf	___fldiv@rem^0,w,c
  4711   002A2E  1029               	iorwf	(___fldiv@rem+1)^0,w,c
  4712   002A30  102A               	iorwf	(___fldiv@rem+2)^0,w,c
  4713   002A32  102B               	iorwf	(___fldiv@rem+3)^0,w,c
  4714   002A34  B4D8               	btfsc	status,2,c
  4715   002A36  EF1F  F015         	goto	u1231
  4716   002A3A  EF21  F015         	goto	u1230
  4717   002A3E                     u1231:
  4718   002A3E  EF39  F015         	goto	l2093
  4719   002A42                     u1230:
  4720   002A42  802F               	bsf	___fldiv@grs^0,0,c
  4721   002A44  EF39  F015         	goto	l2093
  4722   002A48                     l2087:
  4723   002A48  90D8               	bcf	status,0,c
  4724   002A4A  361C               	rlcf	___fldiv@b^0,f,c
  4725   002A4C  361D               	rlcf	(___fldiv@b+1)^0,f,c
  4726   002A4E  361E               	rlcf	(___fldiv@b+2)^0,f,c
  4727   002A50  361F               	rlcf	(___fldiv@b+3)^0,f,c
  4728   002A52  AE32               	btfss	(___fldiv@grs+3)^0,7,c
  4729   002A54  EF2E  F015         	goto	u1241
  4730   002A58  EF30  F015         	goto	u1240
  4731   002A5C                     u1241:
  4732   002A5C  EF31  F015         	goto	l1027
  4733   002A60                     u1240:
  4734   002A60  801C               	bsf	___fldiv@b^0,0,c
  4735   002A62                     l1027:
  4736   002A62  90D8               	bcf	status,0,c
  4737   002A64  362F               	rlcf	___fldiv@grs^0,f,c
  4738   002A66  3630               	rlcf	(___fldiv@grs+1)^0,f,c
  4739   002A68  3631               	rlcf	(___fldiv@grs+2)^0,f,c
  4740   002A6A  3632               	rlcf	(___fldiv@grs+3)^0,f,c
  4741   002A6C  062D               	decf	___fldiv@new_exp^0,f,c
  4742   002A6E  A0D8               	btfss	status,0,c
  4743   002A70  062E               	decf	(___fldiv@new_exp+1)^0,f,c
  4744   002A72                     l2093:
  4745   002A72  AE1E               	btfss	(___fldiv@b+2)^0,7,c
  4746   002A74  EF3E  F015         	goto	u1251
  4747   002A78  EF40  F015         	goto	u1250
  4748   002A7C                     u1251:
  4749   002A7C  EF24  F015         	goto	l2087
  4750   002A80                     u1250:
  4751   002A80  6A34               	clrf	___fldiv@aexp^0,c
  4752   002A82  AE32               	btfss	(___fldiv@grs+3)^0,7,c
  4753   002A84  EF46  F015         	goto	u1261
  4754   002A88  EF48  F015         	goto	u1260
  4755   002A8C                     u1261:
  4756   002A8C  EF6C  F015         	goto	l1029
  4757   002A90                     u1260:
  4758   002A90  0EFF               	movlw	255
  4759   002A92  142F               	andwf	___fldiv@grs^0,w,c
  4760   002A94  6E24               	movwf	??___fldiv^0,c
  4761   002A96  0EFF               	movlw	255
  4762   002A98  1430               	andwf	(___fldiv@grs+1)^0,w,c
  4763   002A9A  6E25               	movwf	(??___fldiv+1)^0,c
  4764   002A9C  0EFF               	movlw	255
  4765   002A9E  1431               	andwf	(___fldiv@grs+2)^0,w,c
  4766   002AA0  6E26               	movwf	(??___fldiv+2)^0,c
  4767   002AA2  0E7F               	movlw	127
  4768   002AA4  1432               	andwf	(___fldiv@grs+3)^0,w,c
  4769   002AA6  6E27               	movwf	(??___fldiv+3)^0,c
  4770   002AA8  5024               	movf	??___fldiv^0,w,c
  4771   002AAA  1025               	iorwf	(??___fldiv+1)^0,w,c
  4772   002AAC  1026               	iorwf	(??___fldiv+2)^0,w,c
  4773   002AAE  1027               	iorwf	(??___fldiv+3)^0,w,c
  4774   002AB0  B4D8               	btfsc	status,2,c
  4775   002AB2  EF5D  F015         	goto	u1271
  4776   002AB6  EF5F  F015         	goto	u1270
  4777   002ABA                     u1271:
  4778   002ABA  EF63  F015         	goto	l1030
  4779   002ABE                     u1270:
  4780   002ABE                     l2097:
  4781   002ABE  0E01               	movlw	1
  4782   002AC0  6E34               	movwf	___fldiv@aexp^0,c
  4783   002AC2  EF6C  F015         	goto	l1029
  4784   002AC6                     l1030:
  4785   002AC6  A01C               	btfss	___fldiv@b^0,0,c
  4786   002AC8  EF68  F015         	goto	u1281
  4787   002ACC  EF6A  F015         	goto	u1280
  4788   002AD0                     u1281:
  4789   002AD0  EF6C  F015         	goto	l1029
  4790   002AD4                     u1280:
  4791   002AD4  EF5F  F015         	goto	l2097
  4792   002AD8                     l1029:
  4793   002AD8  5034               	movf	___fldiv@aexp^0,w,c
  4794   002ADA  B4D8               	btfsc	status,2,c
  4795   002ADC  EF72  F015         	goto	u1291
  4796   002AE0  EF74  F015         	goto	u1290
  4797   002AE4                     u1291:
  4798   002AE4  EF98  F015         	goto	l2109
  4799   002AE8                     u1290:
  4800   002AE8  0E01               	movlw	1
  4801   002AEA  261C               	addwf	___fldiv@b^0,f,c
  4802   002AEC  0E00               	movlw	0
  4803   002AEE  221D               	addwfc	(___fldiv@b+1)^0,f,c
  4804   002AF0  221E               	addwfc	(___fldiv@b+2)^0,f,c
  4805   002AF2  221F               	addwfc	(___fldiv@b+3)^0,f,c
  4806   002AF4  A01F               	btfss	(___fldiv@b+3)^0,0,c
  4807   002AF6  EF7F  F015         	goto	u1301
  4808   002AFA  EF81  F015         	goto	u1300
  4809   002AFE                     u1301:
  4810   002AFE  EF98  F015         	goto	l2109
  4811   002B02                     u1300:
  4812   002B02  C01C  F024         	movff	___fldiv@b,??___fldiv
  4813   002B06  C01D  F025         	movff	___fldiv@b+1,??___fldiv+1
  4814   002B0A  C01E  F026         	movff	___fldiv@b+2,??___fldiv+2
  4815   002B0E  C01F  F027         	movff	___fldiv@b+3,??___fldiv+3
  4816   002B12  3427               	rlcf	(??___fldiv+3)^0,w,c
  4817   002B14  3227               	rrcf	(??___fldiv+3)^0,f,c
  4818   002B16  3226               	rrcf	(??___fldiv+2)^0,f,c
  4819   002B18  3225               	rrcf	(??___fldiv+1)^0,f,c
  4820   002B1A  3224               	rrcf	??___fldiv^0,f,c
  4821   002B1C  C024  F01C         	movff	??___fldiv,___fldiv@b
  4822   002B20  C025  F01D         	movff	??___fldiv+1,___fldiv@b+1
  4823   002B24  C026  F01E         	movff	??___fldiv+2,___fldiv@b+2
  4824   002B28  C027  F01F         	movff	??___fldiv+3,___fldiv@b+3
  4825   002B2C  4A2D               	infsnz	___fldiv@new_exp^0,f,c
  4826   002B2E  2A2E               	incf	(___fldiv@new_exp+1)^0,f,c
  4827   002B30                     l2109:
  4828   002B30  BE2E               	btfsc	(___fldiv@new_exp+1)^0,7,c
  4829   002B32  EFA3  F015         	goto	u1311
  4830   002B36  502E               	movf	(___fldiv@new_exp+1)^0,w,c
  4831   002B38  E108               	bnz	u1310
  4832   002B3A  282D               	incf	___fldiv@new_exp^0,w,c
  4833   002B3C  A0D8               	btfss	status,0,c
  4834   002B3E  EFA3  F015         	goto	u1311
  4835   002B42  EFA5  F015         	goto	u1310
  4836   002B46                     u1311:
  4837   002B46  EFB0  F015         	goto	l2113
  4838   002B4A                     u1310:
  4839   002B4A  0E00               	movlw	0
  4840   002B4C  6E2E               	movwf	(___fldiv@new_exp+1)^0,c
  4841   002B4E  682D               	setf	___fldiv@new_exp^0,c
  4842   002B50  0E00               	movlw	0
  4843   002B52  6E1C               	movwf	___fldiv@b^0,c
  4844   002B54  0E00               	movlw	0
  4845   002B56  6E1D               	movwf	(___fldiv@b+1)^0,c
  4846   002B58  0E00               	movlw	0
  4847   002B5A  6E1E               	movwf	(___fldiv@b+2)^0,c
  4848   002B5C  0E00               	movlw	0
  4849   002B5E  6E1F               	movwf	(___fldiv@b+3)^0,c
  4850   002B60                     l2113:
  4851   002B60  BE2E               	btfsc	(___fldiv@new_exp+1)^0,7,c
  4852   002B62  EFBD  F015         	goto	u1320
  4853   002B66  502E               	movf	(___fldiv@new_exp+1)^0,w,c
  4854   002B68  E106               	bnz	u1321
  4855   002B6A  042D               	decf	___fldiv@new_exp^0,w,c
  4856   002B6C  B0D8               	btfsc	status,0,c
  4857   002B6E  EFBB  F015         	goto	u1321
  4858   002B72  EFBD  F015         	goto	u1320
  4859   002B76                     u1321:
  4860   002B76  EFC9  F015         	goto	l2119
  4861   002B7A                     u1320:
  4862   002B7A  6A2E               	clrf	(___fldiv@new_exp+1)^0,c
  4863   002B7C  0E00               	movlw	0
  4864   002B7E  6E2D               	movwf	___fldiv@new_exp^0,c
  4865   002B80  0E00               	movlw	0
  4866   002B82  6E1C               	movwf	___fldiv@b^0,c
  4867   002B84  0E00               	movlw	0
  4868   002B86  6E1D               	movwf	(___fldiv@b+1)^0,c
  4869   002B88  0E00               	movlw	0
  4870   002B8A  6E1E               	movwf	(___fldiv@b+2)^0,c
  4871   002B8C  0E00               	movlw	0
  4872   002B8E  6E1F               	movwf	(___fldiv@b+3)^0,c
  4873   002B90  6A2C               	clrf	___fldiv@sign^0,c
  4874   002B92                     l2119:
  4875   002B92  C02D  F033         	movff	___fldiv@new_exp,___fldiv@bexp
  4876   002B96  A033               	btfss	___fldiv@bexp^0,0,c
  4877   002B98  EFD0  F015         	goto	u1331
  4878   002B9C  EFD2  F015         	goto	u1330
  4879   002BA0                     u1331:
  4880   002BA0  EFD5  F015         	goto	l2125
  4881   002BA4                     u1330:
  4882   002BA4  8E1E               	bsf	(___fldiv@b+2)^0,7,c
  4883   002BA6  EFD6  F015         	goto	l2127
  4884   002BAA                     l2125:
  4885   002BAA  9E1E               	bcf	(___fldiv@b+2)^0,7,c
  4886   002BAC                     l2127:
  4887   002BAC  90D8               	bcf	status,0,c
  4888   002BAE  3033               	rrcf	___fldiv@bexp^0,w,c
  4889   002BB0  6E1F               	movwf	(___fldiv@b+3)^0,c
  4890   002BB2  EF90  F014         	goto	l2043
  4891   002BB6                     l1016:
  4892   002BB6  0012               	return		;funcret
  4893   002BB8                     __end_of___fldiv:
  4894                           	callstack 0
  4895                           
  4896 ;; *************** function _get_engine_temp *****************
  4897 ;; Defined at:
  4898 ;;		line 21 in file "ecu2_sensor.c"
  4899 ;; Parameters:    Size  Location     Type
  4900 ;;		None
  4901 ;; Auto vars:     Size  Location     Type
  4902 ;;  temp            2   89[COMRAM] unsigned int 
  4903 ;;  val             1   91[COMRAM] unsigned char 
  4904 ;; Return value:  Size  Location     Type
  4905 ;;                  2   87[COMRAM] unsigned short 
  4906 ;; Registers used:
  4907 ;;		wreg, status,2, status,0, prodl, prodh, cstack
  4908 ;; Tracked objects:
  4909 ;;		On entry : 0/0
  4910 ;;		On exit  : 0/0
  4911 ;;		Unchanged: 0/0
  4912 ;; Data sizes:     COMRAM   BANK0   BANK1   BANK2   BANK3   BANK4   BANK5
  4913 ;;      Params:         2       0       0       0       0       0       0
  4914 ;;      Locals:         3       0       0       0       0       0       0
  4915 ;;      Temps:          0       0       0       0       0       0       0
  4916 ;;      Totals:         5       0       0       0       0       0       0
  4917 ;;Total ram usage:        5 bytes
  4918 ;; Hardware stack levels used: 1
  4919 ;; Hardware stack levels required when called: 1
  4920 ;; This function calls:
  4921 ;;		___flmul
  4922 ;;		___fltol
  4923 ;;		___xxtofl
  4924 ;;		_read_adc
  4925 ;; This function is called by:
  4926 ;;		_main
  4927 ;; This function uses a non-reentrant model
  4928 ;;
  4929                           
  4930                           	psect	text12
  4931   002094                     __ptext12:
  4932                           	callstack 0
  4933   002094                     _get_engine_temp:
  4934                           	callstack 29
  4935   002094                     
  4936                           ;ecu2_sensor.c: 23:     unsigned int temp = read_adc(0x06);
  4937   002094  0E06               	movlw	6
  4938   002096  EC50  F00F         	call	_read_adc
  4939   00209A  C001  F05A         	movff	?_read_adc,get_engine_temp@temp
  4940   00209E  C002  F05B         	movff	?_read_adc+1,get_engine_temp@temp+1
  4941   0020A2                     
  4942                           ;ecu2_sensor.c: 25:     unsigned char val = (float)temp * 0.4887;
  4943   0020A2  0EE3               	movlw	227
  4944   0020A4  6E39               	movwf	___flmul@a^0,c
  4945   0020A6  0E36               	movlw	54
  4946   0020A8  6E3A               	movwf	(___flmul@a+1)^0,c
  4947   0020AA  0EFA               	movlw	250
  4948   0020AC  6E3B               	movwf	(___flmul@a+2)^0,c
  4949   0020AE  0E3E               	movlw	62
  4950   0020B0  6E3C               	movwf	(___flmul@a+3)^0,c
  4951   0020B2  C05A  F00E         	movff	get_engine_temp@temp,___xxtofl@val
  4952   0020B6  C05B  F00F         	movff	get_engine_temp@temp+1,___xxtofl@val+1
  4953   0020BA  6A10               	clrf	(___xxtofl@val+2)^0,c
  4954   0020BC  6A11               	clrf	(___xxtofl@val+3)^0,c
  4955   0020BE  0E00               	movlw	0
  4956   0020C0  EC3B  F013         	call	___xxtofl
  4957   0020C4  C00E  F035         	movff	?___xxtofl,___flmul@b
  4958   0020C8  C00F  F036         	movff	?___xxtofl+1,___flmul@b+1
  4959   0020CC  C010  F037         	movff	?___xxtofl+2,___flmul@b+2
  4960   0020D0  C011  F038         	movff	?___xxtofl+3,___flmul@b+3
  4961   0020D4  ECDC  F015         	call	___flmul	;wreg free
  4962   0020D8  C035  F04E         	movff	?___flmul,___fltol@f1
  4963   0020DC  C036  F04F         	movff	?___flmul+1,___fltol@f1+1
  4964   0020E0  C037  F050         	movff	?___flmul+2,___fltol@f1+2
  4965   0020E4  C038  F051         	movff	?___flmul+3,___fltol@f1+3
  4966   0020E8  EC00  F012         	call	___fltol	;wreg free
  4967   0020EC  504E               	movf	?___fltol^0,w,c
  4968   0020EE  6E5C               	movwf	get_engine_temp@val^0,c
  4969   0020F0                     
  4970                           ;ecu2_sensor.c: 27:     if(val >=99)
  4971   0020F0  0E62               	movlw	98
  4972   0020F2  645C               	cpfsgt	get_engine_temp@val^0,c
  4973   0020F4  EF7E  F010         	goto	u1811
  4974   0020F8  EF80  F010         	goto	u1810
  4975   0020FC                     u1811:
  4976   0020FC  EF82  F010         	goto	l2451
  4977   002100                     u1810:
  4978   002100                     
  4979                           ;ecu2_sensor.c: 28:         val = 99;
  4980   002100  0E63               	movlw	99
  4981   002102  6E5C               	movwf	get_engine_temp@val^0,c
  4982   002104                     l2451:
  4983                           
  4984                           ;ecu2_sensor.c: 30:     return val;
  4985   002104  C05C  F058         	movff	get_engine_temp@val,?_get_engine_temp
  4986   002108  6A59               	clrf	(?_get_engine_temp+1)^0,c
  4987   00210A  0012               	return		;funcret
  4988   00210C                     __end_of_get_engine_temp:
  4989                           	callstack 0
  4990                           
  4991 ;; *************** function _read_adc *****************
  4992 ;; Defined at:
  4993 ;;		line 43 in file "adc.c"
  4994 ;; Parameters:    Size  Location     Type
  4995 ;;  channel         1    wreg     unsigned char 
  4996 ;; Auto vars:     Size  Location     Type
  4997 ;;  channel         1    6[COMRAM] unsigned char 
  4998 ;;  reg_val         2    4[COMRAM] unsigned short 
  4999 ;; Return value:  Size  Location     Type
  5000 ;;                  2    0[COMRAM] unsigned short 
  5001 ;; Registers used:
  5002 ;;		wreg, status,2, status,0
  5003 ;; Tracked objects:
  5004 ;;		On entry : 0/0
  5005 ;;		On exit  : 0/0
  5006 ;;		Unchanged: 0/0
  5007 ;; Data sizes:     COMRAM   BANK0   BANK1   BANK2   BANK3   BANK4   BANK5
  5008 ;;      Params:         2       0       0       0       0       0       0
  5009 ;;      Locals:         3       0       0       0       0       0       0
  5010 ;;      Temps:          2       0       0       0       0       0       0
  5011 ;;      Totals:         7       0       0       0       0       0       0
  5012 ;;Total ram usage:        7 bytes
  5013 ;; Hardware stack levels used: 1
  5014 ;; This function calls:
  5015 ;;		Nothing
  5016 ;; This function is called by:
  5017 ;;		_get_rpm
  5018 ;;		_get_engine_temp
  5019 ;; This function uses a non-reentrant model
  5020 ;;
  5021                           
  5022                           	psect	text13
  5023   001EA0                     __ptext13:
  5024                           	callstack 0
  5025   001EA0                     _read_adc:
  5026                           	callstack 29
  5027                           
  5028                           ;incstack = 0
  5029                           ;read_adc@channel stored from wreg
  5030   001EA0  6E07               	movwf	read_adc@channel^0,c
  5031   001EA2                     
  5032                           ;adc.c: 43: unsigned short read_adc(unsigned char channel);adc.c: 44: {;adc.c: 45:  unsi
      +                          gned short reg_val;;adc.c: 48:  ADCON0 = (ADCON0 & 0xC3) | (channel << 2);
  5033   001EA2  C007  F003         	movff	read_adc@channel,??_read_adc
  5034   001EA6  90D8               	bcf	status,0,c
  5035   001EA8  3603               	rlcf	??_read_adc^0,f,c
  5036   001EAA  90D8               	bcf	status,0,c
  5037   001EAC  3603               	rlcf	??_read_adc^0,f,c
  5038   001EAE  50C2               	movf	194,w,c	;volatile
  5039   001EB0  0BC3               	andlw	195
  5040   001EB2  1003               	iorwf	??_read_adc^0,w,c
  5041   001EB4  6EC2               	movwf	194,c	;volatile
  5042   001EB6                     
  5043                           ;adc.c: 51:  GO = 1;
  5044   001EB6  82C2               	bsf	4034,1,c	;volatile
  5045   001EB8                     l177:
  5046   001EB8  B2C2               	btfsc	4034,1,c	;volatile
  5047   001EBA  EF61  F00F         	goto	u1021
  5048   001EBE  EF63  F00F         	goto	u1020
  5049   001EC2                     u1021:
  5050   001EC2  EF5C  F00F         	goto	l177
  5051   001EC6                     u1020:
  5052   001EC6                     
  5053                           ;adc.c: 53:  reg_val = (ADRESH << 8) | ADRESL;
  5054   001EC6  50C3               	movf	195,w,c	;volatile
  5055   001EC8  CFC4 F003          	movff	4036,??_read_adc	;volatile
  5056   001ECC  6A04               	clrf	(??_read_adc+1)^0,c
  5057   001ECE  C003  F004         	movff	??_read_adc,??_read_adc+1
  5058   001ED2  6A03               	clrf	??_read_adc^0,c
  5059   001ED4  1003               	iorwf	??_read_adc^0,w,c
  5060   001ED6  6E05               	movwf	read_adc@reg_val^0,c
  5061   001ED8  5004               	movf	(??_read_adc+1)^0,w,c
  5062   001EDA  6E06               	movwf	(read_adc@reg_val+1)^0,c
  5063   001EDC                     
  5064                           ;adc.c: 55:  return reg_val;
  5065   001EDC  C005  F001         	movff	read_adc@reg_val,?_read_adc
  5066   001EE0  C006  F002         	movff	read_adc@reg_val+1,?_read_adc+1
  5067   001EE4  0012               	return		;funcret
  5068   001EE6                     __end_of_read_adc:
  5069                           	callstack 0
  5070                           
  5071 ;; *************** function ___xxtofl *****************
  5072 ;; Defined at:
  5073 ;;		line 10 in file "C:\Program Files\Microchip\xc8\v3.10\pic\sources\c99\common\xxtofl.c"
  5074 ;; Parameters:    Size  Location     Type
  5075 ;;  sign            1    wreg     unsigned char 
  5076 ;;  val             4   13[COMRAM] long 
  5077 ;; Auto vars:     Size  Location     Type
  5078 ;;  sign            1   21[COMRAM] unsigned char 
  5079 ;;  arg             4   23[COMRAM] unsigned long 
  5080 ;;  exp             1   22[COMRAM] unsigned char 
  5081 ;; Return value:  Size  Location     Type
  5082 ;;                  4   13[COMRAM] unsigned char 
  5083 ;; Registers used:
  5084 ;;		wreg, status,2, status,0
  5085 ;; Tracked objects:
  5086 ;;		On entry : 0/0
  5087 ;;		On exit  : 0/0
  5088 ;;		Unchanged: 0/0
  5089 ;; Data sizes:     COMRAM   BANK0   BANK1   BANK2   BANK3   BANK4   BANK5
  5090 ;;      Params:         4       0       0       0       0       0       0
  5091 ;;      Locals:         6       0       0       0       0       0       0
  5092 ;;      Temps:          4       0       0       0       0       0       0
  5093 ;;      Totals:        14       0       0       0       0       0       0
  5094 ;;Total ram usage:       14 bytes
  5095 ;; Hardware stack levels used: 1
  5096 ;; This function calls:
  5097 ;;		Nothing
  5098 ;; This function is called by:
  5099 ;;		_get_rpm
  5100 ;;		_get_engine_temp
  5101 ;; This function uses a non-reentrant model
  5102 ;;
  5103                           
  5104                           	psect	text14
  5105   002676                     __ptext14:
  5106                           	callstack 0
  5107   002676                     ___xxtofl:
  5108                           	callstack 29
  5109                           
  5110                           ;incstack = 0
  5111                           ;___xxtofl@sign stored from wreg
  5112   002676  6E16               	movwf	___xxtofl@sign^0,c
  5113   002678  5016               	movf	___xxtofl@sign^0,w,c
  5114   00267A  B4D8               	btfsc	status,2,c
  5115   00267C  EF42  F013         	goto	u1601
  5116   002680  EF44  F013         	goto	u1600
  5117   002684                     u1601:
  5118   002684  EF66  F013         	goto	l1089
  5119   002688                     u1600:
  5120   002688  BE11               	btfsc	(___xxtofl@val+3)^0,7,c
  5121   00268A  EF4B  F013         	goto	u1610
  5122   00268E  EF49  F013         	goto	u1611
  5123   002692                     u1611:
  5124   002692  EF66  F013         	goto	l1089
  5125   002696                     u1610:
  5126   002696  C00E  F012         	movff	___xxtofl@val,??___xxtofl
  5127   00269A  C00F  F013         	movff	___xxtofl@val+1,??___xxtofl+1
  5128   00269E  C010  F014         	movff	___xxtofl@val+2,??___xxtofl+2
  5129   0026A2  C011  F015         	movff	___xxtofl@val+3,??___xxtofl+3
  5130   0026A6  1E12               	comf	??___xxtofl^0,f,c
  5131   0026A8  1E13               	comf	(??___xxtofl+1)^0,f,c
  5132   0026AA  1E14               	comf	(??___xxtofl+2)^0,f,c
  5133   0026AC  1E15               	comf	(??___xxtofl+3)^0,f,c
  5134   0026AE  2A12               	incf	??___xxtofl^0,f,c
  5135   0026B0  0E00               	movlw	0
  5136   0026B2  2213               	addwfc	(??___xxtofl+1)^0,f,c
  5137   0026B4  2214               	addwfc	(??___xxtofl+2)^0,f,c
  5138   0026B6  2215               	addwfc	(??___xxtofl+3)^0,f,c
  5139   0026B8  C012  F018         	movff	??___xxtofl,___xxtofl@arg
  5140   0026BC  C013  F019         	movff	??___xxtofl+1,___xxtofl@arg+1
  5141   0026C0  C014  F01A         	movff	??___xxtofl+2,___xxtofl@arg+2
  5142   0026C4  C015  F01B         	movff	??___xxtofl+3,___xxtofl@arg+3
  5143   0026C8  EF6E  F013         	goto	l2313
  5144   0026CC                     l1089:
  5145   0026CC  C00E  F018         	movff	___xxtofl@val,___xxtofl@arg
  5146   0026D0  C00F  F019         	movff	___xxtofl@val+1,___xxtofl@arg+1
  5147   0026D4  C010  F01A         	movff	___xxtofl@val+2,___xxtofl@arg+2
  5148   0026D8  C011  F01B         	movff	___xxtofl@val+3,___xxtofl@arg+3
  5149   0026DC                     l2313:
  5150   0026DC  500E               	movf	___xxtofl@val^0,w,c
  5151   0026DE  100F               	iorwf	(___xxtofl@val+1)^0,w,c
  5152   0026E0  1010               	iorwf	(___xxtofl@val+2)^0,w,c
  5153   0026E2  1011               	iorwf	(___xxtofl@val+3)^0,w,c
  5154   0026E4  A4D8               	btfss	status,2,c
  5155   0026E6  EF77  F013         	goto	u1621
  5156   0026EA  EF79  F013         	goto	u1620
  5157   0026EE                     u1621:
  5158   0026EE  EF83  F013         	goto	l2319
  5159   0026F2                     u1620:
  5160   0026F2  0E00               	movlw	0
  5161   0026F4  6E0E               	movwf	?___xxtofl^0,c
  5162   0026F6  0E00               	movlw	0
  5163   0026F8  6E0F               	movwf	(?___xxtofl+1)^0,c
  5164   0026FA  0E00               	movlw	0
  5165   0026FC  6E10               	movwf	(?___xxtofl+2)^0,c
  5166   0026FE  0E00               	movlw	0
  5167   002700  6E11               	movwf	(?___xxtofl+3)^0,c
  5168   002702  EF14  F014         	goto	l1092
  5169   002706                     l2319:
  5170   002706  0E96               	movlw	150
  5171   002708  6E17               	movwf	___xxtofl@exp^0,c
  5172   00270A  EF8D  F013         	goto	l2323
  5173   00270E                     l2321:
  5174   00270E  2A17               	incf	___xxtofl@exp^0,f,c
  5175   002710  90D8               	bcf	status,0,c
  5176   002712  321B               	rrcf	(___xxtofl@arg+3)^0,f,c
  5177   002714  321A               	rrcf	(___xxtofl@arg+2)^0,f,c
  5178   002716  3219               	rrcf	(___xxtofl@arg+1)^0,f,c
  5179   002718  3218               	rrcf	___xxtofl@arg^0,f,c
  5180   00271A                     l2323:
  5181   00271A  0E00               	movlw	0
  5182   00271C  1418               	andwf	___xxtofl@arg^0,w,c
  5183   00271E  6E12               	movwf	??___xxtofl^0,c
  5184   002720  0E00               	movlw	0
  5185   002722  1419               	andwf	(___xxtofl@arg+1)^0,w,c
  5186   002724  6E13               	movwf	(??___xxtofl+1)^0,c
  5187   002726  0E00               	movlw	0
  5188   002728  141A               	andwf	(___xxtofl@arg+2)^0,w,c
  5189   00272A  6E14               	movwf	(??___xxtofl+2)^0,c
  5190   00272C  0EFE               	movlw	254
  5191   00272E  141B               	andwf	(___xxtofl@arg+3)^0,w,c
  5192   002730  6E15               	movwf	(??___xxtofl+3)^0,c
  5193   002732  5012               	movf	??___xxtofl^0,w,c
  5194   002734  1013               	iorwf	(??___xxtofl+1)^0,w,c
  5195   002736  1014               	iorwf	(??___xxtofl+2)^0,w,c
  5196   002738  1015               	iorwf	(??___xxtofl+3)^0,w,c
  5197   00273A  A4D8               	btfss	status,2,c
  5198   00273C  EFA2  F013         	goto	u1631
  5199   002740  EFA4  F013         	goto	u1630
  5200   002744                     u1631:
  5201   002744  EF87  F013         	goto	l2321
  5202   002748                     u1630:
  5203   002748  EFB2  F013         	goto	l1096
  5204   00274C                     l2325:
  5205   00274C  2A17               	incf	___xxtofl@exp^0,f,c
  5206   00274E  0E01               	movlw	1
  5207   002750  2618               	addwf	___xxtofl@arg^0,f,c
  5208   002752  0E00               	movlw	0
  5209   002754  2219               	addwfc	(___xxtofl@arg+1)^0,f,c
  5210   002756  221A               	addwfc	(___xxtofl@arg+2)^0,f,c
  5211   002758  221B               	addwfc	(___xxtofl@arg+3)^0,f,c
  5212   00275A  90D8               	bcf	status,0,c
  5213   00275C  321B               	rrcf	(___xxtofl@arg+3)^0,f,c
  5214   00275E  321A               	rrcf	(___xxtofl@arg+2)^0,f,c
  5215   002760  3219               	rrcf	(___xxtofl@arg+1)^0,f,c
  5216   002762  3218               	rrcf	___xxtofl@arg^0,f,c
  5217   002764                     l1096:
  5218   002764  0E00               	movlw	0
  5219   002766  1418               	andwf	___xxtofl@arg^0,w,c
  5220   002768  6E12               	movwf	??___xxtofl^0,c
  5221   00276A  0E00               	movlw	0
  5222   00276C  1419               	andwf	(___xxtofl@arg+1)^0,w,c
  5223   00276E  6E13               	movwf	(??___xxtofl+1)^0,c
  5224   002770  0E00               	movlw	0
  5225   002772  141A               	andwf	(___xxtofl@arg+2)^0,w,c
  5226   002774  6E14               	movwf	(??___xxtofl+2)^0,c
  5227   002776  0EFF               	movlw	255
  5228   002778  141B               	andwf	(___xxtofl@arg+3)^0,w,c
  5229   00277A  6E15               	movwf	(??___xxtofl+3)^0,c
  5230   00277C  5012               	movf	??___xxtofl^0,w,c
  5231   00277E  1013               	iorwf	(??___xxtofl+1)^0,w,c
  5232   002780  1014               	iorwf	(??___xxtofl+2)^0,w,c
  5233   002782  1015               	iorwf	(??___xxtofl+3)^0,w,c
  5234   002784  A4D8               	btfss	status,2,c
  5235   002786  EFC7  F013         	goto	u1641
  5236   00278A  EFC9  F013         	goto	u1640
  5237   00278E                     u1641:
  5238   00278E  EFA6  F013         	goto	l2325
  5239   002792                     u1640:
  5240   002792  EFD1  F013         	goto	l2333
  5241   002796                     l2331:
  5242   002796  0617               	decf	___xxtofl@exp^0,f,c
  5243   002798  90D8               	bcf	status,0,c
  5244   00279A  3618               	rlcf	___xxtofl@arg^0,f,c
  5245   00279C  3619               	rlcf	(___xxtofl@arg+1)^0,f,c
  5246   00279E  361A               	rlcf	(___xxtofl@arg+2)^0,f,c
  5247   0027A0  361B               	rlcf	(___xxtofl@arg+3)^0,f,c
  5248   0027A2                     l2333:
  5249   0027A2  BE1A               	btfsc	(___xxtofl@arg+2)^0,7,c
  5250   0027A4  EFD6  F013         	goto	u1651
  5251   0027A8  EFD8  F013         	goto	u1650
  5252   0027AC                     u1651:
  5253   0027AC  EFE0  F013         	goto	l1103
  5254   0027B0                     u1650:
  5255   0027B0  0E02               	movlw	2
  5256   0027B2  6017               	cpfslt	___xxtofl@exp^0,c
  5257   0027B4  EFDE  F013         	goto	u1661
  5258   0027B8  EFE0  F013         	goto	u1660
  5259   0027BC                     u1661:
  5260   0027BC  EFCB  F013         	goto	l2331
  5261   0027C0                     u1660:
  5262   0027C0                     l1103:
  5263   0027C0  B017               	btfsc	___xxtofl@exp^0,0,c
  5264   0027C2  EFE5  F013         	goto	u1671
  5265   0027C6  EFE7  F013         	goto	u1670
  5266   0027CA                     u1671:
  5267   0027CA  EFE8  F013         	goto	l2339
  5268   0027CE                     u1670:
  5269   0027CE  9E1A               	bcf	(___xxtofl@arg+2)^0,7,c
  5270   0027D0                     l2339:
  5271   0027D0  90D8               	bcf	status,0,c
  5272   0027D2  3217               	rrcf	___xxtofl@exp^0,f,c
  5273   0027D4  C017  F012         	movff	___xxtofl@exp,??___xxtofl
  5274   0027D8  6A13               	clrf	(??___xxtofl+1)^0,c
  5275   0027DA  6A14               	clrf	(??___xxtofl+2)^0,c
  5276   0027DC  6A15               	clrf	(??___xxtofl+3)^0,c
  5277   0027DE  C012  F015         	movff	??___xxtofl,??___xxtofl+3
  5278   0027E2  6A14               	clrf	(??___xxtofl+2)^0,c
  5279   0027E4  6A13               	clrf	(??___xxtofl+1)^0,c
  5280   0027E6  6A12               	clrf	??___xxtofl^0,c
  5281   0027E8  5012               	movf	??___xxtofl^0,w,c
  5282   0027EA  1218               	iorwf	___xxtofl@arg^0,f,c
  5283   0027EC  5013               	movf	(??___xxtofl+1)^0,w,c
  5284   0027EE  1219               	iorwf	(___xxtofl@arg+1)^0,f,c
  5285   0027F0  5014               	movf	(??___xxtofl+2)^0,w,c
  5286   0027F2  121A               	iorwf	(___xxtofl@arg+2)^0,f,c
  5287   0027F4  5015               	movf	(??___xxtofl+3)^0,w,c
  5288   0027F6  121B               	iorwf	(___xxtofl@arg+3)^0,f,c
  5289   0027F8  5016               	movf	___xxtofl@sign^0,w,c
  5290   0027FA  B4D8               	btfsc	status,2,c
  5291   0027FC  EF02  F014         	goto	u1681
  5292   002800  EF04  F014         	goto	u1680
  5293   002804                     u1681:
  5294   002804  EF0C  F014         	goto	l2349
  5295   002808                     u1680:
  5296   002808  BE11               	btfsc	(___xxtofl@val+3)^0,7,c
  5297   00280A  EF0B  F014         	goto	u1690
  5298   00280E  EF09  F014         	goto	u1691
  5299   002812                     u1691:
  5300   002812  EF0C  F014         	goto	l2349
  5301   002816                     u1690:
  5302   002816  8E1B               	bsf	(___xxtofl@arg+3)^0,7,c
  5303   002818                     l2349:
  5304   002818  C018  F00E         	movff	___xxtofl@arg,?___xxtofl
  5305   00281C  C019  F00F         	movff	___xxtofl@arg+1,?___xxtofl+1
  5306   002820  C01A  F010         	movff	___xxtofl@arg+2,?___xxtofl+2
  5307   002824  C01B  F011         	movff	___xxtofl@arg+3,?___xxtofl+3
  5308   002828                     l1092:
  5309   002828  0012               	return		;funcret
  5310   00282A                     __end_of___xxtofl:
  5311                           	callstack 0
  5312                           
  5313 ;; *************** function ___fltol *****************
  5314 ;; Defined at:
  5315 ;;		line 43 in file "C:\Program Files\Microchip\xc8\v3.10\pic\sources\c99\common\fltol.c"
  5316 ;; Parameters:    Size  Location     Type
  5317 ;;  f1              4   77[COMRAM] unsigned char 
  5318 ;; Auto vars:     Size  Location     Type
  5319 ;;  exp1            1   86[COMRAM] unsigned char 
  5320 ;;  sign1           1   85[COMRAM] unsigned char 
  5321 ;; Return value:  Size  Location     Type
  5322 ;;                  4   77[COMRAM] long 
  5323 ;; Registers used:
  5324 ;;		wreg, status,2, status,0
  5325 ;; Tracked objects:
  5326 ;;		On entry : 0/0
  5327 ;;		On exit  : 0/0
  5328 ;;		Unchanged: 0/0
  5329 ;; Data sizes:     COMRAM   BANK0   BANK1   BANK2   BANK3   BANK4   BANK5
  5330 ;;      Params:         4       0       0       0       0       0       0
  5331 ;;      Locals:         2       0       0       0       0       0       0
  5332 ;;      Temps:          4       0       0       0       0       0       0
  5333 ;;      Totals:        10       0       0       0       0       0       0
  5334 ;;Total ram usage:       10 bytes
  5335 ;; Hardware stack levels used: 1
  5336 ;; This function calls:
  5337 ;;		Nothing
  5338 ;; This function is called by:
  5339 ;;		_get_rpm
  5340 ;;		_get_engine_temp
  5341 ;; This function uses a non-reentrant model
  5342 ;;
  5343                           
  5344                           	psect	text15
  5345   002400                     __ptext15:
  5346                           	callstack 0
  5347   002400                     ___fltol:
  5348                           	callstack 29
  5349   002400  3450               	rlcf	(___fltol@f1+2)^0,w,c
  5350   002402  3451               	rlcf	(___fltol@f1+3)^0,w,c
  5351   002404  6E57               	movwf	___fltol@exp1^0,c
  5352   002406  5057               	movf	___fltol@exp1^0,w,c
  5353   002408  A4D8               	btfss	status,2,c
  5354   00240A  EF09  F012         	goto	u1531
  5355   00240E  EF0B  F012         	goto	u1530
  5356   002412                     u1531:
  5357   002412  EF15  F012         	goto	l2269
  5358   002416                     u1530:
  5359   002416                     l2265:
  5360   002416  0E00               	movlw	0
  5361   002418  6E4E               	movwf	?___fltol^0,c
  5362   00241A  0E00               	movlw	0
  5363   00241C  6E4F               	movwf	(?___fltol+1)^0,c
  5364   00241E  0E00               	movlw	0
  5365   002420  6E50               	movwf	(?___fltol+2)^0,c
  5366   002422  0E00               	movlw	0
  5367   002424  6E51               	movwf	(?___fltol+3)^0,c
  5368   002426  EF82  F012         	goto	l731
  5369   00242A                     l2269:
  5370   00242A  C04E  F052         	movff	___fltol@f1,??___fltol
  5371   00242E  C04F  F053         	movff	___fltol@f1+1,??___fltol+1
  5372   002432  C050  F054         	movff	___fltol@f1+2,??___fltol+2
  5373   002436  C051  F055         	movff	___fltol@f1+3,??___fltol+3
  5374   00243A  0E20               	movlw	32
  5375   00243C  EF25  F012         	goto	u1540
  5376   002440                     u1545:
  5377   002440  90D8               	bcf	status,0,c
  5378   002442  3255               	rrcf	(??___fltol+3)^0,f,c
  5379   002444  3254               	rrcf	(??___fltol+2)^0,f,c
  5380   002446  3253               	rrcf	(??___fltol+1)^0,f,c
  5381   002448  3252               	rrcf	??___fltol^0,f,c
  5382   00244A                     u1540:
  5383   00244A  2EE8               	decfsz	wreg,f,c
  5384   00244C  EF20  F012         	goto	u1545
  5385   002450  5052               	movf	??___fltol^0,w,c
  5386   002452  6E56               	movwf	___fltol@sign1^0,c
  5387   002454  8E50               	bsf	(___fltol@f1+2)^0,7,c
  5388   002456  0EFF               	movlw	255
  5389   002458  164E               	andwf	___fltol@f1^0,f,c
  5390   00245A  0EFF               	movlw	255
  5391   00245C  164F               	andwf	(___fltol@f1+1)^0,f,c
  5392   00245E  0EFF               	movlw	255
  5393   002460  1650               	andwf	(___fltol@f1+2)^0,f,c
  5394   002462  0E00               	movlw	0
  5395   002464  1651               	andwf	(___fltol@f1+3)^0,f,c
  5396   002466  0E96               	movlw	150
  5397   002468  5E57               	subwf	___fltol@exp1^0,f,c
  5398   00246A  BE57               	btfsc	___fltol@exp1^0,7,c
  5399   00246C  EF3C  F012         	goto	u1550
  5400   002470  EF3A  F012         	goto	u1551
  5401   002474                     u1551:
  5402   002474  EF52  F012         	goto	l2289
  5403   002478                     u1550:
  5404   002478  5057               	movf	___fltol@exp1^0,w,c
  5405   00247A  0A80               	xorlw	128
  5406   00247C  0F97               	addlw	151
  5407   00247E  B0D8               	btfsc	status,0,c
  5408   002480  EF44  F012         	goto	u1561
  5409   002484  EF46  F012         	goto	u1560
  5410   002488                     u1561:
  5411   002488  EF48  F012         	goto	l2285
  5412   00248C                     u1560:
  5413   00248C  EF0B  F012         	goto	l2265
  5414   002490                     l2285:
  5415   002490  90D8               	bcf	status,0,c
  5416   002492  3251               	rrcf	(___fltol@f1+3)^0,f,c
  5417   002494  3250               	rrcf	(___fltol@f1+2)^0,f,c
  5418   002496  324F               	rrcf	(___fltol@f1+1)^0,f,c
  5419   002498  324E               	rrcf	___fltol@f1^0,f,c
  5420   00249A  3E57               	incfsz	___fltol@exp1^0,f,c
  5421   00249C  EF48  F012         	goto	l2285
  5422   0024A0  EF6A  F012         	goto	l2299
  5423   0024A4                     l2289:
  5424   0024A4  0E1F               	movlw	31
  5425   0024A6  6457               	cpfsgt	___fltol@exp1^0,c
  5426   0024A8  EF58  F012         	goto	u1571
  5427   0024AC  EF5A  F012         	goto	u1570
  5428   0024B0                     u1571:
  5429   0024B0  EF62  F012         	goto	l2297
  5430   0024B4                     u1570:
  5431   0024B4  EF0B  F012         	goto	l2265
  5432   0024B8                     l2295:
  5433   0024B8  90D8               	bcf	status,0,c
  5434   0024BA  364E               	rlcf	___fltol@f1^0,f,c
  5435   0024BC  364F               	rlcf	(___fltol@f1+1)^0,f,c
  5436   0024BE  3650               	rlcf	(___fltol@f1+2)^0,f,c
  5437   0024C0  3651               	rlcf	(___fltol@f1+3)^0,f,c
  5438   0024C2  0657               	decf	___fltol@exp1^0,f,c
  5439   0024C4                     l2297:
  5440   0024C4  5057               	movf	___fltol@exp1^0,w,c
  5441   0024C6  A4D8               	btfss	status,2,c
  5442   0024C8  EF68  F012         	goto	u1581
  5443   0024CC  EF6A  F012         	goto	u1580
  5444   0024D0                     u1581:
  5445   0024D0  EF5C  F012         	goto	l2295
  5446   0024D4                     u1580:
  5447   0024D4                     l2299:
  5448   0024D4  5056               	movf	___fltol@sign1^0,w,c
  5449   0024D6  B4D8               	btfsc	status,2,c
  5450   0024D8  EF70  F012         	goto	u1591
  5451   0024DC  EF72  F012         	goto	u1590
  5452   0024E0                     u1591:
  5453   0024E0  EF7A  F012         	goto	l2303
  5454   0024E4                     u1590:
  5455   0024E4  1E51               	comf	(___fltol@f1+3)^0,f,c
  5456   0024E6  1E50               	comf	(___fltol@f1+2)^0,f,c
  5457   0024E8  1E4F               	comf	(___fltol@f1+1)^0,f,c
  5458   0024EA  6C4E               	negf	___fltol@f1^0,c
  5459   0024EC  0E00               	movlw	0
  5460   0024EE  224F               	addwfc	(___fltol@f1+1)^0,f,c
  5461   0024F0  2250               	addwfc	(___fltol@f1+2)^0,f,c
  5462   0024F2  2251               	addwfc	(___fltol@f1+3)^0,f,c
  5463   0024F4                     l2303:
  5464   0024F4  C04E  F04E         	movff	___fltol@f1,?___fltol
  5465   0024F8  C04F  F04F         	movff	___fltol@f1+1,?___fltol+1
  5466   0024FC  C050  F050         	movff	___fltol@f1+2,?___fltol+2
  5467   002500  C051  F051         	movff	___fltol@f1+3,?___fltol+3
  5468   002504                     l731:
  5469   002504  0012               	return		;funcret
  5470   002506                     __end_of___fltol:
  5471                           	callstack 0
  5472                           
  5473 ;; *************** function ___flmul *****************
  5474 ;; Defined at:
  5475 ;;		line 8 in file "C:\Program Files\Microchip\xc8\v3.10\pic\sources\c99\common\sprcmul.c"
  5476 ;; Parameters:    Size  Location     Type
  5477 ;;  b               4   52[COMRAM] long 
  5478 ;;  a               4   56[COMRAM] long 
  5479 ;; Auto vars:     Size  Location     Type
  5480 ;;  prod            4   71[COMRAM] struct .
  5481 ;;  grs             4   65[COMRAM] unsigned long 
  5482 ;;  temp            2   75[COMRAM] struct .
  5483 ;;  bexp            1   70[COMRAM] unsigned char 
  5484 ;;  aexp            1   69[COMRAM] unsigned char 
  5485 ;;  sign            1   64[COMRAM] unsigned char 
  5486 ;; Return value:  Size  Location     Type
  5487 ;;                  4   52[COMRAM] unsigned char 
  5488 ;; Registers used:
  5489 ;;		wreg, status,2, status,0, prodl, prodh
  5490 ;; Tracked objects:
  5491 ;;		On entry : 0/0
  5492 ;;		On exit  : 0/0
  5493 ;;		Unchanged: 0/0
  5494 ;; Data sizes:     COMRAM   BANK0   BANK1   BANK2   BANK3   BANK4   BANK5
  5495 ;;      Params:         8       0       0       0       0       0       0
  5496 ;;      Locals:        13       0       0       0       0       0       0
  5497 ;;      Temps:          4       0       0       0       0       0       0
  5498 ;;      Totals:        25       0       0       0       0       0       0
  5499 ;;Total ram usage:       25 bytes
  5500 ;; Hardware stack levels used: 1
  5501 ;; This function calls:
  5502 ;;		Nothing
  5503 ;; This function is called by:
  5504 ;;		_get_rpm
  5505 ;;		_get_engine_temp
  5506 ;; This function uses a non-reentrant model
  5507 ;;
  5508                           
  5509                           	psect	text16
  5510   002BB8                     __ptext16:
  5511                           	callstack 0
  5512   002BB8                     ___flmul:
  5513                           	callstack 29
  5514   002BB8  5038               	movf	(___flmul@b+3)^0,w,c
  5515   002BBA  0B80               	andlw	128
  5516   002BBC  6E41               	movwf	___flmul@sign^0,c
  5517   002BBE  5038               	movf	(___flmul@b+3)^0,w,c
  5518   002BC0  2438               	addwf	(___flmul@b+3)^0,w,c
  5519   002BC2  6E47               	movwf	___flmul@bexp^0,c
  5520   002BC4  AE37               	btfss	(___flmul@b+2)^0,7,c
  5521   002BC6  EFE7  F015         	goto	u1341
  5522   002BCA  EFE9  F015         	goto	u1340
  5523   002BCE                     u1341:
  5524   002BCE  EFEA  F015         	goto	l2141
  5525   002BD2                     u1340:
  5526   002BD2  8047               	bsf	___flmul@bexp^0,0,c
  5527   002BD4                     l2141:
  5528   002BD4  5047               	movf	___flmul@bexp^0,w,c
  5529   002BD6  B4D8               	btfsc	status,2,c
  5530   002BD8  EFF0  F015         	goto	u1351
  5531   002BDC  EFF2  F015         	goto	u1350
  5532   002BE0                     u1351:
  5533   002BE0  EF05  F016         	goto	l2149
  5534   002BE4                     u1350:
  5535   002BE4  2847               	incf	___flmul@bexp^0,w,c
  5536   002BE6  A4D8               	btfss	status,2,c
  5537   002BE8  EFF8  F015         	goto	u1361
  5538   002BEC  EFFA  F015         	goto	u1360
  5539   002BF0                     u1361:
  5540   002BF0  EF02  F016         	goto	l2147
  5541   002BF4                     u1360:
  5542   002BF4  0E00               	movlw	0
  5543   002BF6  6E35               	movwf	___flmul@b^0,c
  5544   002BF8  0E00               	movlw	0
  5545   002BFA  6E36               	movwf	(___flmul@b+1)^0,c
  5546   002BFC  0E00               	movlw	0
  5547   002BFE  6E37               	movwf	(___flmul@b+2)^0,c
  5548   002C00  0E00               	movlw	0
  5549   002C02  6E38               	movwf	(___flmul@b+3)^0,c
  5550   002C04                     l2147:
  5551   002C04  8E37               	bsf	(___flmul@b+2)^0,7,c
  5552   002C06  EF0D  F016         	goto	l2151
  5553   002C0A                     l2149:
  5554   002C0A  0E00               	movlw	0
  5555   002C0C  6E35               	movwf	___flmul@b^0,c
  5556   002C0E  0E00               	movlw	0
  5557   002C10  6E36               	movwf	(___flmul@b+1)^0,c
  5558   002C12  0E00               	movlw	0
  5559   002C14  6E37               	movwf	(___flmul@b+2)^0,c
  5560   002C16  0E00               	movlw	0
  5561   002C18  6E38               	movwf	(___flmul@b+3)^0,c
  5562   002C1A                     l2151:
  5563   002C1A  503C               	movf	(___flmul@a+3)^0,w,c
  5564   002C1C  0B80               	andlw	128
  5565   002C1E  1A41               	xorwf	___flmul@sign^0,f,c
  5566   002C20  503C               	movf	(___flmul@a+3)^0,w,c
  5567   002C22  243C               	addwf	(___flmul@a+3)^0,w,c
  5568   002C24  6E46               	movwf	___flmul@aexp^0,c
  5569   002C26  AE3B               	btfss	(___flmul@a+2)^0,7,c
  5570   002C28  EF18  F016         	goto	u1371
  5571   002C2C  EF1A  F016         	goto	u1370
  5572   002C30                     u1371:
  5573   002C30  EF1B  F016         	goto	l2159
  5574   002C34                     u1370:
  5575   002C34  8046               	bsf	___flmul@aexp^0,0,c
  5576   002C36                     l2159:
  5577   002C36  5046               	movf	___flmul@aexp^0,w,c
  5578   002C38  B4D8               	btfsc	status,2,c
  5579   002C3A  EF21  F016         	goto	u1381
  5580   002C3E  EF23  F016         	goto	u1380
  5581   002C42                     u1381:
  5582   002C42  EF36  F016         	goto	l2167
  5583   002C46                     u1380:
  5584   002C46  2846               	incf	___flmul@aexp^0,w,c
  5585   002C48  A4D8               	btfss	status,2,c
  5586   002C4A  EF29  F016         	goto	u1391
  5587   002C4E  EF2B  F016         	goto	u1390
  5588   002C52                     u1391:
  5589   002C52  EF33  F016         	goto	l2165
  5590   002C56                     u1390:
  5591   002C56  0E00               	movlw	0
  5592   002C58  6E39               	movwf	___flmul@a^0,c
  5593   002C5A  0E00               	movlw	0
  5594   002C5C  6E3A               	movwf	(___flmul@a+1)^0,c
  5595   002C5E  0E00               	movlw	0
  5596   002C60  6E3B               	movwf	(___flmul@a+2)^0,c
  5597   002C62  0E00               	movlw	0
  5598   002C64  6E3C               	movwf	(___flmul@a+3)^0,c
  5599   002C66                     l2165:
  5600   002C66  8E3B               	bsf	(___flmul@a+2)^0,7,c
  5601   002C68  EF3E  F016         	goto	l1048
  5602   002C6C                     l2167:
  5603   002C6C  0E00               	movlw	0
  5604   002C6E  6E39               	movwf	___flmul@a^0,c
  5605   002C70  0E00               	movlw	0
  5606   002C72  6E3A               	movwf	(___flmul@a+1)^0,c
  5607   002C74  0E00               	movlw	0
  5608   002C76  6E3B               	movwf	(___flmul@a+2)^0,c
  5609   002C78  0E00               	movlw	0
  5610   002C7A  6E3C               	movwf	(___flmul@a+3)^0,c
  5611   002C7C                     l1048:
  5612   002C7C  5046               	movf	___flmul@aexp^0,w,c
  5613   002C7E  B4D8               	btfsc	status,2,c
  5614   002C80  EF44  F016         	goto	u1401
  5615   002C84  EF46  F016         	goto	u1400
  5616   002C88                     u1401:
  5617   002C88  EF4E  F016         	goto	l2171
  5618   002C8C                     u1400:
  5619   002C8C  5047               	movf	___flmul@bexp^0,w,c
  5620   002C8E  A4D8               	btfss	status,2,c
  5621   002C90  EF4C  F016         	goto	u1411
  5622   002C94  EF4E  F016         	goto	u1410
  5623   002C98                     u1411:
  5624   002C98  EF58  F016         	goto	l2175
  5625   002C9C                     u1410:
  5626   002C9C                     l2171:
  5627   002C9C  0E00               	movlw	0
  5628   002C9E  6E35               	movwf	?___flmul^0,c
  5629   002CA0  0E00               	movlw	0
  5630   002CA2  6E36               	movwf	(?___flmul+1)^0,c
  5631   002CA4  0E00               	movlw	0
  5632   002CA6  6E37               	movwf	(?___flmul+2)^0,c
  5633   002CA8  0E00               	movlw	0
  5634   002CAA  6E38               	movwf	(?___flmul+3)^0,c
  5635   002CAC  EFEE  F017         	goto	l1052
  5636   002CB0                     l2175:
  5637   002CB0  503B               	movf	(___flmul@a+2)^0,w,c
  5638   002CB2  0235               	mulwf	___flmul@b^0,c
  5639   002CB4  CFF3 F04C          	movff	prodl,___flmul@temp
  5640   002CB8  CFF4 F04D          	movff	prodh,___flmul@temp+1
  5641   002CBC  504C               	movf	___flmul@temp^0,w,c
  5642   002CBE  6E42               	movwf	___flmul@grs^0,c
  5643   002CC0  6A43               	clrf	(___flmul@grs+1)^0,c
  5644   002CC2  6A44               	clrf	(___flmul@grs+2)^0,c
  5645   002CC4  6A45               	clrf	(___flmul@grs+3)^0,c
  5646   002CC6  504D               	movf	(___flmul@temp+1)^0,w,c
  5647   002CC8  6E48               	movwf	___flmul@prod^0,c
  5648   002CCA  6A49               	clrf	(___flmul@prod+1)^0,c
  5649   002CCC  6A4A               	clrf	(___flmul@prod+2)^0,c
  5650   002CCE  6A4B               	clrf	(___flmul@prod+3)^0,c
  5651   002CD0  503A               	movf	(___flmul@a+1)^0,w,c
  5652   002CD2  0236               	mulwf	(___flmul@b+1)^0,c
  5653   002CD4  CFF3 F04C          	movff	prodl,___flmul@temp
  5654   002CD8  CFF4 F04D          	movff	prodh,___flmul@temp+1
  5655   002CDC  504C               	movf	___flmul@temp^0,w,c
  5656   002CDE  2642               	addwf	___flmul@grs^0,f,c
  5657   002CE0  0E00               	movlw	0
  5658   002CE2  2243               	addwfc	(___flmul@grs+1)^0,f,c
  5659   002CE4  2244               	addwfc	(___flmul@grs+2)^0,f,c
  5660   002CE6  2245               	addwfc	(___flmul@grs+3)^0,f,c
  5661   002CE8  504D               	movf	(___flmul@temp+1)^0,w,c
  5662   002CEA  2648               	addwf	___flmul@prod^0,f,c
  5663   002CEC  0E00               	movlw	0
  5664   002CEE  2249               	addwfc	(___flmul@prod+1)^0,f,c
  5665   002CF0  224A               	addwfc	(___flmul@prod+2)^0,f,c
  5666   002CF2  224B               	addwfc	(___flmul@prod+3)^0,f,c
  5667   002CF4  5039               	movf	___flmul@a^0,w,c
  5668   002CF6  0237               	mulwf	(___flmul@b+2)^0,c
  5669   002CF8  CFF3 F04C          	movff	prodl,___flmul@temp
  5670   002CFC  CFF4 F04D          	movff	prodh,___flmul@temp+1
  5671   002D00  504C               	movf	___flmul@temp^0,w,c
  5672   002D02  2642               	addwf	___flmul@grs^0,f,c
  5673   002D04  0E00               	movlw	0
  5674   002D06  2243               	addwfc	(___flmul@grs+1)^0,f,c
  5675   002D08  2244               	addwfc	(___flmul@grs+2)^0,f,c
  5676   002D0A  2245               	addwfc	(___flmul@grs+3)^0,f,c
  5677   002D0C  504D               	movf	(___flmul@temp+1)^0,w,c
  5678   002D0E  2648               	addwf	___flmul@prod^0,f,c
  5679   002D10  0E00               	movlw	0
  5680   002D12  2249               	addwfc	(___flmul@prod+1)^0,f,c
  5681   002D14  224A               	addwfc	(___flmul@prod+2)^0,f,c
  5682   002D16  224B               	addwfc	(___flmul@prod+3)^0,f,c
  5683   002D18  C044  F045         	movff	___flmul@grs+2,___flmul@grs+3
  5684   002D1C  C043  F044         	movff	___flmul@grs+1,___flmul@grs+2
  5685   002D20  C042  F043         	movff	___flmul@grs,___flmul@grs+1
  5686   002D24  6A42               	clrf	___flmul@grs^0,c
  5687   002D26  5039               	movf	___flmul@a^0,w,c
  5688   002D28  0236               	mulwf	(___flmul@b+1)^0,c
  5689   002D2A  CFF3 F04C          	movff	prodl,___flmul@temp
  5690   002D2E  CFF4 F04D          	movff	prodh,___flmul@temp+1
  5691   002D32  504C               	movf	___flmul@temp^0,w,c
  5692   002D34  2642               	addwf	___flmul@grs^0,f,c
  5693   002D36  504D               	movf	(___flmul@temp+1)^0,w,c
  5694   002D38  2243               	addwfc	(___flmul@grs+1)^0,f,c
  5695   002D3A  0E00               	movlw	0
  5696   002D3C  2244               	addwfc	(___flmul@grs+2)^0,f,c
  5697   002D3E  0E00               	movlw	0
  5698   002D40  2245               	addwfc	(___flmul@grs+3)^0,f,c
  5699   002D42  503A               	movf	(___flmul@a+1)^0,w,c
  5700   002D44  0235               	mulwf	___flmul@b^0,c
  5701   002D46  CFF3 F04C          	movff	prodl,___flmul@temp
  5702   002D4A  CFF4 F04D          	movff	prodh,___flmul@temp+1
  5703   002D4E  504C               	movf	___flmul@temp^0,w,c
  5704   002D50  2642               	addwf	___flmul@grs^0,f,c
  5705   002D52  504D               	movf	(___flmul@temp+1)^0,w,c
  5706   002D54  2243               	addwfc	(___flmul@grs+1)^0,f,c
  5707   002D56  0E00               	movlw	0
  5708   002D58  2244               	addwfc	(___flmul@grs+2)^0,f,c
  5709   002D5A  0E00               	movlw	0
  5710   002D5C  2245               	addwfc	(___flmul@grs+3)^0,f,c
  5711   002D5E  C044  F045         	movff	___flmul@grs+2,___flmul@grs+3
  5712   002D62  C043  F044         	movff	___flmul@grs+1,___flmul@grs+2
  5713   002D66  C042  F043         	movff	___flmul@grs,___flmul@grs+1
  5714   002D6A  6A42               	clrf	___flmul@grs^0,c
  5715   002D6C  5039               	movf	___flmul@a^0,w,c
  5716   002D6E  0235               	mulwf	___flmul@b^0,c
  5717   002D70  CFF3 F04C          	movff	prodl,___flmul@temp
  5718   002D74  CFF4 F04D          	movff	prodh,___flmul@temp+1
  5719   002D78  504C               	movf	___flmul@temp^0,w,c
  5720   002D7A  2642               	addwf	___flmul@grs^0,f,c
  5721   002D7C  504D               	movf	(___flmul@temp+1)^0,w,c
  5722   002D7E  2243               	addwfc	(___flmul@grs+1)^0,f,c
  5723   002D80  0E00               	movlw	0
  5724   002D82  2244               	addwfc	(___flmul@grs+2)^0,f,c
  5725   002D84  0E00               	movlw	0
  5726   002D86  2245               	addwfc	(___flmul@grs+3)^0,f,c
  5727   002D88  503B               	movf	(___flmul@a+2)^0,w,c
  5728   002D8A  0236               	mulwf	(___flmul@b+1)^0,c
  5729   002D8C  CFF3 F04C          	movff	prodl,___flmul@temp
  5730   002D90  CFF4 F04D          	movff	prodh,___flmul@temp+1
  5731   002D94  504C               	movf	___flmul@temp^0,w,c
  5732   002D96  2648               	addwf	___flmul@prod^0,f,c
  5733   002D98  504D               	movf	(___flmul@temp+1)^0,w,c
  5734   002D9A  2249               	addwfc	(___flmul@prod+1)^0,f,c
  5735   002D9C  0E00               	movlw	0
  5736   002D9E  224A               	addwfc	(___flmul@prod+2)^0,f,c
  5737   002DA0  0E00               	movlw	0
  5738   002DA2  224B               	addwfc	(___flmul@prod+3)^0,f,c
  5739   002DA4  503A               	movf	(___flmul@a+1)^0,w,c
  5740   002DA6  0237               	mulwf	(___flmul@b+2)^0,c
  5741   002DA8  CFF3 F04C          	movff	prodl,___flmul@temp
  5742   002DAC  CFF4 F04D          	movff	prodh,___flmul@temp+1
  5743   002DB0  504C               	movf	___flmul@temp^0,w,c
  5744   002DB2  2648               	addwf	___flmul@prod^0,f,c
  5745   002DB4  504D               	movf	(___flmul@temp+1)^0,w,c
  5746   002DB6  2249               	addwfc	(___flmul@prod+1)^0,f,c
  5747   002DB8  0E00               	movlw	0
  5748   002DBA  224A               	addwfc	(___flmul@prod+2)^0,f,c
  5749   002DBC  0E00               	movlw	0
  5750   002DBE  224B               	addwfc	(___flmul@prod+3)^0,f,c
  5751   002DC0  503B               	movf	(___flmul@a+2)^0,w,c
  5752   002DC2  0237               	mulwf	(___flmul@b+2)^0,c
  5753   002DC4  CFF3 F04C          	movff	prodl,___flmul@temp
  5754   002DC8  CFF4 F04D          	movff	prodh,___flmul@temp+1
  5755   002DCC  504C               	movf	___flmul@temp^0,w,c
  5756   002DCE  6E3D               	movwf	??___flmul^0,c
  5757   002DD0  504D               	movf	(___flmul@temp+1)^0,w,c
  5758   002DD2  6E3E               	movwf	(??___flmul+1)^0,c
  5759   002DD4  6A3F               	clrf	(??___flmul+2)^0,c
  5760   002DD6  6A40               	clrf	(??___flmul+3)^0,c
  5761   002DD8  C03F  F040         	movff	??___flmul+2,??___flmul+3
  5762   002DDC  C03E  F03F         	movff	??___flmul+1,??___flmul+2
  5763   002DE0  C03D  F03E         	movff	??___flmul,??___flmul+1
  5764   002DE4  6A3D               	clrf	??___flmul^0,c
  5765   002DE6  503D               	movf	??___flmul^0,w,c
  5766   002DE8  2648               	addwf	___flmul@prod^0,f,c
  5767   002DEA  503E               	movf	(??___flmul+1)^0,w,c
  5768   002DEC  2249               	addwfc	(___flmul@prod+1)^0,f,c
  5769   002DEE  503F               	movf	(??___flmul+2)^0,w,c
  5770   002DF0  224A               	addwfc	(___flmul@prod+2)^0,f,c
  5771   002DF2  5040               	movf	(??___flmul+3)^0,w,c
  5772   002DF4  224B               	addwfc	(___flmul@prod+3)^0,f,c
  5773   002DF6  C042  F03D         	movff	___flmul@grs,??___flmul
  5774   002DFA  C043  F03E         	movff	___flmul@grs+1,??___flmul+1
  5775   002DFE  C044  F03F         	movff	___flmul@grs+2,??___flmul+2
  5776   002E02  C045  F040         	movff	___flmul@grs+3,??___flmul+3
  5777   002E06  0E19               	movlw	25
  5778   002E08  EF0B  F017         	goto	u1420
  5779   002E0C                     u1425:
  5780   002E0C  90D8               	bcf	status,0,c
  5781   002E0E  3240               	rrcf	(??___flmul+3)^0,f,c
  5782   002E10  323F               	rrcf	(??___flmul+2)^0,f,c
  5783   002E12  323E               	rrcf	(??___flmul+1)^0,f,c
  5784   002E14  323D               	rrcf	??___flmul^0,f,c
  5785   002E16                     u1420:
  5786   002E16  2EE8               	decfsz	wreg,f,c
  5787   002E18  EF06  F017         	goto	u1425
  5788   002E1C  503D               	movf	??___flmul^0,w,c
  5789   002E1E  2648               	addwf	___flmul@prod^0,f,c
  5790   002E20  503E               	movf	(??___flmul+1)^0,w,c
  5791   002E22  2249               	addwfc	(___flmul@prod+1)^0,f,c
  5792   002E24  503F               	movf	(??___flmul+2)^0,w,c
  5793   002E26  224A               	addwfc	(___flmul@prod+2)^0,f,c
  5794   002E28  5040               	movf	(??___flmul+3)^0,w,c
  5795   002E2A  224B               	addwfc	(___flmul@prod+3)^0,f,c
  5796   002E2C  C044  F045         	movff	___flmul@grs+2,___flmul@grs+3
  5797   002E30  C043  F044         	movff	___flmul@grs+1,___flmul@grs+2
  5798   002E34  C042  F043         	movff	___flmul@grs,___flmul@grs+1
  5799   002E38  6A42               	clrf	___flmul@grs^0,c
  5800   002E3A  5046               	movf	___flmul@aexp^0,w,c
  5801   002E3C  C047  F03D         	movff	___flmul@bexp,??___flmul
  5802   002E40  6A3E               	clrf	(??___flmul+1)^0,c
  5803   002E42  263D               	addwf	??___flmul^0,f,c
  5804   002E44  0E00               	movlw	0
  5805   002E46  223E               	addwfc	(??___flmul+1)^0,f,c
  5806   002E48  0E82               	movlw	130
  5807   002E4A  243D               	addwf	??___flmul^0,w,c
  5808   002E4C  6E4C               	movwf	___flmul@temp^0,c
  5809   002E4E  0EFF               	movlw	255
  5810   002E50  203E               	addwfc	(??___flmul+1)^0,w,c
  5811   002E52  6E4D               	movwf	(___flmul@temp+1)^0,c
  5812   002E54  EF41  F017         	goto	l2223
  5813   002E58                     l2217:
  5814   002E58  90D8               	bcf	status,0,c
  5815   002E5A  3648               	rlcf	___flmul@prod^0,f,c
  5816   002E5C  3649               	rlcf	(___flmul@prod+1)^0,f,c
  5817   002E5E  364A               	rlcf	(___flmul@prod+2)^0,f,c
  5818   002E60  364B               	rlcf	(___flmul@prod+3)^0,f,c
  5819   002E62  AE45               	btfss	(___flmul@grs+3)^0,7,c
  5820   002E64  EF36  F017         	goto	u1431
  5821   002E68  EF38  F017         	goto	u1430
  5822   002E6C                     u1431:
  5823   002E6C  EF39  F017         	goto	l1055
  5824   002E70                     u1430:
  5825   002E70  8048               	bsf	___flmul@prod^0,0,c
  5826   002E72                     l1055:
  5827   002E72  90D8               	bcf	status,0,c
  5828   002E74  3642               	rlcf	___flmul@grs^0,f,c
  5829   002E76  3643               	rlcf	(___flmul@grs+1)^0,f,c
  5830   002E78  3644               	rlcf	(___flmul@grs+2)^0,f,c
  5831   002E7A  3645               	rlcf	(___flmul@grs+3)^0,f,c
  5832   002E7C  064C               	decf	___flmul@temp^0,f,c
  5833   002E7E  A0D8               	btfss	status,0,c
  5834   002E80  064D               	decf	(___flmul@temp+1)^0,f,c
  5835   002E82                     l2223:
  5836   002E82  AE4A               	btfss	(___flmul@prod+2)^0,7,c
  5837   002E84  EF46  F017         	goto	u1441
  5838   002E88  EF48  F017         	goto	u1440
  5839   002E8C                     u1441:
  5840   002E8C  EF2C  F017         	goto	l2217
  5841   002E90                     u1440:
  5842   002E90  6A46               	clrf	___flmul@aexp^0,c
  5843   002E92  AE45               	btfss	(___flmul@grs+3)^0,7,c
  5844   002E94  EF4E  F017         	goto	u1451
  5845   002E98  EF50  F017         	goto	u1450
  5846   002E9C                     u1451:
  5847   002E9C  EF74  F017         	goto	l1057
  5848   002EA0                     u1450:
  5849   002EA0  0EFF               	movlw	255
  5850   002EA2  1442               	andwf	___flmul@grs^0,w,c
  5851   002EA4  6E3D               	movwf	??___flmul^0,c
  5852   002EA6  0EFF               	movlw	255
  5853   002EA8  1443               	andwf	(___flmul@grs+1)^0,w,c
  5854   002EAA  6E3E               	movwf	(??___flmul+1)^0,c
  5855   002EAC  0EFF               	movlw	255
  5856   002EAE  1444               	andwf	(___flmul@grs+2)^0,w,c
  5857   002EB0  6E3F               	movwf	(??___flmul+2)^0,c
  5858   002EB2  0E7F               	movlw	127
  5859   002EB4  1445               	andwf	(___flmul@grs+3)^0,w,c
  5860   002EB6  6E40               	movwf	(??___flmul+3)^0,c
  5861   002EB8  503D               	movf	??___flmul^0,w,c
  5862   002EBA  103E               	iorwf	(??___flmul+1)^0,w,c
  5863   002EBC  103F               	iorwf	(??___flmul+2)^0,w,c
  5864   002EBE  1040               	iorwf	(??___flmul+3)^0,w,c
  5865   002EC0  B4D8               	btfsc	status,2,c
  5866   002EC2  EF65  F017         	goto	u1461
  5867   002EC6  EF67  F017         	goto	u1460
  5868   002ECA                     u1461:
  5869   002ECA  EF6B  F017         	goto	l1058
  5870   002ECE                     u1460:
  5871   002ECE                     l2227:
  5872   002ECE  0E01               	movlw	1
  5873   002ED0  6E46               	movwf	___flmul@aexp^0,c
  5874   002ED2  EF74  F017         	goto	l1057
  5875   002ED6                     l1058:
  5876   002ED6  A048               	btfss	___flmul@prod^0,0,c
  5877   002ED8  EF70  F017         	goto	u1471
  5878   002EDC  EF72  F017         	goto	u1470
  5879   002EE0                     u1471:
  5880   002EE0  EF74  F017         	goto	l1057
  5881   002EE4                     u1470:
  5882   002EE4  EF67  F017         	goto	l2227
  5883   002EE8                     l1057:
  5884   002EE8  5046               	movf	___flmul@aexp^0,w,c
  5885   002EEA  B4D8               	btfsc	status,2,c
  5886   002EEC  EF7A  F017         	goto	u1481
  5887   002EF0  EF7C  F017         	goto	u1480
  5888   002EF4                     u1481:
  5889   002EF4  EFA0  F017         	goto	l2239
  5890   002EF8                     u1480:
  5891   002EF8  0E01               	movlw	1
  5892   002EFA  2648               	addwf	___flmul@prod^0,f,c
  5893   002EFC  0E00               	movlw	0
  5894   002EFE  2249               	addwfc	(___flmul@prod+1)^0,f,c
  5895   002F00  224A               	addwfc	(___flmul@prod+2)^0,f,c
  5896   002F02  224B               	addwfc	(___flmul@prod+3)^0,f,c
  5897   002F04  A04B               	btfss	(___flmul@prod+3)^0,0,c
  5898   002F06  EF87  F017         	goto	u1491
  5899   002F0A  EF89  F017         	goto	u1490
  5900   002F0E                     u1491:
  5901   002F0E  EFA0  F017         	goto	l2239
  5902   002F12                     u1490:
  5903   002F12  C048  F03D         	movff	___flmul@prod,??___flmul
  5904   002F16  C049  F03E         	movff	___flmul@prod+1,??___flmul+1
  5905   002F1A  C04A  F03F         	movff	___flmul@prod+2,??___flmul+2
  5906   002F1E  C04B  F040         	movff	___flmul@prod+3,??___flmul+3
  5907   002F22  3440               	rlcf	(??___flmul+3)^0,w,c
  5908   002F24  3240               	rrcf	(??___flmul+3)^0,f,c
  5909   002F26  323F               	rrcf	(??___flmul+2)^0,f,c
  5910   002F28  323E               	rrcf	(??___flmul+1)^0,f,c
  5911   002F2A  323D               	rrcf	??___flmul^0,f,c
  5912   002F2C  C03D  F048         	movff	??___flmul,___flmul@prod
  5913   002F30  C03E  F049         	movff	??___flmul+1,___flmul@prod+1
  5914   002F34  C03F  F04A         	movff	??___flmul+2,___flmul@prod+2
  5915   002F38  C040  F04B         	movff	??___flmul+3,___flmul@prod+3
  5916   002F3C  4A4C               	infsnz	___flmul@temp^0,f,c
  5917   002F3E  2A4D               	incf	(___flmul@temp+1)^0,f,c
  5918   002F40                     l2239:
  5919   002F40  BE4D               	btfsc	(___flmul@temp+1)^0,7,c
  5920   002F42  EFAB  F017         	goto	u1501
  5921   002F46  504D               	movf	(___flmul@temp+1)^0,w,c
  5922   002F48  E108               	bnz	u1500
  5923   002F4A  284C               	incf	___flmul@temp^0,w,c
  5924   002F4C  A0D8               	btfss	status,0,c
  5925   002F4E  EFAB  F017         	goto	u1501
  5926   002F52  EFAD  F017         	goto	u1500
  5927   002F56                     u1501:
  5928   002F56  EFB7  F017         	goto	l2243
  5929   002F5A                     u1500:
  5930   002F5A  0E00               	movlw	0
  5931   002F5C  6E48               	movwf	___flmul@prod^0,c
  5932   002F5E  0E00               	movlw	0
  5933   002F60  6E49               	movwf	(___flmul@prod+1)^0,c
  5934   002F62  0E80               	movlw	128
  5935   002F64  6E4A               	movwf	(___flmul@prod+2)^0,c
  5936   002F66  0E7F               	movlw	127
  5937   002F68  6E4B               	movwf	(___flmul@prod+3)^0,c
  5938   002F6A  EFE4  F017         	goto	l2257
  5939   002F6E                     l2243:
  5940   002F6E  BE4D               	btfsc	(___flmul@temp+1)^0,7,c
  5941   002F70  EFC4  F017         	goto	u1510
  5942   002F74  504D               	movf	(___flmul@temp+1)^0,w,c
  5943   002F76  E106               	bnz	u1511
  5944   002F78  044C               	decf	___flmul@temp^0,w,c
  5945   002F7A  B0D8               	btfsc	status,0,c
  5946   002F7C  EFC2  F017         	goto	u1511
  5947   002F80  EFC4  F017         	goto	u1510
  5948   002F84                     u1511:
  5949   002F84  EFCF  F017         	goto	l1065
  5950   002F88                     u1510:
  5951   002F88  0E00               	movlw	0
  5952   002F8A  6E48               	movwf	___flmul@prod^0,c
  5953   002F8C  0E00               	movlw	0
  5954   002F8E  6E49               	movwf	(___flmul@prod+1)^0,c
  5955   002F90  0E00               	movlw	0
  5956   002F92  6E4A               	movwf	(___flmul@prod+2)^0,c
  5957   002F94  0E00               	movlw	0
  5958   002F96  6E4B               	movwf	(___flmul@prod+3)^0,c
  5959   002F98  6A41               	clrf	___flmul@sign^0,c
  5960   002F9A  EFE4  F017         	goto	l2257
  5961   002F9E                     l1065:
  5962   002F9E  C04C  F047         	movff	___flmul@temp,___flmul@bexp
  5963   002FA2  0EFF               	movlw	255
  5964   002FA4  1648               	andwf	___flmul@prod^0,f,c
  5965   002FA6  0EFF               	movlw	255
  5966   002FA8  1649               	andwf	(___flmul@prod+1)^0,f,c
  5967   002FAA  0E7F               	movlw	127
  5968   002FAC  164A               	andwf	(___flmul@prod+2)^0,f,c
  5969   002FAE  0E00               	movlw	0
  5970   002FB0  164B               	andwf	(___flmul@prod+3)^0,f,c
  5971   002FB2  A047               	btfss	___flmul@bexp^0,0,c
  5972   002FB4  EFDE  F017         	goto	u1521
  5973   002FB8  EFE0  F017         	goto	u1520
  5974   002FBC                     u1521:
  5975   002FBC  EFE1  F017         	goto	l2255
  5976   002FC0                     u1520:
  5977   002FC0  8E4A               	bsf	(___flmul@prod+2)^0,7,c
  5978   002FC2                     l2255:
  5979   002FC2  90D8               	bcf	status,0,c
  5980   002FC4  3047               	rrcf	___flmul@bexp^0,w,c
  5981   002FC6  6E4B               	movwf	(___flmul@prod+3)^0,c
  5982   002FC8                     l2257:
  5983   002FC8  5041               	movf	___flmul@sign^0,w,c
  5984   002FCA  124B               	iorwf	(___flmul@prod+3)^0,f,c
  5985   002FCC  C048  F035         	movff	___flmul@prod,?___flmul
  5986   002FD0  C049  F036         	movff	___flmul@prod+1,?___flmul+1
  5987   002FD4  C04A  F037         	movff	___flmul@prod+2,?___flmul+2
  5988   002FD8  C04B  F038         	movff	___flmul@prod+3,?___flmul+3
  5989   002FDC                     l1052:
  5990   002FDC  0012               	return		;funcret
  5991   002FDE                     __end_of___flmul:
  5992                           	callstack 0
  5993                           
  5994 ;; *************** function _clcd_print *****************
  5995 ;; Defined at:
  5996 ;;		line 58 in file "clcd.c"
  5997 ;; Parameters:    Size  Location     Type
  5998 ;;  data            2    2[COMRAM] PTR const unsigned char 
  5999 ;;		 -> STR_2(15), STR_1(12), 
  6000 ;;  addr            1    4[COMRAM] unsigned char 
  6001 ;; Auto vars:     Size  Location     Type
  6002 ;;		None
  6003 ;; Return value:  Size  Location     Type
  6004 ;;                  1    wreg      void 
  6005 ;; Registers used:
  6006 ;;		wreg, status,2, status,0, tblptrl, tblptrh, tblptru, cstack
  6007 ;; Tracked objects:
  6008 ;;		On entry : 0/0
  6009 ;;		On exit  : 0/0
  6010 ;;		Unchanged: 0/0
  6011 ;; Data sizes:     COMRAM   BANK0   BANK1   BANK2   BANK3   BANK4   BANK5
  6012 ;;      Params:         3       0       0       0       0       0       0
  6013 ;;      Locals:         0       0       0       0       0       0       0
  6014 ;;      Temps:          0       0       0       0       0       0       0
  6015 ;;      Totals:         3       0       0       0       0       0       0
  6016 ;;Total ram usage:        3 bytes
  6017 ;; Hardware stack levels used: 1
  6018 ;; Hardware stack levels required when called: 1
  6019 ;; This function calls:
  6020 ;;		_clcd_write
  6021 ;; This function is called by:
  6022 ;;		_main
  6023 ;; This function uses a non-reentrant model
  6024 ;;
  6025                           
  6026                           	psect	text17
  6027   001E5C                     __ptext17:
  6028                           	callstack 0
  6029   001E5C                     _clcd_print:
  6030                           	callstack 29
  6031   001E5C                     
  6032                           ;clcd.c: 58: void clcd_print(const unsigned char *data, unsigned char addr);clcd.c: 59: 
      +                          {;clcd.c: 60:  clcd_write(addr, 0);
  6033   001E5C  0E00               	movlw	0
  6034   001E5E  6E01               	movwf	clcd_write@control_bit^0,c
  6035   001E60  5005               	movf	clcd_print@addr^0,w,c
  6036   001E62  EC11  F00F         	call	_clcd_write
  6037                           
  6038                           ;clcd.c: 61:  while (*data != '\0')
  6039   001E66  EF41  F00F         	goto	l2371
  6040   001E6A                     l2367:
  6041                           
  6042                           ;clcd.c: 62:  {;clcd.c: 63:   clcd_write(*data++, 1);
  6043   001E6A  0E01               	movlw	1
  6044   001E6C  6E01               	movwf	clcd_write@control_bit^0,c
  6045   001E6E  C003  FFF6         	movff	clcd_print@data,tblptrl
  6046   001E72  C004  FFF7         	movff	clcd_print@data+1,tblptrh
  6047   001E76                     	if	0	;tblptru may be non-zero
  6048   001E76                     	endif
  6049   001E76                     	if	0	;tblptru may be non-zero
  6050   001E76                     	endif
  6051   001E76  0008               	tblrd		*
  6052   001E78  50F5               	movf	tablat,w,c
  6053   001E7A  EC11  F00F         	call	_clcd_write
  6054   001E7E  4A03               	infsnz	clcd_print@data^0,f,c
  6055   001E80  2A04               	incf	(clcd_print@data+1)^0,f,c
  6056   001E82                     l2371:
  6057                           
  6058                           ;clcd.c: 61:  while (*data != '\0')
  6059   001E82  C003  FFF6         	movff	clcd_print@data,tblptrl
  6060   001E86  C004  FFF7         	movff	clcd_print@data+1,tblptrh
  6061   001E8A                     	if	0	;tblptru may be non-zero
  6062   001E8A                     	endif
  6063   001E8A                     	if	0	;tblptru may be non-zero
  6064   001E8A                     	endif
  6065   001E8A  0008               	tblrd		*
  6066   001E8C  50F5               	movf	tablat,w,c
  6067   001E8E  0900               	iorlw	0
  6068   001E90  A4D8               	btfss	status,2,c
  6069   001E92  EF4D  F00F         	goto	u1701
  6070   001E96  EF4F  F00F         	goto	u1700
  6071   001E9A                     u1701:
  6072   001E9A  EF35  F00F         	goto	l2367
  6073   001E9E                     u1700:
  6074   001E9E  0012               	return		;funcret
  6075   001EA0                     __end_of_clcd_print:
  6076                           	callstack 0
  6077                           
  6078 ;; *************** function _clcd_write *****************
  6079 ;; Defined at:
  6080 ;;		line 4 in file "clcd.c"
  6081 ;; Parameters:    Size  Location     Type
  6082 ;;  byte            1    wreg     unsigned char 
  6083 ;;  control_bit     1    0[COMRAM] unsigned char 
  6084 ;; Auto vars:     Size  Location     Type
  6085 ;;  byte            1    1[COMRAM] unsigned char 
  6086 ;; Return value:  Size  Location     Type
  6087 ;;                  1    wreg      void 
  6088 ;; Registers used:
  6089 ;;		wreg
  6090 ;; Tracked objects:
  6091 ;;		On entry : 0/0
  6092 ;;		On exit  : 0/0
  6093 ;;		Unchanged: 0/0
  6094 ;; Data sizes:     COMRAM   BANK0   BANK1   BANK2   BANK3   BANK4   BANK5
  6095 ;;      Params:         1       0       0       0       0       0       0
  6096 ;;      Locals:         1       0       0       0       0       0       0
  6097 ;;      Temps:          0       0       0       0       0       0       0
  6098 ;;      Totals:         2       0       0       0       0       0       0
  6099 ;;Total ram usage:        2 bytes
  6100 ;; Hardware stack levels used: 1
  6101 ;; This function calls:
  6102 ;;		Nothing
  6103 ;; This function is called by:
  6104 ;;		_main
  6105 ;;		_init_clcd
  6106 ;;		_clcd_print
  6107 ;;		_clcd_putch
  6108 ;; This function uses a non-reentrant model
  6109 ;;
  6110                           
  6111                           	psect	text18
  6112   001E22                     __ptext18:
  6113                           	callstack 0
  6114   001E22                     _clcd_write:
  6115                           	callstack 28
  6116                           
  6117                           ;incstack = 0
  6118                           ;clcd_write@byte stored from wreg
  6119   001E22  6E02               	movwf	clcd_write@byte^0,c
  6120   001E24                     
  6121                           ;clcd.c: 4: void clcd_write(unsigned char byte, unsigned char control_bit);clcd.c: 5: {;
      +                          clcd.c: 6:  RC1 = control_bit;
  6122   001E24  B001               	btfsc	clcd_write@control_bit^0,0,c
  6123   001E26  EF17  F00F         	goto	u951
  6124   001E2A  EF1A  F00F         	goto	u950
  6125   001E2E                     u951:
  6126   001E2E  8282               	bsf	3970,1,c	;volatile
  6127   001E30  EF1B  F00F         	goto	u965
  6128   001E34                     u950:
  6129   001E34  9282               	bcf	3970,1,c	;volatile
  6130   001E36                     u965:
  6131   001E36                     
  6132                           ;clcd.c: 7:  PORTD = byte;
  6133   001E36  C002  FF83         	movff	clcd_write@byte,3971	;volatile
  6134   001E3A                     
  6135                           ;clcd.c: 10:  RC2 = 1;
  6136   001E3A  8482               	bsf	3970,2,c	;volatile
  6137   001E3C                     
  6138                           ;clcd.c: 11:  RC2 = 0;
  6139   001E3C  9482               	bcf	3970,2,c	;volatile
  6140   001E3E                     
  6141                           ;clcd.c: 13:  TRISD7 = 0xFF;
  6142   001E3E  8E95               	bsf	3989,7,c	;volatile
  6143   001E40                     
  6144                           ;clcd.c: 14:  RC0 = 1;
  6145   001E40  8082               	bsf	3970,0,c	;volatile
  6146   001E42                     
  6147                           ;clcd.c: 15:  RC1 = 0;
  6148   001E42  9282               	bcf	3970,1,c	;volatile
  6149   001E44                     l1845:
  6150                           
  6151                           ;clcd.c: 18:  {;clcd.c: 19:   RC2 = 1;
  6152   001E44  8482               	bsf	3970,2,c	;volatile
  6153   001E46                     
  6154                           ;clcd.c: 20:   RC2 = 0;
  6155   001E46  9482               	bcf	3970,2,c	;volatile
  6156   001E48                     
  6157                           ;clcd.c: 21:  } while (RD7);
  6158   001E48  BE83               	btfsc	3971,7,c	;volatile
  6159   001E4A  EF29  F00F         	goto	u971
  6160   001E4E  EF2B  F00F         	goto	u970
  6161   001E52                     u971:
  6162   001E52  EF22  F00F         	goto	l1845
  6163   001E56                     u970:
  6164   001E56                     
  6165                           ;clcd.c: 23:  RC0 = 0;
  6166   001E56  9082               	bcf	3970,0,c	;volatile
  6167                           
  6168                           ;clcd.c: 24:  TRISD7 = 0x00;
  6169   001E58  9E95               	bcf	3989,7,c	;volatile
  6170   001E5A  0012               	return		;funcret
  6171   001E5C                     __end_of_clcd_write:
  6172                           	callstack 0
  6173                           
  6174 ;; *************** function _can_transmit *****************
  6175 ;; Defined at:
  6176 ;;		line 102 in file "can.c"
  6177 ;; Parameters:    Size  Location     Type
  6178 ;;  msg_id          2    0[COMRAM] unsigned int 
  6179 ;;  data            2    2[COMRAM] unsigned int 
  6180 ;; Auto vars:     Size  Location     Type
  6181 ;;		None
  6182 ;; Return value:  Size  Location     Type
  6183 ;;                  1    wreg      void 
  6184 ;; Registers used:
  6185 ;;		wreg, status,2, status,0
  6186 ;; Tracked objects:
  6187 ;;		On entry : 0/0
  6188 ;;		On exit  : 0/0
  6189 ;;		Unchanged: 0/0
  6190 ;; Data sizes:     COMRAM   BANK0   BANK1   BANK2   BANK3   BANK4   BANK5
  6191 ;;      Params:         4       0       0       0       0       0       0
  6192 ;;      Locals:         0       0       0       0       0       0       0
  6193 ;;      Temps:          2       0       0       0       0       0       0
  6194 ;;      Totals:         6       0       0       0       0       0       0
  6195 ;;Total ram usage:        6 bytes
  6196 ;; Hardware stack levels used: 1
  6197 ;; This function calls:
  6198 ;;		Nothing
  6199 ;; This function is called by:
  6200 ;;		_main
  6201 ;; This function uses a non-reentrant model
  6202 ;;
  6203                           
  6204                           	psect	text19
  6205   001EE6                     __ptext19:
  6206                           	callstack 0
  6207   001EE6                     _can_transmit:
  6208                           	callstack 30
  6209   001EE6                     
  6210                           ;can.c: 102: void can_transmit(unsigned int msg_id, unsigned int data);can.c: 103: {;can
      +                          .c: 104:   TXB0EIDH = 0x00;
  6211   001EE6  010F               	movlb	15	; () banked
  6212   001EE8  6B43               	clrf	67,b	;volatile
  6213                           
  6214                           ;can.c: 105:   TXB0EIDL = 0x00;
  6215   001EEA  6B44               	clrf	68,b	;volatile
  6216   001EEC                     
  6217                           ; BSR set to: 15
  6218                           ;can.c: 108:   TXB0SIDH = msg_id >> 3;
  6219   001EEC  C001  F005         	movff	can_transmit@msg_id,??_can_transmit
  6220   001EF0  C002  F006         	movff	can_transmit@msg_id+1,??_can_transmit+1
  6221   001EF4  90D8               	bcf	status,0,c
  6222   001EF6  3206               	rrcf	(??_can_transmit+1)^0,f,c
  6223   001EF8  3205               	rrcf	??_can_transmit^0,f,c
  6224   001EFA  90D8               	bcf	status,0,c
  6225   001EFC  3206               	rrcf	(??_can_transmit+1)^0,f,c
  6226   001EFE  3205               	rrcf	??_can_transmit^0,f,c
  6227   001F00  90D8               	bcf	status,0,c
  6228   001F02  3206               	rrcf	(??_can_transmit+1)^0,f,c
  6229   001F04  3205               	rrcf	??_can_transmit^0,f,c
  6230   001F06  5005               	movf	??_can_transmit^0,w,c
  6231   001F08  6F41               	movwf	65,b	;volatile
  6232                           
  6233                           ;can.c: 109:   TXB0SIDL = msg_id << 5;
  6234   001F0A  3801               	swapf	can_transmit@msg_id^0,w,c
  6235   001F0C  46E8               	rlncf	wreg,f,c
  6236   001F0E  0BE0               	andlw	224
  6237   001F10  6F42               	movwf	66,b	;volatile
  6238   001F12                     
  6239                           ; BSR set to: 15
  6240                           ;can.c: 111:   TXB0DLC = 0x02;
  6241   001F12  0E02               	movlw	2
  6242   001F14  6F45               	movwf	69,b	;volatile
  6243   001F16                     
  6244                           ; BSR set to: 15
  6245                           ;can.c: 112:   TXB0D0 = (data >> 8) & 0xFF;
  6246   001F16  5004               	movf	(can_transmit@data+1)^0,w,c
  6247   001F18  6F46               	movwf	70,b	;volatile
  6248   001F1A                     
  6249                           ; BSR set to: 15
  6250                           ;can.c: 113:   TXB0D1 = data & 0xFF;
  6251   001F1A  C003  FF47         	movff	can_transmit@data,3911	;volatile
  6252   001F1E                     
  6253                           ; BSR set to: 15
  6254                           ;can.c: 114:   TXB0D2 = 0;
  6255   001F1E  6B48               	clrf	72,b	;volatile
  6256   001F20                     
  6257                           ; BSR set to: 15
  6258                           ;can.c: 115:   TXB0D3 = 0;
  6259   001F20  6B49               	clrf	73,b	;volatile
  6260   001F22                     
  6261                           ; BSR set to: 15
  6262                           ;can.c: 116:   TXB0D4 = 0;
  6263   001F22  6B4A               	clrf	74,b	;volatile
  6264   001F24                     
  6265                           ; BSR set to: 15
  6266                           ;can.c: 117:   TXB0D5 = 0;
  6267   001F24  6B4B               	clrf	75,b	;volatile
  6268   001F26                     
  6269                           ; BSR set to: 15
  6270                           ;can.c: 118:   TXB0D6 = 0;
  6271   001F26  6B4C               	clrf	76,b	;volatile
  6272   001F28                     
  6273                           ; BSR set to: 15
  6274                           ;can.c: 119:   TXB0D7 = 0 ;
  6275   001F28  6B4D               	clrf	77,b	;volatile
  6276   001F2A                     
  6277                           ; BSR set to: 15
  6278                           ;can.c: 121:   TXB0REQ = 1;
  6279   001F2A  8740               	bsf	64,3,b	;volatile
  6280   001F2C                     
  6281                           ; BSR set to: 15
  6282   001F2C  0012               	return		;funcret
  6283   001F2E                     __end_of_can_transmit:
  6284                           	callstack 0
  6285                           
  6286 ;; *************** function _can_receive *****************
  6287 ;; Defined at:
  6288 ;;		line 71 in file "can.c"
  6289 ;; Parameters:    Size  Location     Type
  6290 ;;		None
  6291 ;; Auto vars:     Size  Location     Type
  6292 ;;  rx_msg_flag     1    0        unsigned char 
  6293 ;; Return value:  Size  Location     Type
  6294 ;;                  1    wreg      unsigned char 
  6295 ;; Registers used:
  6296 ;;		wreg
  6297 ;; Tracked objects:
  6298 ;;		On entry : 0/0
  6299 ;;		On exit  : 0/0
  6300 ;;		Unchanged: 0/0
  6301 ;; Data sizes:     COMRAM   BANK0   BANK1   BANK2   BANK3   BANK4   BANK5
  6302 ;;      Params:         0       0       0       0       0       0       0
  6303 ;;      Locals:         0       0       0       0       0       0       0
  6304 ;;      Temps:          0       0       0       0       0       0       0
  6305 ;;      Totals:         0       0       0       0       0       0       0
  6306 ;;Total ram usage:        0 bytes
  6307 ;; Hardware stack levels used: 1
  6308 ;; This function calls:
  6309 ;;		Nothing
  6310 ;; This function is called by:
  6311 ;;		_main
  6312 ;; This function uses a non-reentrant model
  6313 ;;
  6314                           
  6315                           	psect	text20
  6316   001F7A                     __ptext20:
  6317                           	callstack 0
  6318   001F7A                     _can_receive:
  6319                           	callstack 30
  6320   001F7A                     
  6321                           ;can.c: 75:   if (RXB0FUL)
  6322   001F7A  AE60               	btfss	3936,7,c	;volatile
  6323   001F7C  EFC2  F00F         	goto	u1711
  6324   001F80  EFC4  F00F         	goto	u1710
  6325   001F84                     u1711:
  6326   001F84  EFE3  F00F         	goto	l2383
  6327   001F88                     u1710:
  6328   001F88                     
  6329                           ;can.c: 76:   {;can.c: 77:     can_payload[0] = RXB0EIDH;
  6330   001F88  CF63 F060          	movff	3939,_can_payload	;volatile
  6331                           
  6332                           ;can.c: 78:     can_payload[1] = RXB0EIDL;
  6333   001F8C  CF64 F061          	movff	3940,_can_payload+1	;volatile
  6334                           
  6335                           ;can.c: 79:     can_payload[2] = RXB0SIDH;
  6336   001F90  CF61 F062          	movff	3937,_can_payload+2	;volatile
  6337                           
  6338                           ;can.c: 80:     can_payload[3] = RXB0SIDL;
  6339   001F94  CF62 F063          	movff	3938,_can_payload+3	;volatile
  6340                           
  6341                           ;can.c: 81:     can_payload[4] = RXB0DLC;
  6342   001F98  CF65 F064          	movff	3941,_can_payload+4	;volatile
  6343                           
  6344                           ;can.c: 82:     can_payload[5] = RXB0D0;
  6345   001F9C  CF66 F065          	movff	3942,_can_payload+5	;volatile
  6346                           
  6347                           ;can.c: 83:     can_payload[6] = RXB0D1;
  6348   001FA0  CF67 F066          	movff	3943,_can_payload+6	;volatile
  6349                           
  6350                           ;can.c: 84:     can_payload[7] = RXB0D2;
  6351   001FA4  CF68 F067          	movff	3944,_can_payload+7	;volatile
  6352                           
  6353                           ;can.c: 85:     can_payload[8] = RXB0D3;
  6354   001FA8  CF69 F068          	movff	3945,_can_payload+8	;volatile
  6355                           
  6356                           ;can.c: 86:     can_payload[9] = RXB0D4;
  6357   001FAC  CF6A F069          	movff	3946,_can_payload+9	;volatile
  6358                           
  6359                           ;can.c: 87:     can_payload[10] = RXB0D5;
  6360   001FB0  CF6B F06A          	movff	3947,_can_payload+10	;volatile
  6361                           
  6362                           ;can.c: 88:     can_payload[11] = RXB0D6;
  6363   001FB4  CF6C F06B          	movff	3948,_can_payload+11	;volatile
  6364                           
  6365                           ;can.c: 89:     can_payload[12] = RXB0D7;
  6366   001FB8  CF6D F06C          	movff	3949,_can_payload+12	;volatile
  6367                           
  6368                           ;can.c: 91:     RXB0FUL = 0;
  6369   001FBC  9E60               	bcf	3936,7,c	;volatile
  6370                           
  6371                           ;can.c: 92:     RXB0IF = 0;
  6372   001FBE  90A4               	bcf	4004,0,c	;volatile
  6373   001FC0                     
  6374                           ;can.c: 94:     return 1;
  6375   001FC0  0E01               	movlw	1
  6376   001FC2  EFE4  F00F         	goto	l282
  6377   001FC6                     l2383:
  6378                           
  6379                           ;can.c: 96:   {;can.c: 97:     return 0;
  6380   001FC6  0E00               	movlw	0
  6381   001FC8                     l282:
  6382   001FC8  0012               	return		;funcret
  6383   001FCA                     __end_of_can_receive:
  6384                           	callstack 0
  6385                           
  6386                           	psect	rparam
  6387   000001                     ___rparam_used  equ	1
  6388   000000                     ___param_bank   equ	0
  6389   000000                     __Lparam        equ	__Lrparam
  6390   000000                     __Hparam        equ	__Hrparam
  6391                           
  6392                           	psect	idloc
  6393                           
  6394                           ;Config register IDLOC0 @ 0x200000
  6395                           ;	unspecified, using default values
  6396   200000                     	org	2097152
  6397   200000  FF                 	db	255
  6398                           
  6399                           ;Config register IDLOC1 @ 0x200001
  6400                           ;	unspecified, using default values
  6401   200001                     	org	2097153
  6402   200001  FF                 	db	255
  6403                           
  6404                           ;Config register IDLOC2 @ 0x200002
  6405                           ;	unspecified, using default values
  6406   200002                     	org	2097154
  6407   200002  FF                 	db	255
  6408                           
  6409                           ;Config register IDLOC3 @ 0x200003
  6410                           ;	unspecified, using default values
  6411   200003                     	org	2097155
  6412   200003  FF                 	db	255
  6413                           
  6414                           ;Config register IDLOC4 @ 0x200004
  6415                           ;	unspecified, using default values
  6416   200004                     	org	2097156
  6417   200004  FF                 	db	255
  6418                           
  6419                           ;Config register IDLOC5 @ 0x200005
  6420                           ;	unspecified, using default values
  6421   200005                     	org	2097157
  6422   200005  FF                 	db	255
  6423                           
  6424                           ;Config register IDLOC6 @ 0x200006
  6425                           ;	unspecified, using default values
  6426   200006                     	org	2097158
  6427   200006  FF                 	db	255
  6428                           
  6429                           ;Config register IDLOC7 @ 0x200007
  6430                           ;	unspecified, using default values
  6431   200007                     	org	2097159
  6432   200007  FF                 	db	255
  6433                           
  6434                           	psect	config
  6435                           
  6436                           ; Padding undefined space
  6437   300000                     	org	3145728
  6438   300000  FF                 	db	255
  6439                           
  6440                           ;Config register CONFIG1H @ 0x300001
  6441                           ;	unspecified, using default values
  6442                           ;	Oscillator Selection bits
  6443                           ;	OSC = 0x7, unprogrammed default
  6444                           ;	Fail-Safe Clock Monitor Enable bit
  6445                           ;	FCMEN = 0x0, unprogrammed default
  6446                           ;	Internal/External Oscillator Switchover bit
  6447                           ;	IESO = 0x0, unprogrammed default
  6448   300001                     	org	3145729
  6449   300001  07                 	db	7
  6450                           
  6451                           ;Config register CONFIG2L @ 0x300002
  6452                           ;	unspecified, using default values
  6453                           ;	Power-up Timer Enable bit
  6454                           ;	PWRT = 0x1, unprogrammed default
  6455                           ;	Brown-out Reset Enable bits
  6456                           ;	BOREN = 0x3, unprogrammed default
  6457                           ;	Brown-out Reset Voltage bits
  6458                           ;	BORV = 0x3, unprogrammed default
  6459   300002                     	org	3145730
  6460   300002  1F                 	db	31
  6461                           
  6462                           ;Config register CONFIG2H @ 0x300003
  6463                           ;	unspecified, using default values
  6464                           ;	Watchdog Timer Enable bit
  6465                           ;	WDT = 0x1, unprogrammed default
  6466                           ;	Watchdog Timer Postscale Select bits
  6467                           ;	WDTPS = 0xF, unprogrammed default
  6468   300003                     	org	3145731
  6469   300003  1F                 	db	31
  6470                           
  6471                           ; Padding undefined space
  6472   300004                     	org	3145732
  6473   300004  FF                 	db	255
  6474                           
  6475                           ;Config register CONFIG3H @ 0x300005
  6476                           ;	unspecified, using default values
  6477                           ;	PORTB A/D Enable bit
  6478                           ;	PBADEN = 0x1, unprogrammed default
  6479                           ;	Low-Power Timer 1 Oscillator Enable bit
  6480                           ;	LPT1OSC = 0x0, unprogrammed default
  6481                           ;	MCLR Pin Enable bit
  6482                           ;	MCLRE = 0x1, unprogrammed default
  6483   300005                     	org	3145733
  6484   300005  82                 	db	130
  6485                           
  6486                           ;Config register CONFIG4L @ 0x300006
  6487                           ;	unspecified, using default values
  6488                           ;	Stack Full/Underflow Reset Enable bit
  6489                           ;	STVREN = 0x1, unprogrammed default
  6490                           ;	Single-Supply ICSP Enable bit
  6491                           ;	LVP = 0x1, unprogrammed default
  6492                           ;	Boot Block Size Select bit
  6493                           ;	BBSIZ = 0x0, unprogrammed default
  6494                           ;	Extended Instruction Set Enable bit
  6495                           ;	XINST = 0x0, unprogrammed default
  6496                           ;	Background Debugger Enable bit
  6497                           ;	DEBUG = 0x1, unprogrammed default
  6498   300006                     	org	3145734
  6499   300006  85                 	db	133
  6500                           
  6501                           ; Padding undefined space
  6502   300007                     	org	3145735
  6503   300007  FF                 	db	255
  6504                           
  6505                           ;Config register CONFIG5L @ 0x300008
  6506                           ;	unspecified, using default values
  6507                           ;	Code Protection bit
  6508                           ;	CP0 = 0x1, unprogrammed default
  6509                           ;	Code Protection bit
  6510                           ;	CP1 = 0x1, unprogrammed default
  6511                           ;	Code Protection bit
  6512                           ;	CP2 = 0x1, unprogrammed default
  6513                           ;	Code Protection bit
  6514                           ;	CP3 = 0x1, unprogrammed default
  6515   300008                     	org	3145736
  6516   300008  0F                 	db	15
  6517                           
  6518                           ;Config register CONFIG5H @ 0x300009
  6519                           ;	unspecified, using default values
  6520                           ;	Boot Block Code Protection bit
  6521                           ;	CPB = 0x1, unprogrammed default
  6522                           ;	Data EEPROM Code Protection bit
  6523                           ;	CPD = 0x1, unprogrammed default
  6524   300009                     	org	3145737
  6525   300009  C0                 	db	192
  6526                           
  6527                           ;Config register CONFIG6L @ 0x30000A
  6528                           ;	unspecified, using default values
  6529                           ;	Write Protection bit
  6530                           ;	WRT0 = 0x1, unprogrammed default
  6531                           ;	Write Protection bit
  6532                           ;	WRT1 = 0x1, unprogrammed default
  6533                           ;	Write Protection bit
  6534                           ;	WRT2 = 0x1, unprogrammed default
  6535                           ;	Write Protection bit
  6536                           ;	WRT3 = 0x1, unprogrammed default
  6537   30000A                     	org	3145738
  6538   30000A  0F                 	db	15
  6539                           
  6540                           ;Config register CONFIG6H @ 0x30000B
  6541                           ;	unspecified, using default values
  6542                           ;	Configuration Register Write Protection bit
  6543                           ;	WRTC = 0x1, unprogrammed default
  6544                           ;	Boot Block Write Protection bit
  6545                           ;	WRTB = 0x1, unprogrammed default
  6546                           ;	Data EEPROM Write Protection bit
  6547                           ;	WRTD = 0x1, unprogrammed default
  6548   30000B                     	org	3145739
  6549   30000B  E0                 	db	224
  6550                           
  6551                           ;Config register CONFIG7L @ 0x30000C
  6552                           ;	unspecified, using default values
  6553                           ;	Table Read Protection bit
  6554                           ;	EBTR0 = 0x1, unprogrammed default
  6555                           ;	Table Read Protection bit
  6556                           ;	EBTR1 = 0x1, unprogrammed default
  6557                           ;	Table Read Protection bit
  6558                           ;	EBTR2 = 0x1, unprogrammed default
  6559                           ;	Table Read Protection bit
  6560                           ;	EBTR3 = 0x1, unprogrammed default
  6561   30000C                     	org	3145740
  6562   30000C  0F                 	db	15
  6563                           
  6564                           ;Config register CONFIG7H @ 0x30000D
  6565                           ;	unspecified, using default values
  6566                           ;	Boot Block Table Read Protection bit
  6567                           ;	EBTRB = 0x1, unprogrammed default
  6568   30000D                     	org	3145741
  6569   30000D  40                 	db	64
  6570                           tosu	equ	0xFFF
  6571                           tosh	equ	0xFFE
  6572                           tosl	equ	0xFFD
  6573                           stkptr	equ	0xFFC
  6574                           pclatu	equ	0xFFB
  6575                           pclath	equ	0xFFA
  6576                           pcl	equ	0xFF9
  6577                           tblptru	equ	0xFF8
  6578                           tblptrh	equ	0xFF7
  6579                           tblptrl	equ	0xFF6
  6580                           tablat	equ	0xFF5
  6581                           prodh	equ	0xFF4
  6582                           prodl	equ	0xFF3
  6583                           indf0	equ	0xFEF
  6584                           postinc0	equ	0xFEE
  6585                           postdec0	equ	0xFED
  6586                           preinc0	equ	0xFEC
  6587                           plusw0	equ	0xFEB
  6588                           fsr0h	equ	0xFEA
  6589                           fsr0l	equ	0xFE9
  6590                           wreg	equ	0xFE8
  6591                           indf1	equ	0xFE7
  6592                           postinc1	equ	0xFE6
  6593                           postdec1	equ	0xFE5
  6594                           preinc1	equ	0xFE4
  6595                           plusw1	equ	0xFE3
  6596                           fsr1h	equ	0xFE2
  6597                           fsr1l	equ	0xFE1
  6598                           bsr	equ	0xFE0
  6599                           indf2	equ	0xFDF
  6600                           postinc2	equ	0xFDE
  6601                           postdec2	equ	0xFDD
  6602                           preinc2	equ	0xFDC
  6603                           plusw2	equ	0xFDB
  6604                           fsr2h	equ	0xFDA
  6605                           fsr2l	equ	0xFD9
  6606                           status	equ	0xFD8

Data Sizes:
    Strings     27
    Constant    0
    Data        1
    BSS         21
    Persistent  0
    Stack       0

Auto Spaces:
    Space          Size  Autos    Used
    COMRAM           95     94      95
    BANK0           160      9      30
    BANK1           256      0       0
    BANK2           256      0       0
    BANK3           256      0       0
    BANK4           256      0       0
    BANK5           256      0       0

Pointer List with Targets:

    clcd_print@data	PTR const unsigned char  size(2) Largest target is 15
		 -> STR_1(CODE[12]), STR_2(CODE[15]), 


Critical Paths under _main in COMRAM

    _main->_get_rpm
    _process_indicator->_read_switches
    _init_config->_init_clcd
    _init_clcd->_clcd_write
    _get_rpm->___fltol
    ___fldiv->___xxtofl
    _get_engine_temp->___fltol
    ___xxtofl->___lldiv
    ___fltol->___flmul
    ___flmul->___fldiv
    _clcd_print->_clcd_write

Critical Paths under _main in BANK0

    None.

Critical Paths under _main in BANK1

    None.

Critical Paths under _main in BANK2

    None.

Critical Paths under _main in BANK3

    None.

Critical Paths under _main in BANK4

    None.

Critical Paths under _main in BANK5

    None.

Call Graph Tables:

 ---------------------------------------------------------------------------------
 (Depth) Function   	        Calls       Base Space   Used Autos Params    Refs
 ---------------------------------------------------------------------------------
 (0) _main                                                 9     9      0    6182
                                              0 BANK0      9     9      0
                        _can_receive
                       _can_transmit
                         _clcd_print
                         _clcd_write
                    _get_engine_temp
                            _get_rpm
                        _init_config
                  _process_indicator
 ---------------------------------------------------------------------------------
 (1) _process_indicator                                    1     1      0     147
                                              1 COMRAM     1     1      0
                      _read_switches
 ---------------------------------------------------------------------------------
 (2) _read_switches                                        1     1      0      58
                                              0 COMRAM     1     1      0
                           _scan_key
 ---------------------------------------------------------------------------------
 (3) _scan_key                                             0     0      0       0
 ---------------------------------------------------------------------------------
 (1) _init_config                                          0     0      0      63
                           _init_adc
                           _init_can
                          _init_clcd
                 _init_matrix_keypad
 ---------------------------------------------------------------------------------
 (2) _init_matrix_keypad                                   0     0      0       0
 ---------------------------------------------------------------------------------
 (2) _init_clcd                                            1     1      0      63
                                              2 COMRAM     1     1      0
                         _clcd_write
 ---------------------------------------------------------------------------------
 (2) _init_can                                             0     0      0       0
 ---------------------------------------------------------------------------------
 (2) _init_adc                                             0     0      0       0
 ---------------------------------------------------------------------------------
 (1) _get_rpm                                              7     5      2    3448
                                             87 COMRAM     7     5      2
                            ___fldiv
                            ___flmul
                            ___fltol
                            ___lldiv
                           ___xxtofl
                           _read_adc
 ---------------------------------------------------------------------------------
 (2) ___lldiv                                             13     5      8     164
                                              0 COMRAM    13     5      8
 ---------------------------------------------------------------------------------
 (2) ___fldiv                                             25    17      8    1123
                                             27 COMRAM    25    17      8
                            ___lldiv (ARG)
                           ___xxtofl (ARG)
 ---------------------------------------------------------------------------------
 (1) _get_engine_temp                                      5     3      2    2160
                                             87 COMRAM     5     3      2
                            ___flmul
                            ___fltol
                           ___xxtofl
                           _read_adc
 ---------------------------------------------------------------------------------
 (2) _read_adc                                             7     5      2      52
                                              0 COMRAM     7     5      2
 ---------------------------------------------------------------------------------
 (2) ___xxtofl                                            14    10      4     338
                                             13 COMRAM    14    10      4
                            ___lldiv (ARG)
 ---------------------------------------------------------------------------------
 (2) ___fltol                                             10     6      4     231
                                             77 COMRAM    10     6      4
                            ___fldiv (ARG)
                            ___flmul (ARG)
                            ___lldiv (ARG)
                           ___xxtofl (ARG)
 ---------------------------------------------------------------------------------
 (2) ___flmul                                             25    17      8    1470
                                             52 COMRAM    25    17      8
                            ___fldiv (ARG)
                            ___lldiv (ARG)
                           ___xxtofl (ARG)
 ---------------------------------------------------------------------------------
 (1) _clcd_print                                           3     0      3     134
                                              2 COMRAM     3     0      3
                         _clcd_write
 ---------------------------------------------------------------------------------
 (3) _clcd_write                                           2     1      1      63
                                              0 COMRAM     2     1      1
 ---------------------------------------------------------------------------------
 (1) _can_transmit                                         6     2      4      94
                                              0 COMRAM     6     2      4
 ---------------------------------------------------------------------------------
 (1) _can_receive                                          1     1      0       1
 ---------------------------------------------------------------------------------
 Estimated maximum stack depth 3
 ---------------------------------------------------------------------------------

 Call Graph Graphs:

 _main (ROOT)
   _can_receive
   _can_transmit
   _clcd_print
     _clcd_write
   _clcd_write
   _get_engine_temp
     ___flmul
       ___fldiv (ARG)
         ___lldiv (ARG)
         ___xxtofl (ARG)
           ___lldiv (ARG)
       ___lldiv (ARG)
       ___xxtofl (ARG)
     ___fltol
       ___fldiv (ARG)
       ___flmul (ARG)
       ___lldiv (ARG)
       ___xxtofl (ARG)
     ___xxtofl
     _read_adc
   _get_rpm
     ___fldiv
     ___flmul
     ___fltol
     ___lldiv
     ___xxtofl
     _read_adc
   _init_config
     _init_adc
     _init_can
     _init_clcd
       _clcd_write
     _init_matrix_keypad
   _process_indicator
     _read_switches
       _scan_key

Address spaces:
Name               Size   Autos  Total    Usage
BIGRAM            1535      0       0      0.0%
BITBIGSFRlh        410      0       0      0.0%
BITBANK5           256      0       0      0.0%
BANK5              256      0       0      0.0%
BITBANK4           256      0       0      0.0%
BANK4              256      0       0      0.0%
BITBANK3           256      0       0      0.0%
BANK3              256      0       0      0.0%
BITBANK2           256      0       0      0.0%
BANK2              256      0       0      0.0%
BITBANK1           256      0       0      0.0%
BANK1              256      0       0      0.0%
BITBIGSFRll        212      0       0      0.0%
BITBANK0           160      0       0      0.0%
BANK0              160      9      30     18.8%
BITBIGSFRh         144      0       0      0.0%
BITCOMRAM           95      0       0      0.0%
COMRAM              95     94      95    100.0%
STACK                0      0       0      0.0%
DATA                 0      0     126      0.0%


Microchip Technology PIC18 Macro Assembler V3.10 build 20250813170317 
Symbol Table                                                                                   Mon Jun  8 17:08:02 2026

               ___fldiv@aexp 0034                 ___fldiv@bexp 0033                 ___fldiv@sign 002C  
             clcd_print@addr 0005               clcd_print@data 0003                           l43 1DDA  
                         l53 25D6                           l56 260A                           l91 210A  
                         l59 263C                           l87 23FE                           l95 2324  
                         _GO 7E11           _init_matrix_keypad 1DB4                          l122 1DC4  
                        l125 1FE4                          l126 201C                          l127 1FFE  
                        l312 2254                          l137 2092                          l308 1E56  
                        l180 1EE4                          l309 1E5A                          l318 1E9E  
                        l174 1DF6                          l351 219E                          l177 1EB8  
                        l282 1FC8                          l277 1F4A                          l286 1F2C  
                        l358 21AE                          l278 1F78                          l731 2504  
                        _GIE 7F97                          _RC0 7C10                          _RC1 7C11  
                        _RC2 7C12                          _RD7 7C1F                          _PR2 0FCB  
                        u950 1E34                          u951 1E2E                          u970 1E56  
                        u971 1E52                          u980 1FDE                          u965 1E36  
                        u981 1FDA                          u990 1FF8                          u991 1FF4  
                        wreg 0FE8                 ___flmul@aexp 0046                 ___flmul@bexp 0047  
               ___flmul@sign 0041                 ___flmul@temp 004C                 ___flmul@prod 0048  
        ?_init_matrix_keypad 0001                 ___fltol@exp1 0057                         l1021 29E0  
                       l1030 2AC6                         l1103 27C0                         l1016 2BB6  
                       l2001 2836                         l1018 2A1C                         l1027 2A62  
                       l2011 2876                         l2003 2844                         l1052 2FDC  
                       l1028 2A80                         l2101 2AE8                         l1029 2AD8  
                       l2021 289A                         l2013 2878                         l2005 2846  
                       l1055 2E72                         l2111 2B4A                         l2103 2AF4  
                       l2031 28DA                         l2023 28A8                         l2007 2856  
                       l2015 287E                         l1056 2E90                         l1048 2C7C  
                       l1065 2F9E                         l1057 2EE8                         l2201 2D78  
                       l2121 2B96                         l2113 2B60                         l2105 2B02  
                       l2041 2918                         l2033 28DC                         l2025 28AA  
                       l2017 288E                         l2009 2866                         l1058 2ED6  
                       l2211 2DF6                         l2203 2D88                         l2123 2BA4  
                       l2115 2B7A                         l2107 2B2C                         l2051 2948  
                       l2043 2920                         l2027 28BA                         l2035 28E2  
                       l2019 2894                         l1092 2828                         l2221 2E70  
                       l2213 2E2C                         l2205 2DA4                         l2141 2BD4  
                       l2301 24E4                         l2125 2BAA                         l2117 2B90  
                       l2109 2B30                         l2061 2986                         l2053 2948  
                       l2045 2924                         l2037 28F2                         l2029 28CA  
                       l2231 2EF8                         l2223 2E82                         l2215 2E3A  
                       l2207 2DB0                         l2151 2C1A                         l2143 2BE4  
                       l2135 2BB8                         l2303 24F4                         l2311 2696  
                       l2127 2BAC                         l2119 2B92                         l2071 29D0  
                       l2063 2996                         l2039 2908                         l1096 2764  
                       l2241 2F5A                         l2233 2F04                         l2225 2EA0  
                       l2217 2E58                         l2209 2DCC                         l2161 2C46  
                       l2153 2C20                         l2145 2BF4                         l2137 2BC4  
                       l2321 270E                         l2313 26DC                         l1089 26CC  
                       l2081 2A1A                         l2073 29DE                         l2065 29A6  
                       l2057 295C                         l2049 2938                         l2401 2360  
                       l2251 2FB2                         l2243 2F6E                         l2235 2F12  
                       l2227 2ECE                         l2219 2E62                         l2171 2C9C  
                       l2163 2C56                         l2155 2C26                         l2147 2C04  
                       l2139 2BD2                         l2331 2796                         l2323 271A  
                       l2315 26F2                         l2307 2678                         l2091 2A60  
                       l2083 2A2C                         l2075 29EA                         l2067 29AC  
                       l2059 2976                         l2411 2274                         l2253 2FC0  
                       l2245 2F88                         l2237 2F3C                         l2181 2CDC  
                       l2165 2C66                         l2157 2C34                         l2149 2C0A  
                       l2341 27D4                         l2333 27A2                         l2325 274C  
                       l2309 2688                         l2085 2A42                         l2093 2A72  
                       l2077 2A08                         l2069 29BC                         l2421 22AE  
                       l2413 2286                         l2405 2256                         l2501 25B0  
                       l2255 2FC2                         l2247 2F98                         l2239 2F40  
                       l2191 2D26                         l2183 2CE8                         l2175 2CB0  
                       l2167 2C6C                         l2159 2C36                         l2271 2454  
                       l2263 2400                         l2343 27F8                         l2335 27B0  
                       l2327 274E                         l2319 2706                         l2095 2A90  
                       l2087 2A48                         l2079 2A0A                         l2431 22E8  
                       l2423 22B6                         l2407 225E                         l2511 25F8  
                       l2503 25C0                         l2249 2FA2                         l2257 2FC8  
                       l2193 2D32                         l2185 2D00                         l2177 2CBC  
                       l2169 2C8C                         l2273 2456                         l2265 2416  
                       l2345 2808                         l2337 27CE                         l2329 275A  
                       l2097 2ABE                         l2089 2A52                         l2361 1DD6  
                       l2353 1DC6                         l2433 22F2                         l2425 22C0  
                       l2417 228E                         l2409 2262                         l2513 261A  
                       l2505 25C8                         l2371 1E82                         l2259 2FCC  
                       l2195 2D42                         l2187 2D0C                         l2179 2CC6  
                       l2275 2466                         l2347 2816                         l2339 27D0  
                       l2451 2104                         l2443 2094                         l2363 1DD8  
                       l2355 1DCA                         l2435 2304                         l2427 22D2  
                       l2419 229E                         l2515 262A                         l2507 25CC  
                       l2373 1F7A                         l2461 1F16                         l2365 1E5C  
                       l2197 2D4E                         l2189 2D18                         l2285 2490  
                       l2277 246A                         l2269 242A                         l2349 2818  
                       l2445 20A2                         l1901 21B0                         l2357 1DCE  
                       l2517 264C                         l2509 25E6                         l2375 1F88  
                       l2383 1FC6                         l2471 1F24                         l2463 1F1A  
                       l2455 1EE6                         l1831 1E24                         l2367 1E6A  
                       l2199 2D5E                         l2295 24B8                         l2287 249A  
                       l2279 2478                         l2447 20F0                         l1911 21D4  
                       l1903 21B2                         l2359 1DD2                         l2439 231A  
                       l2519 265C                         l2377 1FC0                         l2473 1F26  
                       l2465 1F1E                         l2457 1EEC                         l1841 1E40  
                       l1833 1E36                         l2369 1E7E                         l2297 24C4  
                       l2289 24A4                         l2449 2100                         l1921 2206  
                       l1913 21E4                         l1905 21B8                         l2481 2506  
                       l2475 1F28                         l2467 1F20                         l2459 1F12  
                       l1843 1E42                         l1835 1E3A                         l2299 24D4  
                       l2395 2338                         l2387 2326                         l1931 2234  
                       l1923 2210                         l1915 21EE                         l1907 21BA  
                       l1851 1FCA                         l2491 2578                         l2483 2506  
                       l2477 1F2A                         l2469 1F22                         l1845 1E44  
                       l1837 1E3C                         l1941 1EC6                         l2397 234E  
                       l2389 2336                         l1933 2242                         l1925 2218  
                       l1917 21F6                         l1909 21CA                         l1861 2014  
                       l1853 1FDE                         l2493 257C                         l2485 250A  
                       l1847 1E46                         l1839 1E3E                         l1943 1EDC  
                       l2399 2350                         l1935 224C                         l1927 2222  
                       l1919 2200                         l1871 1DB4                         l1951 2038  
                       l2495 2586                         l2487 251A                         l2479 2506  
                       l1849 1E48                         l1937 1EA2                         l1881 1F36  
                       l1929 222A                         l1873 1DBC                         l1865 201A  
                       l1857 1FF8                         l1953 2048                         l2497 2598  
                       l2489 252E                         l1939 1EB6                         l1891 1F6C  
                       l1883 1F38                         l1875 1DBE                         l1955 2058  
                       l1963 2060                         l1947 2020                         l2499 25A4  
                       l1981 2132                         l1869 1DDC                         l1893 1F6E  
                       l1885 1F4C                         l1877 1F2E                         l1965 2070  
                       l1973 2090                         l1957 205A                         l1949 2030  
                       l1991 217C                         l1983 213A                         l1895 1F70  
                       l1887 1F64                         l1879 1F32                         l1967 2078  
                       l1993 218C                         l1985 2146                         l1977 210C  
                       l1897 1F74                         l1889 1F66                         l1969 2088  
                       l1995 218E                         l1987 2154                         l1979 211C  
                       l1899 1F76                         l1997 2198                         l1989 215E  
                       l1999 282A                         _ADFM 7E07                         _ADON 7E10  
                       STR_1 2FEE                         STR_2 2FDF                         u1000 2014  
                       u1001 2010                         u1010 1F4A                         u1011 1F46  
                       u1020 1EC6                         u1100 217C                         u1021 1EC2  
                       u1101 2178                         u1110 2844                         u1030 2030  
                       u1111 2840                         u1031 202C                         u1200 29DE  
                       u1120 2856                         u1040 2048                         u1201 29DA  
                       u1121 2852                         u1041 2044                         u1210 2A08  
                       u1130 2866                         u1050 2058                         u1211 2A04  
                       u1131 2862                         u1051 2054                         u1300 2B02  
                       u1220 2A2C                         u1140 28A8                         u1060 2070  
                       u1301 2AFE                         u1221 2A28                         u1141 28A4  
                       u1061 206C                         u1310 2B4A                         u1230 2A42  
                       u1150 28BA                         u1070 2088                         u1311 2B46  
                       u1231 2A3E                         u1151 28B6                         u1071 2084  
                       u1400 2C8C                         u1320 2B7A                         u1240 2A60  
                       u1160 28CA                         u1080 2132                         u1401 2C88  
                       u1321 2B76                         u1241 2A5C                         u1161 28C6  
                       u1081 212E                         u1410 2C9C                         u1330 2BA4  
                       u1250 2A80                         u1170 2908                         u1090 2154  
                       u1411 2C98                         u1331 2BA0                         u1251 2A7C  
                       u1171 2904                         u1091 2150                         u1500 2F5A  
                       u1420 2E16                         u1340 2BD2                         u1260 2A90  
                       u1180 2948                         u1501 2F56                         u1341 2BCE  
                       u1261 2A8C                         u1181 2944                         u1510 2F88  
                       u1430 2E70                         u1350 2BE4                         u1270 2ABE  
                       u1190 29BC                         u1511 2F84                         u1431 2E6C  
                       u1351 2BE0                         u1271 2ABA                         u1191 29B8  
                       u1520 2FC0                         u1440 2E90                         u1360 2BF4  
                       u1600 2688                         u1280 2AD4                         u1521 2FBC  
                       u1441 2E8C                         u1425 2E0C                         u1361 2BF0  
                       u1601 2684                         u1281 2AD0                         u1450 2EA0  
                       u1370 2C34                         u1530 2416                         u1610 2696  
                       u1290 2AE8                         u1451 2E9C                         u1371 2C30  
                       u1531 2412                         u1611 2692                         u1291 2AE4  
                       u1700 1E9E                         u1460 2ECE                         u1380 2C46  
                       u1540 244A                         u1620 26F2                         u1701 1E9A  
                       u1461 2ECA                         u1381 2C42                         u1621 26EE  
                       u1710 1F88                         u1470 2EE4                         u1390 2C56  
                       u1550 2478                         u1630 2748                         u1711 1F84  
                       u1471 2EE0                         u1391 2C52                         u1551 2474  
                       u1631 2744                         u1480 2EF8                         u1560 248C  
                       u1640 2792                         u1720 2360                         u1800 2316  
                       u1481 2EF4                         u1561 2488                         u1545 2440  
                       u1641 278E                         u1721 235C                         u1801 2312  
                       u1490 2F12                         u1570 24B4                         u1650 27B0  
                       u1810 2100                         u1730 2274                         u1491 2F0E  
                       u1571 24B0                         u1651 27AC                         u1811 20FC  
                       u1731 2270                         u1580 24D4                         u1660 27C0  
                       u1740 2286                         u1820 252E                         u1581 24D0  
                       u1661 27BC                         u1741 2282                         u1821 252A  
                       u1590 24E4                         u1670 27CE                         u1750 229E  
                       u1591 24E0                         u1671 27CA                         u1751 229A  
                       u1680 2808                         u1760 22AE                         u1840 2578  
                       u1681 2804                         u1761 22AA                         u1841 2574  
                       u1690 2816                         u1770 22D2                         u1850 2598  
                       u1691 2812                         u1771 22CE                         u1907 2632  
                       u1851 2594                         u1835 2538                         u1780 22E4  
                       u1860 25E6                         u1781 22E0                         u1917 2664  
                       u1861 25E2                         u1790 2304                         u1870 261A  
                       u1927 21C0                         u1791 2300                         u1871 2616  
                       u1880 264C                         u1937 21DA                         u1881 2648  
                       u1947 21F0                         _PEIE 7F96                         u1957 2212  
                       u1967 2224                         u1977 223A                         u1897 2600  
                       u1987 224E                         _RBPU 7F8F                         _main 2506  
                       prodh 0FF4                         prodl 0FF3                         start 2FFC  
            ___fldiv@new_exp 002D         ??_init_matrix_keypad 0001                 ___param_bank 0000  
             clcd_write@byte 0002                ___fltol@sign1 0056                        _ADCS0 7E00  
                      _ADCS1 7E01                        _ADCS2 7E02                        ?_main 0001  
            __end_of___fldiv 2BB8                        _ACQT0 7E03                        _ACQT1 7E04  
                      _ACQT2 7E05              __end_of___flmul 2FDE              __end_of___fltol 2506  
            __end_of___lldiv 21B0                 ?_init_config 0001                        _VCFG0 7E0C  
                      _VCFG1 7E0D                        _PORTB 0F81                        _PORTD 0F83  
                      _TRISB 0F93                        _TRISC 0F94                        _TRISD 0F95  
            __end_of_get_rpm 2400                        _count 006D                        tablat 0FF5  
                      status 0FD8              __initialization 1DF8                 __end_of_main 2676  
                     ??_main 0074                __activetblptr 0002                       _ADCON0 0FC2  
                     _ADCON1 0FC1             read_switches@key 006F                       _CANCON 0F6F  
                     _ADRESH 0FC4                       _ADRESL 0FC3                       _GODONE 7E11  
                     _RXB0D0 0F66                       _RXB0D1 0F67                       _RXB0D2 0F68  
                     _RXB0D3 0F69                       _RXB0D4 0F6A                       _RXB0D5 0F6B  
                     _RXB0D6 0F6C                       _RXB0D7 0F6D                       _RXB0IF 7D20  
                     _TMR2IE 7CE9                       _TMR2IF 7CF1                       _TXB0D0 0F46  
                     _TXB0D1 0F47                       _TXB0D2 0F48                       _TXB0D3 0F49  
                     _TXB0D4 0F4A                       _TXB0D5 0F4B                       _TXB0D6 0F4C  
                     _TXB0D7 0F4D                       _TMR2ON 7E52                       _TRISB2 7C9A  
                     _TRISB3 7C9B                       _TRISD7 7CAF             __end_of___xxtofl 282A  
                  ??___fldiv 0024                    ??___flmul 003D                    ??___fltol 0052  
                  ??___lldiv 0009             __end_of_init_adc 1DF8             __end_of_init_can 1F7A  
           __end_of_read_adc 1EE6                       clear_0 1E10                       isa$std 0001  
           __end_of_scan_key 201E                    ??_get_rpm 005A                 __mediumconst 2FDE  
                     tblptrh 0FF7                       tblptrl 0FF6                       tblptru 0FF8  
               _can_transmit 1EE6                 ___xxtofl@arg 0018                 ___xxtofl@exp 0017  
               ___xxtofl@val 000E                   __accesstop 0060      __end_of__initialization 1E18  
              ___rparam_used 0001                   ___fltol@f1 004E               __pcstackCOMRAM 0001  
               __pidataBANK0 3000               _cur_ind_status 0070                   __pbssBANK0 0060  
                 _clcd_print 1E5C                   _clcd_write 1E22            read_switches@once 007D  
                    _ECANCON 0F77                      _CANSTAT 0F6E                      _BRGCON1 0F70  
                    _BRGCON2 0F71                      _BRGCON3 0F72          get_engine_temp@temp 005A  
                  ?___xxtofl 000E                      _RXB0DLC 0F65                      _RXB0CON 0F60  
                    _RXB0FUL 7B07                      _TXB0DLC 0F45                      _TXB0REQ 7A03  
                    _RXFCON0 0DD4                _read_switches 201E            ??_get_engine_temp 005A  
                  ?_init_adc 0001                    ?_init_can 0001                    ?_read_adc 0001  
                  ?_scan_key 0001                      __Hparam 0000                      __Lparam 0000  
              ??_can_receive 0001                      ___fldiv 282A                      ___flmul 2BB8  
                    ___fltol 2400                      ___lldiv 210C                      __pcinit 1DF8  
                    __ramtop 0600                      __ptext0 2506                      __ptext1 2256  
                    __ptext2 201E                      __ptext3 1FCA                      __ptext4 1DC6  
                    __ptext5 1DB4                      __ptext6 21B0                      __ptext7 1F2E  
                    __ptext8 1DDC                      __ptext9 2326                      _get_rpm 2326  
          __end_of_init_clcd 2256                   ??___xxtofl 0012               ?_read_switches 0001  
                    main@rpm 007A         end_of_initialization 1E18                   ??_init_adc 0001  
                 ??_init_can 0001                __Lmediumconst 2FDE                   ??_read_adc 0003  
                 ??_scan_key 0001              _prev_ind_status 005F                  ?_clcd_print 0003  
            ___lldiv@divisor 0005                  ?_clcd_write 0001              ___lldiv@counter 000D  
        process_indicator@sw 0002                      postinc0 0FEE                    _PORTBbits 0F81  
            read_adc@channel 0007          __end_of_can_receive 1FCA                ___xxtofl@sign 0016  
            read_adc@reg_val 0005                  ___fldiv@grs 002F                  ___fldiv@rem 0028  
                ___flmul@grs 0042                   get_rpm@sum 005A                   main@msg_id 0078  
        start_initialization 1DF8              ??_read_switches 0001                  _can_receive 1F7A  
                _can_payload 0060                  __pdataBANK0 007D  read_switches@detection_type 0001  
              ??_init_config 0004                    ___fldiv@a 0020                    ___fldiv@b 001C  
            _get_engine_temp 2094                    ___flmul@a 0039                    ___flmul@b 0035  
                __pbssCOMRAM 005F                __pcstackBANK0 0074                __pmediumconst 2FDE  
                   ?___fldiv 001C             can_transmit@data 0003                     ?___flmul 0035  
                   ?___fltol 004E                     ?___lldiv 0001           get_engine_temp@val 005C  
                   ?_get_rpm 0058                  _blink_state 0072                    _led_state 0073  
                __smallconst 2FDE           can_transmit@msg_id 0001                    _init_clcd 21B0  
        __end_of_init_config 1DDC                 ??_clcd_print 0006   __end_of_init_matrix_keypad 1DC6  
               ??_clcd_write 0002                     _RXB0EIDH 0F63                     _RXB0EIDL 0F64  
                   _RXB0SIDH 0F61                     _RXB0SIDL 0F62                     _RXF0SIDH 0F00  
                   _RXF0SIDL 0F01                     _TXB0EIDH 0F43                     _TXB0EIDL 0F44  
                   _RXM0EIDH 0F1A                     _RXM0EIDL 0F1B                     _TXB0SIDH 0F41  
                   _TXB0SIDL 0F42                     _RXM0SIDH 0F18                     _RXM0SIDL 0F19  
    __end_of_get_engine_temp 210C        clcd_write@control_bit 0001                ?_can_transmit 0001  
         __end_of_clcd_print 1EA0           __end_of_clcd_write 1E5C                   ?_init_clcd 0001  
          _process_indicator 2256           ?_process_indicator 0001                     __Hrparam 0000  
        ??_process_indicator 0002                     __Lrparam 0000                  _init_config 1DC6  
                   ___xxtofl 2676               ??_can_transmit 0005    __end_of_process_indicator 2326  
                   __ptext10 210C                     __ptext11 282A                     __ptext20 1F7A  
                   __ptext12 2094                     __ptext13 1EA0                     __ptext14 2676  
                   __ptext15 2400                     __ptext16 2BB8                     __ptext17 1E5C  
                   __ptext18 1E22                     __ptext19 1EE6                     _init_adc 1DDC  
                   _init_can 1F2E                     _read_adc 1EA0                     _scan_key 1FCA  
                   isa$xinst 0000                 ?_can_receive 0001             ?_get_engine_temp 0058  
                   get_rpm@i 005E              main@temperature 007C                  ??_init_clcd 0003  
      __end_of_read_switches 2094             ___lldiv@dividend 0001             ___lldiv@quotient 0009  
              _collison_flag 0071         __end_of_can_transmit 1F2E  
